hostname,xname,rack,chassis,slot,board,node_pos,n_jobs,n_projects,first_start,last_end,temporal_span_days,n_unique_dates,total_runtime_h,score
frontier00001,x2000c0s0b0n0,2000,0,0,0,0,2542,32,2024-01-17 03:54:46+00:00,2026-01-01 00:54:55+00:00,714.8751041666667,217,2197.762222222222,0.9426980775592234
frontier02690,x2109c0s0b1n0,2109,0,0,1,0,2511,32,2024-01-17 03:54:46+00:00,2026-01-01 00:54:55+00:00,714.8751041666667,209,2187.4605555555554,0.9327903957650938
frontier04226,x2209c0s0b1n0,2209,0,0,1,0,2496,32,2024-01-17 04:29:09+00:00,2026-01-01 00:54:55+00:00,714.8512268518518,215,2221.1380555555556,0.935669050537748
frontier04229,x2209c0s2b0n0,2209,0,2,0,0,2483,32,2024-01-17 00:14:14+00:00,2026-01-01 00:54:55+00:00,715.0282523148148,215,2225.7408333333333,0.9342811755408109
frontier04482,x2211c0s0b1n0,2211,0,0,1,0,2481,32,2024-01-17 03:54:46+00:00,2026-01-01 00:54:55+00:00,714.8751041666667,207,2169.944722222222,0.9276449693970076
frontier02945,x2111c0s0b0n0,2111,0,0,0,0,2468,32,2024-01-17 03:54:46+00:00,2026-01-01 00:54:55+00:00,714.8751041666667,209,2224.043611111111,0.9276413986895853
frontier02433,x2107c0s0b0n0,2107,0,0,0,0,2468,31,2024-01-17 03:54:46+00:00,2026-01-01 00:54:55+00:00,714.8751041666667,212,2220.873611111111,0.9049851486895854
frontier02195,x2105c1s1b0n0,2105,1,1,0,0,2466,31,2024-01-17 03:54:06+00:00,2026-01-01 00:54:55+00:00,714.8755671296296,210,2119.507222222222,0.9031814244588102
frontier00257,x2002c0s0b0n0,2002,0,0,0,0,2462,32,2024-01-17 03:54:46+00:00,2026-01-01 00:54:55+00:00,714.8751041666667,205,2223.6755555555555,0.9237908136176727
frontier04738,x2301c0s0b1n0,2301,0,0,1,0,2460,32,2024-01-17 04:29:09+00:00,2026-01-01 00:54:55+00:00,714.8512268518518,210,2164.014166666667,0.927432046159421
frontier02178,x2105c0s0b1n0,2105,0,0,1,0,2457,32,2024-01-17 03:54:46+00:00,2026-01-01 04:18:40+00:00,715.0165972222222,210,2207.159166666667,0.9272259472347097
frontier00642,x2005c0s0b1n0,2005,0,0,1,0,2456,32,2024-01-17 03:54:46+00:00,2026-01-01 00:54:55+00:00,714.8751041666667,212,2247.6697222222224,0.9285322088243202
frontier02689,x2109c0s0b0n0,2109,0,0,0,0,2452,33,2024-01-17 03:54:46+00:00,2026-01-01 00:54:55+00:00,714.8751041666667,209,2233.251388888889,0.9507025681792514
frontier02948,x2111c0s1b1n0,2111,0,1,1,0,2450,31,2024-01-17 03:54:06+00:00,2026-01-01 00:54:55+00:00,714.8755671296296,217,2199.45,0.9067097670113589
frontier02066,x2104c1s0b1n0,2104,1,0,1,0,2448,32,2024-01-17 03:54:06+00:00,2026-01-01 02:44:51+00:00,714.9519097222222,210,2118.5155555555557,0.9260703554837257
frontier00386,x2003c0s0b1n0,2003,0,0,1,0,2445,33,2024-01-17 03:54:46+00:00,2026-01-01 00:54:55+00:00,714.8751041666667,208,2218.4975,0.9490690999131881
frontier02822,x2110c0s2b1n0,2110,0,2,1,0,2445,31,2024-01-17 03:54:06+00:00,2026-01-01 04:45:58+00:00,715.0360185185185,207,2136.58,0.8984412541341379
frontier03473,x2203c1s0b0n0,2203,1,0,0,0,2444,31,2024-01-17 04:58:24+00:00,2026-01-01 00:54:55+00:00,714.8309143518519,221,2163.126111111111,0.9090612779887548
frontier02063,x2104c0s7b0n0,2104,0,7,0,0,2443,31,2024-01-17 03:54:06+00:00,2026-01-01 02:44:51+00:00,714.9519097222222,202,2140.7466666666664,0.8942108819067004
frontier02570,x2108c0s4b1n0,2108,0,4,1,0,2442,31,2024-01-17 03:54:06+00:00,2026-01-01 04:18:40+00:00,715.0170601851852,210,2174.7830555555556,0.9004009473625482
frontier02049,x2104c0s0b0n0,2104,0,0,0,0,2442,31,2024-01-17 03:54:46+00:00,2026-01-01 00:54:55+00:00,714.8751041666667,210,2251.691388888889,0.9002656166591066
frontier02946,x2111c0s0b1n0,2111,0,0,1,0,2441,32,2024-01-17 03:54:46+00:00,2026-01-01 00:54:55+00:00,714.8751041666667,214,2204.1580555555556,0.9282685223616229
frontier02563,x2108c0s1b0n0,2108,0,1,0,0,2440,31,2024-01-17 03:54:06+00:00,2026-01-01 00:54:55+00:00,714.8755671296296,209,2209.991388888889,0.899240569411973
frontier04228,x2209c0s1b1n0,2209,0,1,1,0,2440,31,2024-01-17 03:51:58+00:00,2026-01-01 00:54:55+00:00,714.8770486111111,214,2195.286111111111,0.9031482317503374
frontier02693,x2109c0s2b0n0,2109,0,2,0,0,2439,32,2024-01-17 04:29:09+00:00,2026-01-01 04:45:58+00:00,715.0116782407407,205,2133.0041666666666,0.9211231336449347
frontier01922,x2103c0s0b1n0,2103,0,0,1,0,2439,31,2024-01-17 03:54:46+00:00,2026-01-01 00:54:55+00:00,714.8751041666667,203,2136.9313888888887,0.894430433701958
frontier02434,x2107c0s0b1n0,2107,0,0,1,0,2437,31,2024-01-17 03:54:46+00:00,2026-01-01 00:54:55+00:00,714.8751041666667,209,2174.0569444444445,0.898873394682566
frontier00002,x2000c0s0b1n0,2000,0,0,1,0,2437,32,2024-01-17 03:54:46+00:00,2026-01-01 00:54:55+00:00,714.8751041666667,210,2273.5852777777777,0.9246546446825661
frontier02691,x2109c0s1b0n0,2109,0,1,0,0,2435,32,2024-01-17 03:54:06+00:00,2026-01-01 04:18:40+00:00,715.0170601851852,207,2214.2502777777777,0.922201485678026
frontier02050,x2104c0s0b1n0,2104,0,0,1,0,2432,32,2024-01-17 03:54:46+00:00,2026-01-01 04:18:40+00:00,715.0165972222222,213,2226.938888888889,0.9265210577478252
frontier02572,x2108c0s5b1n0,2108,0,5,1,0,2431,31,2024-01-17 03:54:06+00:00,2026-01-01 00:54:55+00:00,714.8755671296296,206,2168.393611111111,0.8957952635290835
frontier02561,x2108c0s0b0n0,2108,0,0,0,0,2431,32,2024-01-17 03:54:46+00:00,2026-01-01 00:54:55+00:00,714.8751041666667,203,2172.922777777778,0.9184510721733445
frontier02441,x2107c0s4b0n0,2107,0,4,0,0,2429,32,2024-01-17 03:54:06+00:00,2026-01-01 02:44:51+00:00,714.9519097222222,209,2163.0,0.9229664493353824
frontier04240,x2209c0s7b1n0,2209,0,7,1,0,2427,31,2024-01-17 04:29:09+00:00,2026-01-01 00:54:55+00:00,714.8512268518518,213,2122.768888888889,0.9007499197288461
frontier02052,x2104c0s1b1n0,2104,0,1,1,0,2427,32,2024-01-17 03:54:06+00:00,2026-01-01 00:54:55+00:00,714.8755671296296,205,2185.633333333333,0.9195231240068191
frontier01549,x2100c0s6b0n0,2100,0,6,0,0,2427,32,2024-01-17 03:54:06+00:00,2026-01-01 00:54:55+00:00,714.8755671296296,209,2167.921388888889,0.9226481240068192
frontier00258,x2002c0s0b1n0,2002,0,0,1,0,2427,32,2024-01-17 03:54:46+00:00,2026-01-01 00:54:55+00:00,714.8751041666667,211,2229.9827777777778,0.9242101826510802
frontier02307,x2106c0s1b0n0,2106,0,1,0,0,2427,32,2024-01-17 03:54:06+00:00,2026-01-01 00:54:55+00:00,714.8755671296296,208,2201.9644444444443,0.9218668740068191
frontier02305,x2106c0s0b0n0,2106,0,0,0,0,2427,32,2024-01-17 03:54:46+00:00,2026-01-01 00:54:55+00:00,714.8751041666667,213,2254.737777777778,0.9257726826510803
frontier00519,x2004c0s3b0n0,2004,0,3,0,0,2424,31,2024-01-17 04:29:09+00:00,2026-01-01 00:54:55+00:00,714.8512268518518,211,2173.3494444444445,0.8988187215766622
frontier04098,x2208c0s0b1n0,2208,0,0,1,0,2424,31,2024-01-17 03:54:46+00:00,2026-01-01 00:54:55+00:00,714.8751041666667,213,2301.463333333333,0.9004039844988962
frontier03074,x2200c0s0b1n0,2200,0,0,1,0,2424,32,2024-01-17 03:54:46+00:00,2026-01-01 00:54:55+00:00,714.8751041666667,216,2246.59,0.9277477344988962
frontier03329,x2202c0s0b0n0,2202,0,0,0,0,2424,31,2024-01-17 03:54:46+00:00,2026-01-01 00:54:55+00:00,714.8751041666667,208,2195.5227777777777,0.8964977344988962
frontier03970,x2207c0s0b1n0,2207,0,0,1,0,2423,32,2024-01-17 03:54:46+00:00,2026-01-01 00:54:55+00:00,714.8751041666667,213,2216.880277777778,0.9252809837475389
frontier02177,x2105c0s0b0n0,2105,0,0,0,0,2421,31,2024-01-17 03:54:46+00:00,2026-01-01 00:54:55+00:00,714.8751041666667,207,2230.5675,0.8953473299428587
frontier01921,x2103c0s0b0n0,2103,0,0,0,0,2421,33,2024-01-17 03:54:46+00:00,2026-01-01 00:54:55+00:00,714.8751041666667,210,2252.972222222222,0.9476910799428587
frontier02565,x2108c0s2b0n0,2108,0,2,0,0,2420,32,2024-01-17 04:29:09+00:00,2026-01-01 04:18:40+00:00,714.9927199074074,206,2135.7791666666667,0.9195550532311494
frontier01811,x2102c1s1b0n0,2102,1,1,0,0,2420,31,2024-01-17 03:54:06+00:00,2026-01-01 00:54:55+00:00,714.8755671296296,211,2106.5619444444446,0.8983496181614196
frontier01281,x2010c0s0b0n0,2010,0,0,0,0,2419,31,2024-01-17 03:54:46+00:00,2026-01-01 00:54:55+00:00,714.8751041666667,203,2182.9569444444446,0.8919759727892875
frontier02315,x2106c0s5b0n0,2106,0,5,0,0,2418,32,2024-01-17 03:51:58+00:00,2026-01-01 02:44:51+00:00,714.9533912037037,203,2154.6477777777777,0.9169273511070702
frontier02323,x2106c1s1b0n0,2106,1,1,0,0,2417,31,2024-01-17 03:54:06+00:00,2026-01-01 00:54:55+00:00,714.8755671296296,219,2177.992777777778,0.9042298533063113
frontier02707,x2109c1s1b0n0,2109,1,1,0,0,2415,32,2024-01-17 03:54:06+00:00,2026-01-01 00:54:55+00:00,714.8755671296296,211,2122.2108333333335,0.9227330884453648
frontier04110,x2208c0s6b1n0,2208,0,6,1,0,2415,32,2024-01-17 03:54:06+00:00,2026-01-01 00:54:55+00:00,714.8755671296296,208,2171.3025,0.9203893384453649
frontier05762,x2310c0s0b1n0,2310,0,0,1,0,2415,31,2024-01-17 03:54:46+00:00,2026-01-01 00:54:55+00:00,714.8751041666667,211,2176.056666666667,0.897732647089626
frontier03972,x2207c0s1b1n0,2207,0,1,1,0,2414,31,2024-01-17 03:51:58+00:00,2026-01-01 00:54:55+00:00,714.8770486111111,211,2198.472222222222,0.89761104173935
frontier05761,x2310c0s0b0n0,2310,0,0,0,0,2414,32,2024-01-17 03:54:46+00:00,2026-01-01 00:54:55+00:00,714.8751041666667,209,2218.891111111111,0.9210466880452468
frontier01170,x2009c1s0b1n0,2009,1,0,1,0,2413,31,2024-01-17 03:54:06+00:00,2026-01-01 00:54:55+00:00,714.8755671296296,213,2125.3994444444443,0.8990486192242615
frontier02451,x2107c1s1b0n0,2107,1,1,0,0,2413,31,2024-01-17 03:51:58+00:00,2026-01-01 00:54:55+00:00,714.8770486111111,209,2121.277222222222,0.8959250315626259
frontier00641,x2005c0s0b0n0,2005,0,0,0,0,2413,33,2024-01-17 03:54:46+00:00,2026-01-01 00:54:55+00:00,714.8751041666667,213,2242.8555555555554,0.9490481778685227
frontier01674,x2101c0s4b1n0,2101,0,4,1,0,2413,31,2024-01-17 03:54:06+00:00,2026-01-01 00:54:55+00:00,714.8755671296296,207,2130.742777777778,0.8943611192242615
frontier04484,x2211c0s1b1n0,2211,0,1,1,0,2412,31,2024-01-17 03:51:58+00:00,2026-01-01 00:54:55+00:00,714.8770486111111,212,2226.762222222222,0.8981452202111841
frontier04737,x2301c0s0b0n0,2301,0,0,0,0,2411,32,2024-01-17 03:54:46+00:00,2026-01-01 00:54:55+00:00,714.8751041666667,213,2234.0169444444446,0.9238010039484971
frontier02067,x2104c1s1b0n0,2104,1,1,0,0,2410,32,2024-01-17 03:54:06+00:00,2026-01-01 04:45:58+00:00,715.0360185185185,205,2098.7533333333336,0.9175807443412438
frontier00786,x2006c1s0b1n0,2006,1,0,1,0,2409,32,2024-01-17 03:54:06+00:00,2026-01-01 00:54:55+00:00,714.8755671296296,211,2155.0197222222223,0.9219915663456804
frontier01793,x2102c0s0b0n0,2102,0,0,0,0,2408,32,2024-01-17 03:54:46+00:00,2026-01-01 00:54:55+00:00,714.8751041666667,211,2245.8141666666666,0.921867358514856
frontier03982,x2207c0s6b1n0,2207,0,6,1,0,2408,31,2024-01-17 03:54:06+00:00,2026-01-01 00:54:55+00:00,714.8755671296296,213,2166.688611111111,0.8984302998705949
frontier01665,x2101c0s0b0n0,2101,0,0,0,0,2407,32,2024-01-17 03:54:46+00:00,2026-01-01 00:54:55+00:00,714.8751041666667,206,2208.6055555555554,0.9178372906524013
frontier03856,x2206c0s7b1n0,2206,0,7,1,0,2407,32,2024-01-17 04:29:09+00:00,2026-01-01 00:54:55+00:00,714.8512268518518,215,2164.738611111111,0.9248457777301672
frontier06274,x2402c0s0b1n0,2402,0,0,1,0,2406,31,2024-01-17 04:29:09+00:00,2026-01-01 00:54:55+00:00,714.8512268518518,215,2250.4725,0.8997219084376539
frontier03075,x2200c0s1b0n0,2200,0,1,0,0,2406,30,2024-01-17 03:54:06+00:00,2026-01-01 00:54:55+00:00,714.8755671296296,216,2254.0394444444446,0.8755263627156268
frontier01422,x2011c0s6b1n0,2011,0,6,1,0,2405,31,2024-01-17 03:54:06+00:00,2026-01-01 00:54:55+00:00,714.8755671296296,214,2202.0375,0.8988399419503121
frontier02817,x2110c0s0b0n0,2110,0,0,0,0,2405,31,2024-01-17 03:54:46+00:00,2026-01-01 04:18:40+00:00,715.0165972222222,212,2234.656388888889,0.897411889942276
frontier02322,x2106c1s0b1n0,2106,1,0,1,0,2404,32,2024-01-17 03:54:06+00:00,2026-01-01 00:54:55+00:00,714.8755671296296,211,2105.7116666666666,0.9213722196694007
frontier02702,x2109c0s6b1n0,2109,0,6,1,0,2404,31,2024-01-17 03:54:06+00:00,2026-01-01 00:54:55+00:00,714.8755671296296,212,2171.933611111111,0.8971534696694008
frontier01923,x2103c0s1b0n0,2103,0,1,0,0,2403,31,2024-01-17 03:54:06+00:00,2026-01-01 00:54:55+00:00,714.8755671296296,207,2221.2927777777777,0.8931231958300427
frontier02444,x2107c0s5b1n0,2107,0,5,1,0,2402,31,2024-01-26 06:53:59+00:00,2026-01-01 00:54:55+00:00,705.7506481481481,206,2128.7,0.883518826012781
frontier02309,x2106c0s2b0n0,2106,0,2,0,0,2402,32,2024-01-17 04:29:09+00:00,2026-01-01 00:54:55+00:00,714.8512268518518,208,2189.4952777777776,0.9187571661113624
frontier02051,x2104c0s1b0n0,2104,0,1,0,0,2401,32,2024-01-17 03:54:06+00:00,2026-01-01 04:18:40+00:00,715.0170601851852,210,2253.2966666666666,0.9203536326520252
frontier01681,x2101c1s0b0n0,2101,1,0,0,0,2400,32,2024-01-17 04:47:13+00:00,2026-01-01 00:54:55+00:00,714.8386805555556,211,2148.083888888889,0.9208406495134964
frontier01801,x2102c0s4b0n0,2102,0,4,0,0,2400,32,2024-01-17 03:54:06+00:00,2026-01-01 00:54:55+00:00,714.8755671296296,209,2131.2494444444446,0.9193133145319936
frontier05890,x2311c0s0b1n0,2311,0,0,1,0,2399,32,2024-01-17 04:29:09+00:00,2026-01-01 00:54:55+00:00,714.8512268518518,218,2223.863611111111,0.9261971297513127
frontier04113,x2208c1s0b0n0,2208,1,0,0,0,2399,31,2024-01-17 03:54:06+00:00,2026-01-01 00:54:55+00:00,714.8755671296296,213,2183.1466666666665,0.8973140840292857
frontier02058,x2104c0s4b1n0,2104,0,4,1,0,2398,32,2024-01-17 03:54:06+00:00,2026-01-01 00:54:55+00:00,714.8755671296296,211,2174.123611111111,0.9206273017530805
frontier04609,x2300c0s0b0n0,2300,0,0,0,0,2398,33,2024-01-17 04:29:09+00:00,2026-01-01 00:54:55+00:00,714.8512268518518,211,2246.045833333333,0.9456040974751075
frontier04107,x2208c0s5b0n0,2208,0,5,0,0,2398,31,2024-01-17 04:29:09+00:00,2026-01-01 00:54:55+00:00,714.8512268518518,208,2203.202222222222,0.8932603474751075
frontier03596,x2204c0s5b1n0,2204,0,5,1,0,2398,31,2024-01-17 03:54:06+00:00,2026-01-01 00:54:55+00:00,714.8755671296296,214,2221.8044444444445,0.8979710517530806
frontier04097,x2208c0s0b0n0,2208,0,0,0,0,2397,33,2024-01-17 03:54:46+00:00,2026-01-01 00:54:55+00:00,714.8751041666667,213,2218.2336111111113,0.9470650263044678
frontier03713,x2205c0s0b0n0,2205,0,0,0,0,2397,31,2024-01-17 03:54:46+00:00,2026-01-01 00:54:55+00:00,714.8751041666667,212,2222.6583333333333,0.8962837763044678
frontier02703,x2109c0s7b0n0,2109,0,7,0,0,2397,31,2024-01-17 03:54:06+00:00,2026-01-01 00:54:55+00:00,714.8755671296296,210,2151.6208333333334,0.8947217176602066
frontier02704,x2109c0s7b1n0,2109,0,7,1,0,2396,30,2024-01-17 04:47:13+00:00,2026-01-01 00:54:55+00:00,714.8386805555556,209,2137.3555555555554,0.8687809166889413
frontier03714,x2205c0s0b1n0,2205,0,0,1,0,2396,32,2024-01-17 03:54:46+00:00,2026-01-01 00:54:55+00:00,714.8751041666667,213,2208.6044444444447,0.9219406403516995
frontier03215,x2201c0s7b0n0,2201,0,7,0,0,2396,32,2024-01-17 03:54:06+00:00,2026-01-01 00:54:55+00:00,714.8755671296296,213,2133.5030555555554,0.9219410817074385
frontier02963,x2111c1s1b0n0,2111,1,1,0,0,2395,30,2024-01-17 03:54:06+00:00,2026-01-01 00:54:55+00:00,714.8755671296296,210,2111.7502777777777,0.8694728938514964
frontier06662,x2405c0s2b1n0,2405,0,2,1,0,2395,31,2024-01-17 04:29:09+00:00,2026-01-01 00:54:55+00:00,714.8512268518518,216,2224.2444444444445,0.8991371895735233
frontier01673,x2101c0s4b0n0,2101,0,4,0,0,2395,32,2024-01-17 03:54:06+00:00,2026-01-01 04:45:58+00:00,715.0360185185185,206,2189.8694444444445,0.9165008567167072
frontier03352,x2202c1s3b1n0,2202,1,3,1,0,2394,32,2024-01-17 03:54:06+00:00,2026-01-01 00:54:55+00:00,714.8755671296296,215,2189.070277777778,0.9232546540490463
frontier03205,x2201c0s2b0n0,2201,0,2,0,0,2394,32,2024-01-17 03:54:06+00:00,2025-12-30 20:08:59+00:00,713.6770023148148,208,2145.128888888889,0.9166432781765963
frontier03602,x2204c1s0b1n0,2204,1,0,1,0,2394,31,2024-01-17 04:58:24+00:00,2026-01-01 00:54:55+00:00,714.8309143518519,213,2154.8091666666664,0.896649585288029
frontier02446,x2107c0s6b1n0,2107,0,6,1,0,2393,31,2024-01-17 03:54:06+00:00,2026-01-01 00:54:55+00:00,714.8755671296296,207,2139.308611111111,0.8918801122567004
frontier03724,x2205c0s5b1n0,2205,0,5,1,0,2393,31,2024-01-17 03:54:06+00:00,2026-01-01 00:54:55+00:00,714.8755671296296,213,2158.8766666666666,0.8965676122567003
frontier03218,x2201c1s0b1n0,2201,1,0,1,0,2393,31,2024-01-17 04:47:13+00:00,2026-01-01 00:54:55+00:00,714.8386805555556,210,2101.0847222222224,0.8941886972382032
frontier04354,x2210c0s0b1n0,2210,0,0,1,0,2393,31,2024-01-17 03:54:46+00:00,2026-01-01 00:54:55+00:00,714.8751041666667,209,2204.0363888888887,0.8934421709009615
frontier03977,x2207c0s4b0n0,2207,0,4,0,0,2393,31,2024-01-17 04:29:09+00:00,2026-01-01 00:54:55+00:00,714.8512268518518,204,2125.545,0.8895131579787274
frontier04866,x2302c0s0b1n0,2302,0,0,1,0,2393,32,2024-01-17 03:54:46+00:00,2026-01-01 00:54:55+00:00,714.8751041666667,212,2199.768611111111,0.9207859209009616
frontier02818,x2110c0s0b1n0,2110,0,0,1,0,2393,31,2024-01-17 03:54:46+00:00,2026-01-01 04:18:40+00:00,715.0165972222222,212,2196.0469444444443,0.8959208102486642
frontier03980,x2207c0s5b1n0,2207,0,5,1,0,2392,32,2024-01-17 03:54:06+00:00,2026-01-01 00:54:55+00:00,714.8755671296296,212,2175.9244444444444,0.9206617684310158
frontier06283,x2402c0s5b0n0,2402,0,5,0,0,2392,31,2024-01-17 04:10:12+00:00,2026-01-01 00:54:55+00:00,714.864386574074,213,2188.454166666667,0.8964323596899211
frontier03459,x2203c0s1b0n0,2203,0,1,0,0,2392,33,2024-01-17 03:54:06+00:00,2026-01-01 00:54:55+00:00,714.8755671296296,216,2227.5577777777776,0.9487867684310157
frontier01538,x2100c0s0b1n0,2100,0,0,1,0,2391,32,2024-01-17 03:54:46+00:00,2026-01-01 00:54:55+00:00,714.8751041666667,207,2238.18,0.9166304311727567
frontier04366,x2210c0s6b1n0,2210,0,6,1,0,2391,32,2024-01-17 03:54:06+00:00,2026-01-01 00:54:55+00:00,714.8755671296296,211,2159.4619444444443,0.9197558725284956
frontier02308,x2106c0s1b1n0,2106,0,1,1,0,2391,32,2024-01-17 03:54:06+00:00,2026-01-01 00:54:55+00:00,714.8755671296296,210,2173.5175,0.9189746225284956
frontier06530,x2404c0s0b1n0,2404,0,0,1,0,2390,33,2024-01-17 04:14:23+00:00,2026-01-01 00:54:55+00:00,714.8614814814815,208,2190.8366666666666,0.9422739962572317
frontier01802,x2102c0s4b1n0,2102,0,4,1,0,2390,31,2024-01-17 03:54:06+00:00,2026-01-01 04:18:40+00:00,715.0170601851852,208,2158.7391666666667,0.8924223138532905
frontier03981,x2207c0s6b0n0,2207,0,6,0,0,2390,32,2024-01-17 03:54:06+00:00,2026-01-01 00:54:55+00:00,714.8755671296296,212,2182.6455555555553,0.9204124245055879
frontier02969,x2111c1s4b0n0,2111,1,4,0,0,2390,32,2024-01-17 03:54:06+00:00,2026-01-01 00:54:55+00:00,714.8755671296296,214,2176.614722222222,0.9219749245055879
frontier06534,x2404c0s2b1n0,2404,0,2,1,0,2389,32,2024-01-17 03:54:06+00:00,2026-01-01 00:54:55+00:00,714.8755671296296,215,2162.8180555555555,0.9226314243186868
frontier01154,x2009c0s0b1n0,2009,0,0,1,0,2389,32,2024-01-17 03:54:46+00:00,2026-01-01 00:54:55+00:00,714.8751041666667,208,2219.992777777778,0.917162232962948
frontier02316,x2106c0s5b1n0,2106,0,5,1,0,2389,32,2024-01-17 03:54:06+00:00,2026-01-01 00:54:55+00:00,714.8755671296296,206,2161.055277777778,0.9156001743186868
frontier06018,x2400c0s0b1n0,2400,0,0,1,0,2389,31,2024-01-17 03:54:46+00:00,2026-01-01 00:54:55+00:00,714.8751041666667,213,2254.3033333333333,0.8960684829629479
frontier06413,x2403c0s6b0n0,2403,0,6,0,0,2389,31,2024-01-17 04:29:09+00:00,2026-01-01 00:54:55+00:00,714.8512268518518,213,2210.081388888889,0.8960457200407139
frontier02321,x2106c1s0b0n0,2106,1,0,0,0,2389,32,2024-01-17 04:58:24+00:00,2026-01-01 00:54:55+00:00,714.8309143518519,211,2104.18,0.9194638555576695
frontier01550,x2100c0s6b1n0,2100,0,6,1,0,2389,32,2024-01-17 03:54:06+00:00,2026-01-01 00:54:55+00:00,714.8755671296296,213,2140.91,0.9210689243186868
frontier06401,x2403c0s0b0n0,2403,0,0,0,0,2388,31,2024-01-17 03:54:46+00:00,2026-01-01 00:54:55+00:00,714.8751041666667,216,2241.286111111111,0.8982874305683926
frontier02956,x2111c0s5b1n0,2111,0,5,1,0,2388,31,2024-01-17 03:54:06+00:00,2026-01-01 00:54:55+00:00,714.8755671296296,207,2159.123611111111,0.8912566219241316
frontier02199,x2105c1s3b0n0,2105,1,3,0,0,2388,31,2024-01-17 03:54:06+00:00,2026-01-01 04:45:58+00:00,715.0360185185185,214,2168.5355555555557,0.8968783347893423
frontier01677,x2101c0s6b0n0,2101,0,6,0,0,2387,32,2024-01-17 03:54:06+00:00,2026-01-01 00:54:55+00:00,714.8755671296296,214,2146.5516666666667,0.9216005172782056
frontier03993,x2207c1s4b0n0,2207,1,4,0,0,2387,32,2024-01-17 03:54:06+00:00,2026-01-01 00:54:55+00:00,714.8755671296296,214,2184.409166666667,0.9216005172782056
frontier01287,x2010c0s3b0n0,2010,0,3,0,0,2387,32,2024-01-17 03:54:06+00:00,2026-01-01 00:54:55+00:00,714.8755671296296,206,2209.3725,0.9153505172782055
frontier01804,x2102c0s5b1n0,2102,0,5,1,0,2387,31,2024-01-17 03:54:06+00:00,2026-01-01 04:18:40+00:00,715.0170601851852,211,2150.3005555555555,0.8943916566259081
frontier02060,x2104c0s5b1n0,2104,0,5,1,0,2386,31,2024-01-17 03:54:06+00:00,2026-01-01 00:54:55+00:00,714.8755671296296,205,2112.603888888889,0.8894443603371384
frontier05378,x2307c0s0b1n0,2307,0,0,1,0,2386,32,2024-01-17 04:29:09+00:00,2026-01-01 00:54:55+00:00,714.8512268518518,213,2190.628888888889,0.9206711560591653
frontier01800,x2102c0s3b1n0,2102,0,3,1,0,2386,31,2024-01-17 03:54:06+00:00,2026-01-01 00:54:55+00:00,714.8755671296296,206,2130.4680555555556,0.8902256103371383
frontier03332,x2202c0s1b1n0,2202,0,1,1,0,2386,31,2024-01-17 03:54:06+00:00,2026-01-01 00:54:55+00:00,714.8755671296296,213,2200.866111111111,0.8956943603371383
frontier01025,x2008c0s0b0n0,2008,0,0,0,0,2386,31,2024-01-17 03:54:46+00:00,2026-01-01 00:54:55+00:00,714.8751041666667,211,2208.3533333333335,0.8941314189813994
frontier02579,x2108c1s1b0n0,2108,1,1,0,0,2385,32,2024-01-17 03:54:06+00:00,2026-01-01 00:54:55+00:00,714.8755671296296,206,2092.469722222222,0.915100651057104
frontier03588,x2204c0s1b1n0,2204,0,1,1,0,2385,31,2024-01-17 03:51:58+00:00,2026-01-01 00:54:55+00:00,714.8770486111111,214,2208.2394444444444,0.8963520633954685
frontier01797,x2102c0s2b0n0,2102,0,2,0,0,2385,32,2024-01-17 04:29:09+00:00,2026-01-01 04:03:14+00:00,714.9820023148148,208,2156.4555555555557,0.9167646187414781
frontier04100,x2208c0s1b1n0,2208,0,1,1,0,2384,31,2024-01-17 03:51:58+00:00,2026-01-01 00:54:55+00:00,714.8770486111111,206,2171.41,0.8899770517325866
frontier05377,x2307c0s0b0n0,2307,0,0,0,0,2384,31,2024-01-17 04:29:09+00:00,2026-01-01 00:54:55+00:00,714.8512268518518,216,2200.9994444444446,0.897764935116249
frontier01675,x2101c0s5b0n0,2101,0,5,0,0,2383,32,2024-01-17 03:51:58+00:00,2026-01-01 00:54:55+00:00,714.8770486111111,211,2223.6830555555557,0.9187582376429204
frontier00517,x2004c0s2b0n0,2004,0,2,0,0,2383,31,2024-01-17 03:54:06+00:00,2026-01-01 00:54:55+00:00,714.8755671296296,206,2261.5472222222224,0.8898505753045559
frontier02181,x2105c0s2b0n0,2105,0,2,0,0,2383,32,2024-01-17 04:29:09+00:00,2026-01-01 00:54:55+00:00,714.8512268518518,208,2121.645,0.916389871026583
frontier02068,x2104c1s1b1n0,2104,1,1,1,0,2382,30,2024-01-17 03:54:06+00:00,2026-01-01 00:54:55+00:00,714.8755671296296,213,2137.0794444444446,0.870194208744114
frontier03089,x2200c1s0b0n0,2200,1,0,0,0,2382,31,2024-01-17 04:58:24+00:00,2026-01-01 00:54:55+00:00,714.8309143518519,209,2110.936111111111,0.8920266399830967
frontier02189,x2105c0s6b0n0,2105,0,6,0,0,2382,32,2024-01-17 03:54:06+00:00,2026-01-01 02:44:51+00:00,714.9519097222222,210,2163.191388888889,0.9179232383054594
frontier02053,x2104c0s2b0n0,2104,0,2,0,0,2381,32,2024-01-17 04:29:09+00:00,2026-01-01 00:54:55+00:00,714.8512268518518,207,2190.7383333333332,0.9153583353908773
frontier02310,x2106c0s2b1n0,2106,0,2,1,0,2381,31,2024-01-17 04:47:13+00:00,2026-01-01 00:54:55+00:00,714.8386805555556,204,2186.2663888888887,0.888002624650353
frontier03727,x2205c0s7b0n0,2205,0,7,0,0,2381,32,2024-01-17 03:54:06+00:00,2026-01-01 00:54:55+00:00,714.8755671296296,210,2180.531388888889,0.9177252896688504
frontier02562,x2108c0s0b1n0,2108,0,0,1,0,2381,32,2024-01-17 03:54:46+00:00,2026-01-01 00:54:55+00:00,714.8751041666667,215,2237.220277777778,0.9216310983131114
frontier04120,x2208c1s3b1n0,2208,1,3,1,0,2381,32,2024-01-17 04:47:13+00:00,2026-01-01 00:54:55+00:00,714.8386805555556,215,2209.6408333333334,0.921596374650353
frontier02192,x2105c0s7b1n0,2105,0,7,1,0,2381,31,2024-01-17 03:54:06+00:00,2026-01-01 02:44:51+00:00,714.9519097222222,216,2169.2030555555557,0.8974855692301956
frontier03478,x2203c1s2b1n0,2203,1,2,1,0,2380,32,2024-01-17 03:54:06+00:00,2026-01-01 00:54:55+00:00,714.8755671296296,221,2175.5575,0.9261938180346617
frontier00268,x2002c0s5b1n0,2002,0,5,1,0,2380,32,2024-01-17 04:10:12+00:00,2026-01-01 00:54:55+00:00,714.864386574074,218,2222.936388888889,0.9238394092935671
frontier02950,x2111c0s2b1n0,2111,0,2,1,0,2380,30,2024-01-17 03:54:06+00:00,2026-01-01 00:54:55+00:00,714.8755671296296,210,2151.0002777777777,0.8676000680346617
frontier02825,x2110c0s4b0n0,2110,0,4,0,0,2380,31,2024-01-17 03:54:06+00:00,2026-01-01 00:54:55+00:00,714.8755671296296,201,2117.551111111111,0.8855688180346617
frontier03207,x2201c0s3b0n0,2201,0,3,0,0,2380,32,2024-01-17 04:29:09+00:00,2026-01-01 00:54:55+00:00,714.8512268518518,207,2180.746111111111,0.9152331137566888
frontier05527,x2308c1s3b0n0,2308,1,3,0,0,2380,32,2024-01-17 03:54:06+00:00,2026-01-01 00:54:55+00:00,714.8755671296296,218,2211.799722222222,0.9238500680346617
frontier00130,x2001c0s0b1n0,2001,0,0,1,0,2379,31,2024-01-17 03:54:46+00:00,2026-01-01 00:54:55+00:00,714.8751041666667,213,2228.2305555555554,0.8948181024416518
frontier03725,x2205c0s6b0n0,2205,0,6,0,0,2379,32,2024-01-17 03:54:06+00:00,2026-01-01 00:54:55+00:00,714.8755671296296,215,2273.8133333333335,0.9213810437973908
frontier01554,x2100c1s0b1n0,2100,1,0,1,0,2379,31,2024-01-17 03:54:06+00:00,2026-01-01 00:54:55+00:00,714.8755671296296,209,2149.6105555555555,0.8916935437973907
frontier01933,x2103c0s6b0n0,2103,0,6,0,0,2379,32,2024-01-17 03:54:06+00:00,2026-01-01 00:54:55+00:00,714.8755671296296,209,2182.926111111111,0.9166935437973909
frontier04612,x2300c0s1b1n0,2300,0,1,1,0,2378,31,2024-01-17 03:51:58+00:00,2026-01-01 00:54:55+00:00,714.8770486111111,216,2248.112777777778,0.8970383792511882
frontier05889,x2311c0s0b0n0,2311,0,0,0,0,2378,31,2024-01-17 04:29:09+00:00,2026-01-01 00:54:55+00:00,714.8512268518518,216,2271.599722222222,0.8970137626348508
frontier02437,x2107c0s2b0n0,2107,0,2,0,0,2378,32,2024-01-17 04:29:09+00:00,2026-01-01 00:54:55+00:00,714.8512268518518,205,2147.9225,0.9134200126348508
frontier00010,x2000c0s4b1n0,2000,0,4,1,0,2377,31,2024-01-17 03:54:06+00:00,2026-01-01 00:54:55+00:00,714.8755671296296,208,2210.9491666666668,0.8906615873366914
frontier03073,x2200c0s0b0n0,2200,0,0,0,0,2377,30,2024-01-17 03:54:46+00:00,2026-01-01 00:54:55+00:00,714.8751041666667,213,2186.7502777777777,0.8695673959809525
frontier04225,x2209c0s0b0n0,2209,0,0,0,0,2377,32,2024-01-17 04:29:09+00:00,2026-01-01 00:54:55+00:00,714.8512268518518,211,2219.0758333333333,0.9179821330587183
frontier05650,x2309c1s0b1n0,2309,1,0,1,0,2376,32,2024-01-17 03:54:06+00:00,2026-01-01 00:54:55+00:00,714.8755671296296,223,2201.4016666666666,0.9272549050246685
frontier01172,x2009c1s1b1n0,2009,1,1,1,0,2376,31,2024-01-17 03:54:06+00:00,2026-01-01 00:54:55+00:00,714.8755671296296,217,2138.173888888889,0.8975674050246685
frontier02700,x2109c0s5b1n0,2109,0,5,1,0,2376,30,2024-01-17 03:54:06+00:00,2026-01-01 00:54:55+00:00,714.8755671296296,211,2149.1583333333333,0.8678799050246684
frontier03841,x2206c0s0b0n0,2206,0,0,0,0,2376,32,2024-01-17 03:54:46+00:00,2026-01-01 00:54:55+00:00,714.8751041666667,202,2122.895,0.9108482136689297
frontier01809,x2102c1s0b0n0,2102,1,0,0,0,2376,32,2024-01-17 03:54:06+00:00,2026-01-01 04:45:26+00:00,715.0356481481482,213,2164.2986111111113,0.9195950148052882
frontier03466,x2203c0s4b1n0,2203,0,4,1,0,2376,31,2024-01-17 03:54:06+00:00,2026-01-01 00:54:55+00:00,714.8755671296296,208,2122.7266666666665,0.8905361550246684
frontier05122,x2304c0s0b1n0,2304,0,0,1,0,2376,32,2024-01-17 04:29:09+00:00,2026-01-01 00:54:55+00:00,714.8512268518518,214,2223.6613888888887,0.9202004507466954
frontier04481,x2211c0s0b0n0,2211,0,0,0,0,2376,32,2024-01-17 04:29:09+00:00,2026-01-01 00:54:55+00:00,714.8512268518518,206,2167.015,0.9139504507466955
frontier01924,x2103c0s1b1n0,2103,0,1,1,0,2376,31,2024-01-17 03:54:06+00:00,2026-01-01 04:18:40+00:00,715.0170601851852,213,2276.1091666666666,0.8945772943723711
frontier01286,x2010c0s2b1n0,2010,0,2,1,0,2375,32,2024-01-17 04:29:09+00:00,2026-01-01 00:54:55+00:00,714.8512268518518,208,2223.663611111111,0.9153874656544009
frontier04102,x2208c0s2b1n0,2208,0,2,1,0,2375,32,2024-01-17 03:54:06+00:00,2026-01-01 00:54:55+00:00,714.8755671296296,215,2233.851388888889,0.9208794199323739
frontier02705,x2109c1s0b0n0,2109,1,0,0,0,2375,31,2024-01-17 04:58:24+00:00,2026-01-01 00:54:55+00:00,714.8309143518519,209,2105.755833333333,0.8911493511713564
frontier02059,x2104c0s5b0n0,2104,0,5,0,0,2375,31,2024-01-17 03:51:58+00:00,2026-01-01 00:54:55+00:00,714.8770486111111,209,2195.967222222222,0.8911933322707384
frontier04238,x2209c0s6b1n0,2209,0,6,1,0,2375,32,2024-01-17 03:54:06+00:00,2026-01-01 00:54:55+00:00,714.8755671296296,209,2186.077222222222,0.9161919199323738
frontier02438,x2107c0s2b1n0,2107,0,2,1,0,2374,32,2024-01-17 04:47:13+00:00,2026-01-01 00:54:55+00:00,714.8386805555556,207,2152.8411111111113,0.9144687169968729
frontier01679,x2101c0s7b0n0,2101,0,7,0,0,2374,31,2024-01-17 03:54:06+00:00,2026-01-01 00:54:55+00:00,714.8755671296296,209,2153.33,0.8910663820153701
frontier02200,x2105c1s3b1n0,2105,1,3,1,0,2374,30,2024-01-17 03:54:06+00:00,2026-01-01 00:54:55+00:00,714.8755671296296,216,2200.1105555555555,0.8715351320153701
frontier05250,x2306c0s0b1n0,2306,0,0,1,0,2374,32,2024-01-17 04:29:09+00:00,2026-01-01 00:54:55+00:00,714.8512268518518,210,2218.9933333333333,0.9168244277373971
frontier03979,x2207c0s5b0n0,2207,0,5,0,0,2373,31,2024-01-17 03:54:06+00:00,2026-01-01 00:54:55+00:00,714.8755671296296,213,2216.2302777777777,0.8940657912291643
frontier02317,x2106c0s6b0n0,2106,0,6,0,0,2373,31,2024-01-17 03:54:06+00:00,2026-01-01 00:54:55+00:00,714.8755671296296,210,2134.0969444444445,0.8917220412291643
frontier02458,x2107c1s4b1n0,2107,1,4,1,0,2373,31,2024-01-17 03:54:06+00:00,2026-01-01 00:54:55+00:00,714.8755671296296,216,2182.717222222222,0.8964095412291643
frontier01666,x2101c0s0b1n0,2101,0,0,1,0,2373,31,2024-01-17 03:54:46+00:00,2026-01-01 04:18:40+00:00,715.0165972222222,206,2245.346666666667,0.8887314892211281
frontier03857,x2206c1s0b0n0,2206,1,0,0,0,2373,31,2024-01-17 03:54:06+00:00,2026-01-01 00:54:55+00:00,714.8755671296296,213,2140.1202777777776,0.8940657912291643
frontier00016,x2000c0s7b1n0,2000,0,7,1,0,2372,32,2024-01-17 03:54:06+00:00,2026-01-01 00:54:55+00:00,714.8755671296296,218,2215.6225,0.9228463975292066
frontier04111,x2208c0s7b0n0,2208,0,7,0,0,2372,31,2024-01-17 03:54:06+00:00,2026-01-01 00:54:55+00:00,714.8755671296296,214,2180.63,0.8947213975292065
frontier01041,x2008c1s0b0n0,2008,1,0,0,0,2372,32,2024-01-17 03:54:06+00:00,2026-01-01 00:54:55+00:00,714.8755671296296,212,2181.6369444444445,0.9181588975292067
frontier02445,x2107c0s6b0n0,2107,0,6,0,0,2372,31,2024-01-17 03:51:58+00:00,2026-01-01 00:54:55+00:00,714.8770486111111,205,2078.447222222222,0.8876915598675711
frontier02578,x2108c1s0b1n0,2108,1,0,1,0,2372,31,2024-01-17 04:58:24+00:00,2026-01-01 00:54:55+00:00,714.8309143518519,214,2166.5169444444446,0.8946788287681893
frontier00914,x2007c1s0b1n0,2007,1,0,1,0,2372,32,2024-01-17 04:47:13+00:00,2026-01-01 00:54:55+00:00,714.8386805555556,209,2133.766111111111,0.9157799825107094
frontier03589,x2204c0s2b0n0,2204,0,2,0,0,2371,31,2024-01-17 03:54:06+00:00,2026-01-01 00:54:55+00:00,714.8755671296296,214,2214.342777777778,0.8945957008708911
frontier03585,x2204c0s0b0n0,2204,0,0,0,0,2371,31,2024-01-17 03:54:46+00:00,2026-01-01 00:54:55+00:00,714.8751041666667,210,2217.063888888889,0.8914702595151522
frontier00915,x2007c1s1b0n0,2007,1,1,0,0,2371,30,2024-01-17 03:54:06+00:00,2026-01-01 00:54:55+00:00,714.8755671296296,215,2181.8611111111113,0.8703769508708912
frontier00005,x2000c0s2b0n0,2000,0,2,0,0,2371,32,2024-01-17 03:54:06+00:00,2026-01-01 00:54:55+00:00,714.8755671296296,208,2206.525833333333,0.9149082008708912
frontier03088,x2200c0s7b1n0,2200,0,7,1,0,2370,31,2024-01-17 04:47:13+00:00,2026-01-01 00:54:55+00:00,714.8386805555556,211,2106.9036111111113,0.8920910361910587
frontier00389,x2003c0s2b0n0,2003,0,2,0,0,2370,31,2024-01-17 03:54:06+00:00,2026-01-01 00:54:55+00:00,714.8755671296296,208,2200.8955555555553,0.8897824512095559
frontier02453,x2107c1s2b0n0,2107,1,2,0,0,2370,31,2024-01-17 03:54:06+00:00,2026-01-01 00:54:55+00:00,714.8755671296296,214,2135.7047222222222,0.894469951209556
frontier06022,x2400c0s2b1n0,2400,0,2,1,0,2370,31,2024-01-17 03:54:06+00:00,2026-01-01 00:54:55+00:00,714.8755671296296,212,2157.863888888889,0.892907451209556
frontier02314,x2106c0s4b1n0,2106,0,4,1,0,2370,31,2024-01-17 03:54:06+00:00,2026-01-01 04:18:40+00:00,715.0170601851852,202,2159.779722222222,0.8852298405572586
frontier02439,x2107c0s3b0n0,2107,0,3,0,0,2369,31,2024-01-17 03:54:06+00:00,2026-01-01 04:18:40+00:00,715.0170601851852,211,2221.4083333333333,0.892135287848184
frontier02713,x2109c1s4b0n0,2109,1,4,0,0,2369,32,2024-01-17 03:54:06+00:00,2026-01-01 04:45:58+00:00,715.0360185185185,212,2164.2908333333335,0.9179346113656922
frontier02182,x2105c0s2b1n0,2105,0,2,1,0,2369,32,2024-01-17 04:47:13+00:00,2026-01-01 04:18:40+00:00,714.9801736111111,209,2136.7741666666666,0.915537622829687
frontier04112,x2208c0s7b1n0,2208,0,7,1,0,2369,31,2024-01-17 04:29:09+00:00,2026-01-01 00:54:55+00:00,714.8512268518518,207,2130.636388888889,0.8888521942225085
frontier01807,x2102c0s7b0n0,2102,0,7,0,0,2368,32,2024-01-17 03:54:06+00:00,2026-01-01 00:54:55+00:00,714.8755671296296,207,2091.8972222222224,0.913749542698893
frontier01169,x2009c1s0b0n0,2009,1,0,0,0,2368,32,2024-01-17 03:54:06+00:00,2026-01-01 00:54:55+00:00,714.8755671296296,213,2134.819722222222,0.9184370426988929
frontier01552,x2100c0s7b1n0,2100,0,7,1,0,2368,31,2024-01-17 03:54:06+00:00,2026-01-01 04:45:58+00:00,715.0360185185185,209,2116.2180555555556,0.8904650055641037
frontier03458,x2203c0s0b1n0,2203,0,0,1,0,2368,31,2024-01-17 03:54:46+00:00,2026-01-01 00:54:55+00:00,714.8751041666667,206,2160.8225,0.8879678513431539
frontier03735,x2205c1s3b0n0,2205,1,3,0,0,2367,31,2024-01-17 04:29:09+00:00,2026-01-01 00:54:55+00:00,714.8512268518518,216,2151.786666666667,0.8956316794819845
frontier01160,x2009c0s3b1n0,2009,0,3,1,0,2366,31,2024-01-17 03:54:06+00:00,2026-01-01 00:54:55+00:00,714.8755671296296,209,2205.007777777778,0.8900601716387868
frontier02062,x2104c0s6b1n0,2104,0,6,1,0,2366,31,2024-01-17 03:54:06+00:00,2026-01-01 00:54:55+00:00,714.8755671296296,209,2178.925,0.8900601716387868
frontier00272,x2002c0s7b1n0,2002,0,7,1,0,2366,31,2024-01-17 03:54:06+00:00,2026-01-01 00:54:55+00:00,714.8755671296296,211,2144.2327777777778,0.8916226716387867
frontier02841,x2110c1s4b0n0,2110,1,4,0,0,2365,31,2024-01-17 03:54:06+00:00,2026-01-01 00:54:55+00:00,714.8755671296296,210,2120.784722222222,0.8907154062904347
frontier06287,x2402c0s7b0n0,2402,0,7,0,0,2365,32,2024-01-17 03:54:06+00:00,2026-01-01 00:54:55+00:00,714.8755671296296,219,2253.821388888889,0.9227466562904347
frontier01029,x2008c0s2b0n0,2008,0,2,0,0,2364,31,2024-01-17 03:54:06+00:00,2026-01-01 00:54:55+00:00,714.8755671296296,211,2194.0030555555554,0.8913705876698977
frontier04610,x2300c0s0b1n0,2300,0,0,1,0,2364,32,2024-01-17 04:29:09+00:00,2026-01-01 00:54:55+00:00,714.8512268518518,207,2189.6897222222224,0.913222383391925
frontier00390,x2003c0s2b1n0,2003,0,2,1,0,2364,32,2024-01-17 04:29:09+00:00,2026-01-01 00:54:55+00:00,714.8512268518518,212,2237.78,0.917128633391925
frontier02564,x2108c0s1b1n0,2108,0,1,1,0,2364,32,2024-01-17 03:54:06+00:00,2026-01-01 00:54:55+00:00,714.8755671296296,209,2231.4036111111113,0.9148080876698979
frontier02065,x2104c1s0b0n0,2104,1,0,0,0,2364,32,2024-01-17 04:58:24+00:00,2026-01-01 00:54:55+00:00,714.8309143518519,209,2148.4758333333334,0.9147655189088806
frontier02824,x2110c0s3b1n0,2110,0,3,1,0,2364,31,2024-01-17 03:54:06+00:00,2026-01-01 00:54:55+00:00,714.8755671296296,208,2114.353611111111,0.8890268376698978
frontier04233,x2209c0s4b0n0,2209,0,4,0,0,2364,31,2024-01-17 03:54:06+00:00,2026-01-01 00:54:55+00:00,714.8755671296296,205,2117.4555555555557,0.8866830876698978
frontier02580,x2108c1s1b1n0,2108,1,1,1,0,2364,31,2024-01-17 03:54:06+00:00,2026-01-01 00:54:55+00:00,714.8755671296296,212,2111.587777777778,0.8921518376698978
frontier00770,x2006c0s0b1n0,2006,0,0,1,0,2363,31,2024-01-17 03:54:46+00:00,2026-01-01 00:54:55+00:00,714.8751041666667,209,2273.2691666666665,0.8896815243763778
frontier02566,x2108c0s2b1n0,2108,0,2,1,0,2363,32,2024-01-17 04:47:13+00:00,2026-01-01 00:54:55+00:00,714.8386805555556,204,2110.135277777778,0.9107405507136197
frontier04241,x2209c1s0b0n0,2209,1,0,0,0,2363,31,2024-01-17 04:29:09+00:00,2026-01-01 00:54:55+00:00,714.8512268518518,210,2156.8280555555557,0.8904400114541439
frontier02306,x2106c0s0b1n0,2106,0,0,1,0,2363,32,2024-01-17 03:54:46+00:00,2026-01-01 00:54:55+00:00,714.8751041666667,213,2220.338333333333,0.9178065243763779
frontier02311,x2106c0s3b0n0,2106,0,3,0,0,2363,31,2024-01-17 03:54:06+00:00,2026-01-01 00:54:55+00:00,714.8755671296296,209,2158.3755555555554,0.8896819657321167
frontier02694,x2109c0s2b1n0,2109,0,2,1,0,2363,32,2024-01-17 03:54:06+00:00,2026-01-01 00:54:55+00:00,714.8755671296296,211,2123.7325,0.9162444657321167
frontier06017,x2400c0s0b0n0,2400,0,0,0,0,2363,31,2024-01-17 03:54:46+00:00,2026-01-01 00:54:55+00:00,714.8751041666667,216,2226.2025,0.8951502743763778
frontier00024,x2000c1s3b1n0,2000,1,3,1,0,2362,31,2024-01-17 03:54:07+00:00,2026-01-01 00:54:55+00:00,714.8755555555556,216,2208.5133333333333,0.8950245293980809
frontier04231,x2209c0s3b0n0,2209,0,3,0,0,2362,31,2024-01-17 03:54:46+00:00,2026-01-01 00:54:55+00:00,714.8751041666667,211,2136.8083333333334,0.8911178490762354
frontier01940,x2103c1s1b1n0,2103,1,1,1,0,2362,30,2024-01-17 03:54:06+00:00,2026-01-01 04:45:58+00:00,715.0360185185185,213,2167.331388888889,0.867833753297185
frontier01926,x2103c0s2b1n0,2103,0,2,1,0,2362,32,2024-01-17 04:47:13+00:00,2026-01-01 04:45:26+00:00,714.998761574074,204,2153.092777777778,0.9107669851940967
frontier00530,x2004c1s0b1n0,2004,1,0,1,0,2362,31,2024-01-17 03:54:06+00:00,2026-01-01 00:54:55+00:00,714.8755671296296,217,2161.903333333333,0.8958057904319743
frontier03094,x2200c1s2b1n0,2200,1,2,1,0,2362,31,2024-01-17 03:54:06+00:00,2026-01-01 00:54:55+00:00,714.8755671296296,213,2110.3280555555557,0.8926807904319742
frontier03736,x2205c1s3b1n0,2205,1,3,1,0,2361,31,2024-01-17 03:54:06+00:00,2026-01-01 00:54:55+00:00,714.8755671296296,214,2175.7844444444445,0.8933358117242958
frontier00656,x2005c0s7b1n0,2005,0,7,1,0,2361,32,2024-01-17 04:47:13+00:00,2026-01-01 00:54:55+00:00,714.8386805555556,206,2123.902222222222,0.9120506467057986
frontier01925,x2103c0s2b0n0,2103,0,2,0,0,2361,31,2024-01-17 04:29:09+00:00,2026-01-01 04:18:40+00:00,714.9927199074074,206,2167.821111111111,0.8871974967940256
frontier01794,x2102c0s0b1n0,2102,0,0,1,0,2361,32,2024-01-17 03:54:46+00:00,2026-01-01 04:03:14+00:00,715.0058796296296,208,2238.3811111111113,0.9137725423309039
frontier03858,x2206c1s0b1n0,2206,1,0,1,0,2361,32,2024-01-17 04:58:24+00:00,2026-01-01 00:54:55+00:00,714.8309143518519,211,2124.5802777777776,0.9159494929632785
frontier04104,x2208c0s3b1n0,2208,0,3,1,0,2360,32,2024-01-17 04:29:09+00:00,2026-01-01 00:54:55+00:00,714.8512268518518,210,2174.132777777778,0.9150613252858764
frontier01153,x2009c0s0b0n0,2009,0,0,0,0,2360,32,2024-01-17 03:54:46+00:00,2026-01-01 00:54:55+00:00,714.8751041666667,205,2270.3147222222224,0.9111778382081105
frontier01171,x2009c1s1b0n0,2009,1,1,0,0,2360,31,2024-01-17 03:54:06+00:00,2026-01-01 00:54:55+00:00,714.8755671296296,209,2171.820833333333,0.8893032795638494
frontier00911,x2007c0s7b0n0,2007,0,7,0,0,2360,33,2024-01-17 03:54:06+00:00,2026-01-01 00:54:55+00:00,714.8755671296296,213,2161.1277777777777,0.9424282795638494
frontier02188,x2105c0s5b1n0,2105,0,5,1,0,2360,31,2024-01-17 03:54:06+00:00,2026-01-01 04:45:58+00:00,715.0360185185185,211,2173.7122222222224,0.8910187424290602
frontier00149,x2001c1s2b0n0,2001,1,2,0,0,2360,31,2024-01-17 03:54:06+00:00,2026-01-01 00:54:55+00:00,714.8755671296296,214,2230.7975,0.8932095295638494
frontier00898,x2007c0s0b1n0,2007,0,0,1,0,2360,32,2024-01-17 03:54:46+00:00,2026-01-01 00:54:55+00:00,714.8751041666667,210,2222.829166666667,0.9150840882081105
frontier02313,x2106c0s4b0n0,2106,0,4,0,0,2360,32,2024-01-17 03:54:06+00:00,2026-01-01 04:18:40+00:00,715.0170601851852,210,2205.418611111111,0.9152194189115521
frontier04629,x2300c1s2b0n0,2300,1,2,0,0,2360,32,2024-01-17 03:54:06+00:00,2026-01-01 00:54:55+00:00,714.8755671296296,220,2234.133611111111,0.9228970295638494
frontier03854,x2206c0s6b1n0,2206,0,6,1,0,2360,32,2024-01-17 03:54:06+00:00,2026-01-01 00:54:55+00:00,714.8755671296296,205,2160.4341666666664,0.9111782795638494
frontier03224,x2201c1s3b1n0,2201,1,3,1,0,2359,31,2024-01-17 03:54:06+00:00,2026-01-01 00:54:55+00:00,714.8755671296296,214,2182.306111111111,0.8930831939053454
frontier01678,x2101c0s6b1n0,2101,0,6,1,0,2359,32,2024-01-17 03:54:06+00:00,2026-01-01 04:45:58+00:00,715.0360185185185,212,2144.1936111111113,0.9166736567705563
frontier02577,x2108c1s0b0n0,2108,1,0,0,0,2359,32,2024-01-17 03:54:06+00:00,2026-01-01 00:54:55+00:00,714.8755671296296,204,2094.8908333333334,0.9102706939053455
frontier03344,x2202c0s7b1n0,2202,0,7,1,0,2359,32,2024-01-17 03:54:06+00:00,2026-01-01 00:54:55+00:00,714.8755671296296,210,2120.6894444444442,0.9149581939053455
frontier03219,x2201c1s1b0n0,2201,1,1,0,0,2359,32,2024-01-17 04:58:24+00:00,2026-01-01 00:54:55+00:00,714.8309143518519,212,2138.2669444444446,0.9164781251443281
frontier05518,x2308c0s6b1n0,2308,0,6,1,0,2359,32,2024-01-17 03:54:06+00:00,2026-01-01 00:54:55+00:00,714.8755671296296,218,2220.9816666666666,0.9212081939053455
frontier01282,x2010c0s0b1n0,2010,0,0,1,0,2359,32,2024-01-17 03:54:46+00:00,2026-01-01 00:54:55+00:00,714.8751041666667,208,2202.195277777778,0.9133952525496065
frontier02447,x2107c0s7b0n0,2107,0,7,0,0,2359,32,2024-01-17 03:54:06+00:00,2026-01-01 00:54:55+00:00,714.8755671296296,209,2121.3191666666667,0.9141769439053455
frontier03852,x2206c0s5b1n0,2206,0,5,1,0,2358,32,2024-01-17 03:54:06+00:00,2026-01-01 00:54:55+00:00,714.8755671296296,205,2174.5491666666667,0.9109255547034375
frontier00778,x2006c0s4b1n0,2006,0,4,1,0,2358,31,2024-01-17 03:54:06+00:00,2026-01-01 00:54:55+00:00,714.8755671296296,215,2215.552222222222,0.8937380547034375
frontier03084,x2200c0s5b1n0,2200,0,5,1,0,2358,31,2024-01-17 03:54:06+00:00,2026-01-01 00:54:55+00:00,714.8755671296296,209,2164.3297222222222,0.8890505547034375
frontier04108,x2208c0s5b1n0,2208,0,5,1,0,2358,32,2024-01-17 03:54:06+00:00,2026-01-01 00:54:55+00:00,714.8755671296296,212,2172.271388888889,0.9163943047034375
frontier04741,x2301c0s2b0n0,2301,0,2,0,0,2358,31,2024-01-17 00:14:14+00:00,2026-01-01 00:54:55+00:00,715.0282523148148,207,2156.8008333333332,0.8876336138261283
frontier02450,x2107c1s0b1n0,2107,1,0,1,0,2357,32,2024-01-17 03:54:06+00:00,2026-01-01 00:54:55+00:00,714.8755671296296,206,2140.0794444444446,0.9115803619127207
frontier03217,x2201c1s0b0n0,2201,1,0,0,0,2357,31,2024-01-17 03:54:06+00:00,2026-01-01 00:54:55+00:00,714.8755671296296,210,2140.5555555555557,0.8897053619127208
frontier02567,x2108c0s3b0n0,2108,0,3,0,0,2357,32,2024-01-17 03:54:06+00:00,2026-01-01 00:54:55+00:00,714.8755671296296,206,2183.5016666666666,0.9115803619127207
frontier04748,x2301c0s5b1n0,2301,0,5,1,0,2357,32,2024-01-17 03:54:06+00:00,2026-01-01 00:54:55+00:00,714.8755671296296,218,2257.452222222222,0.9209553619127208
frontier03730,x2205c1s0b1n0,2205,1,0,1,0,2357,32,2024-01-17 04:58:24+00:00,2026-01-01 00:54:55+00:00,714.8309143518519,215,2160.708611111111,0.9185690431517034
frontier01812,x2102c1s1b1n0,2102,1,1,1,0,2356,31,2024-01-17 03:54:06+00:00,2026-01-01 00:54:55+00:00,714.8755671296296,209,2103.911111111111,0.8887976154877324
frontier06023,x2400c0s3b0n0,2400,0,3,0,0,2356,31,2024-01-17 03:54:06+00:00,2026-01-01 00:54:55+00:00,714.8755671296296,212,2149.743611111111,0.8911413654877325
frontier00004,x2000c0s1b1n0,2000,0,1,1,0,2356,33,2024-01-17 03:54:06+00:00,2026-01-01 00:54:55+00:00,714.8755671296296,210,2310.518888888889,0.9395788654877325
frontier04103,x2208c0s3b0n0,2208,0,3,0,0,2356,31,2024-01-17 03:54:06+00:00,2026-01-01 00:54:55+00:00,714.8755671296296,209,2153.1119444444444,0.8887976154877324
frontier02443,x2107c0s5b0n0,2107,0,5,0,0,2356,31,2024-01-26 06:53:59+00:00,2026-01-01 00:54:55+00:00,705.7506481481481,207,2138.577222222222,0.8785360711111783
frontier05768,x2310c0s3b1n0,2310,0,3,1,0,2355,31,2024-01-17 04:29:09+00:00,2026-01-01 00:54:55+00:00,714.8512268518518,215,2208.7533333333336,0.8933353611049798
frontier03206,x2201c0s2b1n0,2201,0,2,1,0,2355,31,2024-01-17 03:54:06+00:00,2025-12-31 16:13:06+00:00,714.5131944444445,211,2200.112222222222,0.8898881052122186
frontier05121,x2304c0s0b0n0,2304,0,0,0,0,2355,32,2024-01-17 03:54:46+00:00,2026-01-01 00:54:55+00:00,714.8751041666667,212,2216.5555555555557,0.9160143740272139
frontier04363,x2210c0s5b0n0,2210,0,5,0,0,2355,31,2024-01-17 03:54:06+00:00,2026-01-01 00:54:55+00:00,714.8755671296296,214,2222.866111111111,0.8925773153829526
frontier02191,x2105c0s7b0n0,2105,0,7,0,0,2355,32,2024-01-17 03:54:06+00:00,2026-01-01 00:54:55+00:00,714.8755671296296,213,2146.6644444444446,0.9167960653829527
frontier00015,x2000c0s7b0n0,2000,0,7,0,0,2355,31,2024-01-17 04:47:13+00:00,2026-01-01 00:54:55+00:00,714.8386805555556,214,2200.8225,0.8925421503644555
frontier02179,x2105c0s1b0n0,2105,0,1,0,0,2355,31,2024-01-17 03:54:06+00:00,2026-01-01 00:54:55+00:00,714.8755671296296,210,2239.2566666666667,0.8894523153829527
frontier00017,x2000c1s0b0n0,2000,1,0,0,0,2355,33,2024-01-17 03:54:06+00:00,2026-01-01 00:54:55+00:00,714.8755671296296,213,2184.286666666667,0.9417960653829527
frontier02448,x2107c0s7b1n0,2107,0,7,1,0,2354,31,2024-01-17 03:54:06+00:00,2026-01-01 00:54:55+00:00,714.8755671296296,208,2119.9308333333333,0.8877632115528031
frontier03973,x2207c0s2b0n0,2207,0,2,0,0,2354,31,2024-01-17 04:29:09+00:00,2026-01-01 00:54:55+00:00,714.8512268518518,211,2204.8263888888887,0.8900837572748302
frontier02696,x2109c0s3b1n0,2109,0,3,1,0,2354,31,2024-01-17 03:54:06+00:00,2026-01-01 04:45:58+00:00,715.0360185185185,213,2151.7516666666666,0.891822424418014
frontier04114,x2208c1s0b1n0,2208,1,0,1,0,2354,31,2024-01-17 03:54:06+00:00,2026-01-01 00:54:55+00:00,714.8755671296296,213,2177.6677777777777,0.8916694615528031
frontier01546,x2100c0s4b1n0,2100,0,4,1,0,2354,31,2024-01-17 03:54:06+00:00,2026-01-01 00:54:55+00:00,714.8755671296296,215,2178.318888888889,0.8932319615528032
frontier04101,x2208c0s2b0n0,2208,0,2,0,0,2354,31,2024-01-17 00:14:14+00:00,2026-01-01 00:54:55+00:00,715.0282523148148,214,2187.3930555555557,0.892596270675494
frontier00405,x2003c1s2b0n0,2003,1,2,0,0,2354,31,2024-01-17 03:54:06+00:00,2026-01-01 04:03:14+00:00,715.0063425925925,214,2225.9219444444443,0.8925753835151502
frontier03978,x2207c0s4b1n0,2207,0,4,1,0,2354,31,2024-01-17 03:54:06+00:00,2026-01-01 00:54:55+00:00,714.8755671296296,204,2177.0325,0.8846382115528031
frontier02697,x2109c0s4b0n0,2109,0,4,0,0,2353,32,2024-01-17 03:54:06+00:00,2026-01-01 02:44:51+00:00,714.9519097222222,208,2154.5197222222223,0.9127093335129929
frontier03586,x2204c0s0b1n0,2204,0,0,1,0,2353,31,2024-01-17 03:54:46+00:00,2026-01-01 00:54:55+00:00,714.8751041666667,206,2213.601388888889,0.8860736125959087
frontier04750,x2301c0s6b1n0,2301,0,6,1,0,2353,32,2024-01-17 03:54:06+00:00,2026-01-01 00:54:55+00:00,714.8755671296296,208,2167.4780555555553,0.9126365539516476
frontier06917,x2407c0s2b0n0,2407,0,2,0,0,2353,31,2024-01-17 03:54:06+00:00,2026-01-01 00:54:55+00:00,714.8755671296296,211,2202.773888888889,0.8899803039516475
frontier03728,x2205c0s7b1n0,2205,0,7,1,0,2353,32,2024-01-17 04:29:09+00:00,2026-01-01 00:54:55+00:00,714.8512268518518,210,2143.831388888889,0.9141758496736746
frontier01031,x2008c0s3b0n0,2008,0,3,0,0,2353,32,2024-01-17 03:54:06+00:00,2026-01-01 00:54:55+00:00,714.8755671296296,210,2205.7208333333333,0.9141990539516476
frontier02571,x2108c0s5b0n0,2108,0,5,0,0,2353,31,2024-01-17 03:51:58+00:00,2026-01-01 04:45:58+00:00,715.0375,202,2133.2869444444445,0.8831034291552229
frontier05765,x2310c0s2b0n0,2310,0,2,0,0,2352,32,2024-01-17 00:14:14+00:00,2026-01-01 00:54:55+00:00,715.0282523148148,212,2183.7194444444444,0.915780401656482
frontier02201,x2105c1s4b0n0,2105,1,4,0,0,2352,30,2024-01-17 03:54:06+00:00,2026-01-01 00:54:55+00:00,714.8755671296296,215,2207.8505555555557,0.8679785925337913
frontier04618,x2300c0s4b1n0,2300,0,4,1,0,2352,32,2024-01-17 03:54:06+00:00,2026-01-01 00:54:55+00:00,714.8755671296296,211,2200.7833333333333,0.9148535925337913
frontier04355,x2210c0s1b0n0,2210,0,1,0,0,2352,32,2024-01-17 00:14:14+00:00,2026-01-01 00:54:55+00:00,715.0282523148148,208,2190.9766666666665,0.912655401656482
frontier05506,x2308c0s0b1n0,2308,0,0,1,0,2352,32,2024-01-17 03:54:46+00:00,2026-01-01 00:54:55+00:00,714.8751041666667,210,2140.1380555555556,0.9140719011780524
frontier01026,x2008c0s0b1n0,2008,0,0,1,0,2352,31,2024-01-17 03:54:46+00:00,2026-01-01 00:54:55+00:00,714.8751041666667,209,2221.523611111111,0.8882906511780524
frontier01671,x2101c0s3b0n0,2101,0,3,0,0,2352,31,2024-01-17 03:54:06+00:00,2026-01-01 00:54:55+00:00,714.8755671296296,211,2212.1691666666666,0.8898535925337913
frontier03971,x2207c0s1b0n0,2207,0,1,0,0,2351,32,2024-01-17 00:14:14+00:00,2026-01-01 00:54:55+00:00,715.0282523148148,207,2276.1086111111113,0.9117473863761724
frontier04353,x2210c0s0b0n0,2210,0,0,0,0,2351,31,2024-01-17 04:29:09+00:00,2026-01-01 00:54:55+00:00,714.8512268518518,216,2233.9880555555555,0.8936098729755085
frontier03732,x2205c1s1b1n0,2205,1,1,1,0,2351,31,2024-01-17 03:54:06+00:00,2026-01-01 00:54:55+00:00,714.8755671296296,213,2178.5577777777776,0.8912893272534816
frontier01562,x2100c1s4b1n0,2100,1,4,1,0,2350,31,2024-01-17 03:54:07+00:00,2026-01-01 03:00:34+00:00,714.9628125,211,2160.515,0.8896831815539037
frontier03333,x2202c0s2b0n0,2202,0,2,0,0,2350,32,2024-01-17 04:29:09+00:00,2026-01-01 00:54:55+00:00,714.8512268518518,207,2116.8791666666666,0.9114518037869342
frontier05380,x2307c0s1b1n0,2307,0,1,1,0,2350,32,2024-01-17 03:51:22+00:00,2026-01-01 00:54:55+00:00,714.8774652777778,212,2231.5988888888887,0.9153830676234367
frontier01042,x2008c1s0b1n0,2008,1,0,1,0,2350,32,2024-01-17 03:54:06+00:00,2026-01-01 00:54:55+00:00,714.8755671296296,211,2177.0597222222223,0.9146000080649072
frontier00269,x2002c0s6b0n0,2002,0,6,0,0,2350,31,2024-01-17 03:54:06+00:00,2026-01-01 00:54:55+00:00,714.8755671296296,212,2182.744722222222,0.8903812580649072
frontier01682,x2101c1s0b1n0,2101,1,0,1,0,2350,31,2024-01-17 03:54:06+00:00,2026-01-01 04:45:58+00:00,715.0360185185185,210,2147.2144444444443,0.888971720930118
frontier00654,x2005c0s6b1n0,2005,0,6,1,0,2350,32,2024-01-17 03:54:06+00:00,2026-01-01 00:54:55+00:00,714.8755671296296,213,2190.170833333333,0.9161625080649072
frontier01541,x2100c0s2b0n0,2100,0,2,0,0,2350,32,2024-01-17 03:51:58+00:00,2026-01-01 04:18:40+00:00,715.0185416666667,212,2211.67,0.9155175597509745
frontier04621,x2300c0s6b0n0,2300,0,6,0,0,2350,32,2024-01-17 04:29:09+00:00,2026-01-01 00:54:55+00:00,714.8512268518518,214,2217.081111111111,0.9169205537869343
frontier04105,x2208c0s4b0n0,2208,0,4,0,0,2350,32,2024-01-17 04:29:09+00:00,2026-01-01 00:54:55+00:00,714.8512268518518,209,2207.7741666666666,0.9130143037869343
frontier02456,x2107c1s3b1n0,2107,1,3,1,0,2350,32,2024-01-17 03:54:06+00:00,2026-01-01 00:54:55+00:00,714.8755671296296,212,2184.069722222222,0.9153812580649072
frontier06658,x2405c0s0b1n0,2405,0,0,1,0,2349,31,2024-01-17 04:14:23+00:00,2026-01-01 00:54:55+00:00,714.8614814814815,214,2245.8172222222224,0.8918034566738426
frontier00769,x2006c0s0b0n0,2006,0,0,0,0,2349,31,2024-01-17 03:54:46+00:00,2026-01-01 00:54:55+00:00,714.8751041666667,209,2270.9380555555554,0.88791019356646
frontier02057,x2104c0s4b0n0,2104,0,4,0,0,2349,31,2024-01-17 03:54:06+00:00,2026-01-01 00:54:55+00:00,714.8755671296296,209,2189.45,0.8879106349221988
frontier00392,x2003c0s3b1n0,2003,0,3,1,0,2349,33,2024-01-17 03:54:06+00:00,2026-01-01 00:54:55+00:00,714.8755671296296,214,2233.163888888889,0.9418168849221988
frontier04626,x2300c1s0b1n0,2300,1,0,1,0,2349,30,2024-01-17 03:54:06+00:00,2026-01-01 00:54:55+00:00,714.8755671296296,215,2226.6277777777777,0.8675981349221988
frontier03983,x2207c0s7b0n0,2207,0,7,0,0,2349,32,2024-01-17 04:29:09+00:00,2026-01-01 00:54:55+00:00,714.8512268518518,215,2184.9480555555556,0.9175749306442259
frontier00401,x2003c1s0b0n0,2003,1,0,0,0,2348,33,2024-01-17 04:47:13+00:00,2026-01-01 00:54:55+00:00,714.8386805555556,211,2153.2669444444446,0.9393110427609308
frontier03208,x2201c0s3b1n0,2201,0,3,1,0,2348,32,2024-01-17 03:54:06+00:00,2026-01-01 00:54:55+00:00,714.8755671296296,211,2178.865277777778,0.914346207779428
frontier04628,x2300c1s1b1n0,2300,1,1,1,0,2348,32,2024-01-17 03:54:06+00:00,2026-01-01 00:54:55+00:00,714.8755671296296,220,2196.2366666666667,0.921377457779428
frontier03083,x2200c0s5b0n0,2200,0,5,0,0,2348,31,2024-01-17 03:54:06+00:00,2026-01-01 00:54:55+00:00,714.8755671296296,210,2162.3630555555555,0.888564957779428
frontier02836,x2110c1s1b1n0,2110,1,1,1,0,2348,31,2024-01-17 03:54:06+00:00,2026-01-01 00:54:55+00:00,714.8755671296296,211,2194.748611111111,0.889346207779428
frontier02436,x2107c0s1b1n0,2107,0,1,1,0,2348,31,2024-01-17 03:54:06+00:00,2026-01-01 00:54:55+00:00,714.8755671296296,206,2182.2116666666666,0.885439957779428
frontier04364,x2210c0s5b1n0,2210,0,5,1,0,2348,31,2024-01-17 04:29:09+00:00,2026-01-01 00:54:55+00:00,714.8512268518518,212,2210.933611111111,0.8901042535014551
frontier03345,x2202c1s0b0n0,2202,1,0,0,0,2348,32,2024-01-17 03:54:06+00:00,2026-01-01 04:03:14+00:00,715.0063425925925,211,2113.2716666666665,0.914470879741775
frontier02710,x2109c1s2b1n0,2109,1,2,1,0,2347,31,2024-01-17 03:54:06+00:00,2026-01-01 00:54:55+00:00,714.8755671296296,212,2178.37,0.8900004765906078
frontier06019,x2400c0s1b0n0,2400,0,1,0,0,2347,31,2024-01-17 00:14:14+00:00,2026-01-01 00:54:55+00:00,715.0282523148148,211,2218.3594444444443,0.8893647857132985
frontier02061,x2104c0s6b0n0,2104,0,6,0,0,2347,32,2024-01-17 03:54:06+00:00,2026-01-01 02:44:51+00:00,714.9519097222222,212,2165.1544444444444,0.9150732561519531
frontier00918,x2007c1s2b1n0,2007,1,2,1,0,2347,32,2024-01-17 03:54:06+00:00,2026-01-01 00:54:55+00:00,714.8755671296296,217,2192.268888888889,0.9189067265906078
frontier04993,x2303c0s0b0n0,2303,0,0,0,0,2347,31,2024-01-17 04:29:09+00:00,2026-01-01 00:54:55+00:00,714.8512268518518,212,2109.968888888889,0.8899772723126349
frontier02320,x2106c0s7b1n0,2106,0,7,1,0,2347,32,2024-01-17 03:54:06+00:00,2026-01-01 00:54:55+00:00,714.8755671296296,207,2125.8147222222224,0.9110942265906078
frontier05899,x2311c0s5b0n0,2311,0,5,0,0,2346,31,2024-01-17 03:54:46+00:00,2026-01-01 00:54:55+00:00,714.8751041666667,213,2217.0219444444447,0.8906542499539543
frontier00145,x2001c1s0b0n0,2001,1,0,0,0,2346,31,2024-01-17 04:47:13+00:00,2026-01-01 00:54:55+00:00,714.8386805555556,214,2209.7405555555556,0.891400776291196
frontier00385,x2003c0s0b0n0,2003,0,0,0,0,2346,31,2024-01-17 03:54:46+00:00,2026-01-01 00:54:55+00:00,714.8751041666667,211,2294.0355555555557,0.8890917499539542
frontier03862,x2206c1s2b1n0,2206,1,2,1,0,2346,32,2024-01-17 03:54:06+00:00,2026-01-01 00:54:55+00:00,714.8755671296296,212,2175.3394444444443,0.9148734413096932
frontier00014,x2000c0s6b1n0,2000,0,6,1,0,2346,31,2024-01-17 03:54:06+00:00,2026-01-01 00:54:55+00:00,714.8755671296296,210,2247.796388888889,0.8883109413096931
frontier01431,x2011c1s3b0n0,2011,1,3,0,0,2346,31,2024-01-17 03:54:06+00:00,2026-01-01 04:45:26+00:00,715.0356481481482,205,2152.6580555555556,0.8845573010903128
frontier03597,x2204c0s6b0n0,2204,0,6,0,0,2346,33,2024-01-17 03:54:06+00:00,2026-01-01 00:54:55+00:00,714.8755671296296,209,2159.382222222222,0.9375296913096931
frontier05258,x2306c0s4b1n0,2306,0,4,1,0,2346,31,2024-01-17 03:54:06+00:00,2026-01-01 00:54:55+00:00,714.8755671296296,210,2173.347777777778,0.8883109413096931
frontier02180,x2105c0s1b1n0,2105,0,1,1,0,2346,31,2024-01-17 03:54:06+00:00,2026-01-01 00:54:55+00:00,714.8755671296296,206,2171.8347222222224,0.8851859413096931
frontier03079,x2200c0s3b0n0,2200,0,3,0,0,2346,31,2024-01-17 03:54:06+00:00,2026-01-01 00:54:55+00:00,714.8755671296296,208,2166.0730555555556,0.8867484413096931
frontier00397,x2003c0s6b0n0,2003,0,6,0,0,2346,31,2024-01-17 03:54:06+00:00,2026-01-01 00:54:55+00:00,714.8755671296296,213,2200.1055555555554,0.8906546913096931
frontier00774,x2006c0s2b1n0,2006,0,2,1,0,2345,32,2024-01-17 04:29:09+00:00,2026-01-01 00:54:55+00:00,714.8512268518518,213,2220.9205555555554,0.9155043976126057
frontier02568,x2108c0s3b1n0,2108,0,3,1,0,2345,31,2024-01-17 03:54:06+00:00,2026-01-01 00:54:55+00:00,714.8755671296296,214,2170.9844444444443,0.8913088518905785
frontier04874,x2302c0s4b1n0,2302,0,4,1,0,2344,30,2024-01-17 04:29:09+00:00,2026-01-01 00:54:55+00:00,714.8512268518518,218,2187.5275,0.8692835040091287
frontier02190,x2105c0s6b1n0,2105,0,6,1,0,2344,31,2024-01-17 03:54:06+00:00,2026-01-01 00:54:55+00:00,714.8755671296296,210,2180.1472222222224,0.8880567082871017
frontier06410,x2403c0s4b1n0,2403,0,4,1,0,2344,31,2024-01-17 03:54:06+00:00,2026-01-01 00:54:55+00:00,714.8755671296296,213,2184.3541666666665,0.8904004582871017
frontier02318,x2106c0s6b1n0,2106,0,6,1,0,2344,31,2024-01-17 03:54:06+00:00,2026-01-01 00:54:55+00:00,714.8755671296296,211,2183.7280555555553,0.8888379582871017
frontier04757,x2301c1s2b0n0,2301,1,2,0,0,2344,32,2024-01-17 03:54:06+00:00,2026-01-01 00:54:55+00:00,714.8755671296296,214,2159.1252777777777,0.9161817082871018
frontier01044,x2008c1s1b1n0,2008,1,1,1,0,2344,31,2024-01-17 03:54:06+00:00,2026-01-01 00:54:55+00:00,714.8755671296296,216,2168.491666666667,0.8927442082871017
frontier00261,x2002c0s2b0n0,2002,0,2,0,0,2344,32,2024-01-17 03:54:06+00:00,2026-01-01 00:54:55+00:00,714.8755671296296,209,2272.8058333333333,0.9122754582871018
frontier04865,x2302c0s0b0n0,2302,0,0,0,0,2344,32,2024-01-17 03:54:46+00:00,2026-01-01 00:54:55+00:00,714.8751041666667,209,2201.345277777778,0.9122750169313629
frontier02193,x2105c1s0b0n0,2105,1,0,0,0,2344,32,2024-01-17 04:58:24+00:00,2026-01-01 04:45:58+00:00,714.9913657407408,209,2083.78,0.9123858523912953
frontier05388,x2307c0s5b1n0,2307,0,5,1,0,2344,32,2024-01-17 03:54:06+00:00,2026-01-01 00:54:55+00:00,714.8755671296296,210,2153.435,0.9130567082871017
frontier02194,x2105c1s0b1n0,2105,1,0,1,0,2344,32,2024-01-17 03:54:06+00:00,2026-01-01 00:54:55+00:00,714.8755671296296,211,2121.03,0.9138379582871017
frontier02185,x2105c0s4b0n0,2105,0,4,0,0,2344,32,2024-01-17 03:54:06+00:00,2026-01-01 00:54:55+00:00,714.8755671296296,207,2165.6775,0.9107129582871017
frontier03587,x2204c0s1b0n0,2204,0,1,0,0,2343,31,2024-01-17 04:29:09+00:00,2026-01-01 00:54:55+00:00,714.8512268518518,215,2250.4294444444445,0.8918125561750663
frontier03594,x2204c0s4b1n0,2204,0,4,1,0,2343,31,2024-01-17 03:54:06+00:00,2026-01-01 00:54:55+00:00,714.8755671296296,209,2229.2297222222223,0.8871482604530392
frontier04498,x2211c1s0b1n0,2211,1,0,1,0,2343,32,2024-01-17 03:54:06+00:00,2026-01-01 00:54:55+00:00,714.8755671296296,213,2187.4130555555557,0.9152732604530393
frontier00262,x2002c0s2b1n0,2002,0,2,1,0,2343,32,2024-01-17 03:54:06+00:00,2026-01-01 00:54:55+00:00,714.8755671296296,209,2203.6825,0.9121482604530393
frontier02064,x2104c0s7b1n0,2104,0,7,1,0,2343,32,2024-01-17 03:54:06+00:00,2026-01-01 00:54:55+00:00,714.8755671296296,205,2168.1619444444445,0.9090232604530393
frontier03726,x2205c0s6b1n0,2205,0,6,1,0,2343,32,2024-01-17 03:54:06+00:00,2026-01-01 00:54:55+00:00,714.8755671296296,213,2208.297777777778,0.9152732604530393
frontier02449,x2107c1s0b0n0,2107,1,0,0,0,2343,31,2024-01-17 03:54:06+00:00,2026-01-01 00:54:55+00:00,714.8755671296296,205,2095.5286111111113,0.8840232604530393
frontier02698,x2109c0s4b1n0,2109,0,4,1,0,2342,31,2024-01-17 03:54:06+00:00,2026-01-01 00:54:55+00:00,714.8755671296296,210,2180.341388888889,0.8878022583421098
frontier04751,x2301c0s7b0n0,2301,0,7,0,0,2342,32,2024-01-17 04:10:12+00:00,2026-01-01 00:54:55+00:00,714.864386574074,211,2240.3680555555557,0.9135728496010151
frontier03472,x2203c0s7b1n0,2203,0,7,1,0,2342,31,2024-01-17 04:47:13+00:00,2026-01-01 00:54:55+00:00,714.8386805555556,213,2169.9313888888887,0.8901108433236126
frontier04106,x2208c0s4b1n0,2208,0,4,1,0,2342,31,2024-01-17 03:54:06+00:00,2026-01-01 00:54:55+00:00,714.8755671296296,207,2190.0116666666668,0.8854585083421098
frontier04227,x2209c0s1b0n0,2209,0,1,0,0,2342,31,2024-01-17 00:14:14+00:00,2026-01-01 00:54:55+00:00,715.0282523148148,214,2282.8405555555555,0.8910728174648004
frontier01290,x2010c0s4b1n0,2010,0,4,1,0,2342,32,2024-01-17 03:54:06+00:00,2026-01-01 00:54:55+00:00,714.8755671296296,204,2148.2038888888887,0.9081147583421099
frontier02056,x2104c0s3b1n0,2104,0,3,1,0,2342,32,2024-01-17 03:54:06+00:00,2026-01-01 00:54:55+00:00,714.8755671296296,208,2194.686388888889,0.9112397583421098
frontier00652,x2005c0s5b1n0,2005,0,5,1,0,2342,32,2024-01-17 03:54:06+00:00,2026-01-01 00:54:55+00:00,714.8755671296296,208,2157.0769444444445,0.9112397583421098
frontier01301,x2010c1s2b0n0,2010,1,2,0,0,2342,31,2024-01-17 03:54:06+00:00,2026-01-01 00:54:55+00:00,714.8755671296296,211,2164.105,0.8885835083421098
frontier01417,x2011c0s4b0n0,2011,0,4,0,0,2342,31,2024-01-17 03:54:06+00:00,2026-01-01 00:54:55+00:00,714.8755671296296,211,2195.7019444444445,0.8885835083421098
frontier02187,x2105c0s5b0n0,2105,0,5,0,0,2341,31,2024-01-17 03:51:58+00:00,2026-01-01 04:45:58+00:00,715.0375,208,2164.58,0.8862668271115477
frontier03864,x2206c1s3b1n0,2206,1,3,1,0,2341,31,2024-01-17 03:54:06+00:00,2026-01-01 00:54:55+00:00,714.8755671296296,212,2206.853611111111,0.8892374519079724
frontier04996,x2303c0s1b1n0,2303,0,1,1,0,2341,32,2024-01-17 03:51:58+00:00,2026-01-01 00:54:55+00:00,714.8770486111111,211,2187.7930555555554,0.9134576142463369
frontier03204,x2201c0s1b1n0,2201,0,1,1,0,2340,32,2024-01-17 03:54:46+00:00,2026-01-01 00:54:55+00:00,714.8751041666667,209,2160.768611111111,0.9117658997484877
frontier01293,x2010c0s6b0n0,2010,0,6,0,0,2340,32,2024-01-17 03:54:06+00:00,2026-01-01 00:54:55+00:00,714.8755671296296,206,2148.97,0.9094225911042264
frontier03077,x2200c0s2b0n0,2200,0,2,0,0,2340,32,2024-01-17 04:29:09+00:00,2026-01-01 00:54:55+00:00,714.8512268518518,206,2116.0608333333334,0.9093993868262534
frontier03992,x2207c1s3b1n0,2207,1,3,1,0,2340,31,2024-01-17 04:10:12+00:00,2026-01-01 00:54:55+00:00,714.864386574074,216,2208.2580555555555,0.8922244323631318
frontier00026,x2000c1s4b1n0,2000,1,4,1,0,2340,31,2024-01-17 03:54:07+00:00,2026-01-01 00:54:55+00:00,714.8755555555556,207,2137.296388888889,0.885203830070333
frontier03974,x2207c0s2b1n0,2207,0,2,1,0,2340,32,2024-01-17 00:14:14+00:00,2026-01-01 00:54:55+00:00,715.0282523148148,211,2168.5419444444447,0.9134744002269171
frontier01429,x2011c1s2b0n0,2011,1,2,0,0,2340,31,2024-01-17 03:54:06+00:00,2026-01-01 00:54:55+00:00,714.8755671296296,206,2111.0975,0.8844225911042264
frontier03853,x2206c0s6b0n0,2206,0,6,0,0,2340,31,2024-01-17 03:54:06+00:00,2026-01-01 00:54:55+00:00,714.8755671296296,211,2169.284166666667,0.8883288411042264
frontier04099,x2208c0s1b0n0,2208,0,1,0,0,2340,31,2024-01-17 00:14:14+00:00,2026-01-01 00:54:55+00:00,715.0282523148148,211,2281.0338888888887,0.888474400226917
frontier01303,x2010c1s3b0n0,2010,1,3,0,0,2339,32,2024-01-17 03:54:06+00:00,2026-01-01 00:54:55+00:00,714.8755671296296,210,2158.432222222222,0.9124201758844124
frontier01537,x2100c0s0b0n0,2100,0,0,0,0,2339,31,2024-01-17 03:54:46+00:00,2026-01-01 04:18:40+00:00,715.0165972222222,209,2254.6458333333335,0.8867733738763761
frontier01295,x2010c0s7b0n0,2010,0,7,0,0,2339,32,2024-01-17 03:54:06+00:00,2026-01-01 00:54:55+00:00,714.8755671296296,208,2185.4580555555553,0.9108576758844124
frontier03347,x2202c1s1b0n0,2202,1,1,0,0,2339,32,2024-01-17 04:58:24+00:00,2026-01-01 00:54:55+00:00,714.8309143518519,216,2137.0172222222222,0.9170651071233951
frontier05013,x2303c1s2b0n0,2303,1,2,0,0,2339,31,2024-01-17 03:54:06+00:00,2026-01-01 00:54:55+00:00,714.8755671296296,221,2222.9855555555555,0.8960139258844123
frontier01820,x2102c1s5b1n0,2102,1,5,1,0,2339,31,2024-01-17 03:51:58+00:00,2026-01-01 04:45:58+00:00,715.0375,209,2179.974166666667,0.8867933010879876
frontier02964,x2111c1s1b1n0,2111,1,1,1,0,2339,31,2024-01-17 03:54:06+00:00,2026-01-01 04:18:40+00:00,715.0170601851852,210,2131.3733333333334,0.887555065232115
frontier05893,x2311c0s2b0n0,2311,0,2,0,0,2338,31,2024-01-17 00:14:14+00:00,2026-01-01 00:54:55+00:00,715.0282523148148,209,2206.363888888889,0.8866570153247015
frontier04358,x2210c0s2b1n0,2210,0,2,1,0,2338,31,2024-01-17 04:29:09+00:00,2026-01-01 00:54:55+00:00,714.8512268518518,210,2199.739722222222,0.887269501924038
frontier01559,x2100c1s3b0n0,2100,1,3,0,0,2338,31,2024-01-17 03:54:06+00:00,2026-01-01 04:45:58+00:00,715.0360185185185,208,2179.0216666666665,0.8858831690672218
frontier03991,x2207c1s3b0n0,2207,1,3,0,0,2338,32,2024-01-17 04:47:13+00:00,2026-01-01 00:54:55+00:00,714.8386805555556,214,2175.322777777778,0.9153825411835137
frontier03214,x2201c0s6b1n0,2201,0,6,1,0,2338,31,2024-01-17 03:54:06+00:00,2026-01-01 00:54:55+00:00,714.8755671296296,205,2135.3147222222224,0.883386456202011
frontier04369,x2210c1s0b0n0,2210,1,0,0,0,2338,32,2024-01-17 03:54:06+00:00,2026-01-01 00:54:55+00:00,714.8755671296296,205,2093.7369444444444,0.908386456202011
frontier05634,x2309c0s0b1n0,2309,0,0,1,0,2338,32,2024-01-17 03:54:46+00:00,2026-01-01 00:54:55+00:00,714.8751041666667,215,2181.795833333333,0.9161985148462721
frontier02055,x2104c0s3b0n0,2104,0,3,0,0,2338,32,2024-01-17 03:54:06+00:00,2026-01-01 00:54:55+00:00,714.8755671296296,211,2223.1480555555554,0.9130739562020109
frontier01163,x2009c0s5b0n0,2009,0,5,0,0,2337,31,2024-01-17 03:51:58+00:00,2026-01-01 00:54:55+00:00,714.8770486111111,212,2232.6244444444446,0.888729094348807
frontier03606,x2204c1s2b1n0,2204,1,2,1,0,2337,32,2024-01-17 03:54:06+00:00,2026-01-01 00:54:55+00:00,714.8755671296296,219,2200.945277777778,0.9191964320104424
frontier07045,x2408c0s2b0n0,2408,0,2,0,0,2337,32,2024-01-17 00:14:14+00:00,2026-01-01 00:54:55+00:00,715.0282523148148,216,2206.6116666666667,0.9169982411331332
frontier06273,x2402c0s0b0n0,2402,0,0,0,0,2337,32,2024-01-17 03:54:46+00:00,2026-01-01 00:54:55+00:00,714.8751041666667,217,2277.5430555555554,0.9176334906547036
frontier05392,x2307c0s7b1n0,2307,0,7,1,0,2337,32,2024-01-17 03:54:06+00:00,2026-01-01 00:54:55+00:00,714.8755671296296,214,2165.498888888889,0.9152901820104424
frontier02585,x2108c1s4b0n0,2108,1,4,0,0,2337,32,2024-01-17 03:54:06+00:00,2026-01-01 00:54:55+00:00,714.8755671296296,210,2138.1383333333333,0.9121651820104425
frontier01413,x2011c0s2b0n0,2011,0,2,0,0,2337,32,2024-01-17 03:54:06+00:00,2026-01-01 00:54:55+00:00,714.8755671296296,211,2217.217222222222,0.9129464320104425
frontier00919,x2007c1s3b0n0,2007,1,3,0,0,2336,32,2024-01-17 03:54:06+00:00,2026-01-01 00:54:55+00:00,714.8755671296296,213,2142.5069444444443,0.9143813532630688
frontier01555,x2100c1s1b0n0,2100,1,1,0,0,2336,31,2024-01-17 03:54:06+00:00,2026-01-01 00:54:55+00:00,714.8755671296296,211,2149.8688888888887,0.8878188532630688
frontier04615,x2300c0s3b0n0,2300,0,3,0,0,2336,31,2024-01-17 03:54:46+00:00,2026-01-01 00:54:55+00:00,714.8751041666667,214,2156.51,0.8901621619073299
frontier02957,x2111c0s6b0n0,2111,0,6,0,0,2335,31,2024-01-17 03:54:06+00:00,2026-01-01 00:54:55+00:00,714.8755671296296,207,2089.763611111111,0.8845662199131907
frontier00916,x2007c1s1b1n0,2007,1,1,1,0,2335,31,2024-01-17 03:54:06+00:00,2026-01-01 00:54:55+00:00,714.8755671296296,212,2173.6677777777777,0.8884724699131907
frontier03355,x2202c1s5b0n0,2202,1,5,0,0,2335,31,2024-01-17 03:54:06+00:00,2026-01-01 00:54:55+00:00,714.8755671296296,211,2181.089722222222,0.8876912199131907
frontier02827,x2110c0s5b0n0,2110,0,5,0,0,2335,31,2024-01-17 03:51:58+00:00,2026-01-01 00:54:55+00:00,714.8770486111111,205,2151.8925,0.8830051322515552
frontier01164,x2009c0s5b1n0,2009,0,5,1,0,2335,33,2024-01-17 03:54:06+00:00,2026-01-01 00:54:55+00:00,714.8755671296296,210,2160.9958333333334,0.9369099699131908
frontier03467,x2203c0s5b0n0,2203,0,5,0,0,2335,31,2024-01-17 03:51:58+00:00,2026-01-01 00:54:55+00:00,714.8770486111111,216,2206.606111111111,0.8915988822515551
frontier01548,x2100c0s5b1n0,2100,0,5,1,0,2335,32,2024-01-17 03:54:06+00:00,2026-01-01 04:45:58+00:00,715.0360185185185,207,2162.072222222222,0.9097191827784016
frontier00154,x2001c1s4b1n0,2001,1,4,1,0,2334,31,2024-01-17 03:54:07+00:00,2026-01-01 00:54:55+00:00,714.8755555555556,207,2180.112777777778,0.8844385208801561
frontier03988,x2207c1s1b1n0,2207,1,1,1,0,2334,31,2024-01-17 03:54:06+00:00,2026-01-01 00:54:55+00:00,714.8755671296296,212,2115.4969444444446,0.8883447819140495
frontier04501,x2211c1s2b0n0,2211,1,2,0,0,2334,32,2024-01-17 04:29:09+00:00,2026-01-01 00:54:55+00:00,714.8512268518518,215,2204.4255555555555,0.9156653276360766
frontier00143,x2001c0s7b0n0,2001,0,7,0,0,2333,32,2024-01-17 03:54:06+00:00,2026-01-01 00:54:55+00:00,714.8755671296296,210,2197.2716666666665,0.9116545392188264
frontier03605,x2204c1s2b0n0,2204,1,2,0,0,2333,31,2024-01-17 03:54:06+00:00,2026-01-01 00:54:55+00:00,714.8755671296296,213,2190.1541666666667,0.8889982892188264
frontier03222,x2201c1s2b1n0,2201,1,2,1,0,2333,33,2024-01-17 03:54:06+00:00,2026-01-01 00:54:55+00:00,714.8755671296296,213,2159.0516666666667,0.9389982892188264
frontier01296,x2010c0s7b1n0,2010,0,7,1,0,2333,31,2024-01-17 04:47:13+00:00,2026-01-01 00:54:55+00:00,714.8386805555556,201,2116.5847222222224,0.8795881242003292
frontier04357,x2210c0s2b0n0,2210,0,2,0,0,2333,32,2024-01-17 00:14:14+00:00,2026-01-01 00:54:55+00:00,715.0282523148148,211,2212.802222222222,0.912581348341517
frontier00789,x2006c1s2b0n0,2006,1,2,0,0,2332,31,2024-01-17 03:54:06+00:00,2026-01-01 00:54:55+00:00,714.8755671296296,214,2188.657777777778,0.8896517417806424
frontier04234,x2209c0s4b1n0,2209,0,4,1,0,2332,31,2024-01-17 03:54:06+00:00,2026-01-01 00:54:55+00:00,714.8755671296296,211,2159.2491666666665,0.8873079917806425
frontier00784,x2006c0s7b1n0,2006,0,7,1,0,2332,32,2024-01-17 04:47:13+00:00,2026-01-01 00:54:55+00:00,714.8386805555556,211,2177.9683333333332,0.9122728267621454
frontier02714,x2109c1s4b1n0,2109,1,4,1,0,2332,31,2024-01-17 03:54:07+00:00,2026-01-01 02:44:51+00:00,714.9518981481482,210,2166.6222222222223,0.8865995103080945
frontier06167,x2401c1s3b0n0,2401,1,3,0,0,2332,30,2024-01-17 03:54:06+00:00,2026-01-01 00:54:55+00:00,714.8755671296296,224,2231.4505555555556,0.8724642417806425
frontier04232,x2209c0s3b1n0,2209,0,3,1,0,2332,32,2024-01-17 04:29:09+00:00,2026-01-01 00:54:55+00:00,714.8512268518518,212,2170.5444444444443,0.9130660375026697
frontier03346,x2202c1s0b1n0,2202,1,0,1,0,2332,31,2024-01-17 04:47:13+00:00,2026-01-01 00:54:55+00:00,714.8386805555556,216,2075.626111111111,0.8911790767621454
frontier00151,x2001c1s3b0n0,2001,1,3,0,0,2332,31,2024-01-17 03:54:06+00:00,2026-01-01 00:54:55+00:00,714.8755671296296,209,2151.6605555555557,0.8857454917806424
frontier05273,x2306c1s4b0n0,2306,1,4,0,0,2332,32,2024-01-17 03:54:06+00:00,2026-01-01 00:54:55+00:00,714.8755671296296,216,2180.468611111111,0.9162142417806425
frontier04630,x2300c1s2b1n0,2300,1,2,1,0,2332,32,2024-01-17 04:09:35+00:00,2026-01-01 00:54:55+00:00,714.8648148148148,218,2266.2594444444444,0.9177664912936064
frontier03457,x2203c0s0b0n0,2203,0,0,0,0,2332,32,2024-01-17 03:54:46+00:00,2026-01-01 00:54:55+00:00,714.8751041666667,201,2091.1475,0.9044950504249036
frontier02576,x2108c0s7b1n0,2108,0,7,1,0,2331,31,2024-01-17 03:51:58+00:00,2026-01-01 04:45:58+00:00,715.0375,208,2116.0533333333333,0.8849907647561338
frontier02842,x2110c1s4b1n0,2110,1,4,1,0,2331,31,2024-01-17 03:54:07+00:00,2026-01-01 00:54:55+00:00,714.8755555555556,215,2167.7744444444443,0.8903051285186651
frontier01796,x2102c0s1b1n0,2102,0,1,1,0,2331,32,2024-01-17 03:54:06+00:00,2026-01-01 00:54:55+00:00,714.8755671296296,200,2234.3386111111113,0.9035863895525585
frontier00514,x2004c0s0b1n0,2004,0,0,1,0,2331,32,2024-01-17 03:54:46+00:00,2026-01-01 00:54:55+00:00,714.8751041666667,214,2209.887222222222,0.9145234481968196
frontier06793,x2406c0s4b0n0,2406,0,4,0,0,2330,31,2024-01-17 03:54:06+00:00,2026-01-01 00:54:55+00:00,714.8755671296296,213,2227.805,0.8886147324875747
frontier03221,x2201c1s2b0n0,2201,1,2,0,0,2330,32,2024-01-17 03:54:06+00:00,2026-01-01 00:54:55+00:00,714.8755671296296,212,2171.123611111111,0.9128334824875748
frontier01047,x2008c1s3b0n0,2008,1,3,0,0,2330,32,2024-01-17 03:54:06+00:00,2026-01-01 00:54:55+00:00,714.8755671296296,213,2153.041111111111,0.9136147324875747
frontier03463,x2203c0s3b0n0,2203,0,3,0,0,2330,32,2024-01-17 03:54:06+00:00,2026-01-01 00:54:55+00:00,714.8755671296296,216,2171.523888888889,0.9159584824875747
frontier00399,x2003c0s7b0n0,2003,0,7,0,0,2330,31,2024-01-17 03:54:06+00:00,2026-01-01 00:54:55+00:00,714.8755671296296,208,2212.523888888889,0.8847084824875747
frontier03600,x2204c0s7b1n0,2204,0,7,1,0,2329,31,2024-01-17 04:29:09+00:00,2026-01-01 00:54:55+00:00,714.8512268518518,214,2221.4430555555555,0.8892448162606577
frontier03470,x2203c0s6b1n0,2203,0,6,1,0,2329,32,2024-01-17 03:54:06+00:00,2026-01-01 00:54:55+00:00,714.8755671296296,209,2165.1097222222224,0.9103617705386307
frontier02183,x2105c0s3b0n0,2105,0,3,0,0,2329,32,2024-01-17 03:54:06+00:00,2026-01-01 00:54:55+00:00,714.8755671296296,212,2198.0197222222223,0.9127055205386307
frontier03477,x2203c1s2b0n0,2203,1,2,0,0,2329,31,2024-01-17 03:54:06+00:00,2026-01-01 00:54:55+00:00,714.8755671296296,217,2090.5602777777776,0.8916117705386307
frontier06288,x2402c0s7b1n0,2402,0,7,1,0,2329,30,2024-01-17 03:54:06+00:00,2026-01-01 00:54:55+00:00,714.8755671296296,219,2216.4025,0.8681742705386306
frontier00920,x2007c1s3b1n0,2007,1,3,1,0,2328,32,2024-01-17 03:54:06+00:00,2026-01-01 00:54:55+00:00,714.8755671296296,220,2221.118611111111,0.9188275036586061
frontier05639,x2309c0s3b0n0,2309,0,3,0,0,2328,31,2024-01-17 03:54:06+00:00,2026-01-01 00:54:55+00:00,714.8755671296296,209,2155.001388888889,0.8852337536586061
frontier02692,x2109c0s1b1n0,2109,0,1,1,0,2328,32,2024-01-17 03:54:06+00:00,2026-01-01 04:18:40+00:00,715.0170601851852,212,2191.081388888889,0.9127123930063088
frontier03729,x2205c1s0b0n0,2205,1,0,0,0,2328,32,2024-01-17 03:54:06+00:00,2026-01-01 00:54:55+00:00,714.8755671296296,210,2124.866666666667,0.9110150036586061
frontier04109,x2208c0s6b0n0,2208,0,6,0,0,2328,31,2024-01-17 03:54:06+00:00,2026-01-01 00:54:55+00:00,714.8755671296296,211,2241.4977777777776,0.886796253658606
frontier00649,x2005c0s4b0n0,2005,0,4,0,0,2328,31,2024-01-17 03:54:06+00:00,2026-01-01 00:54:55+00:00,714.8755671296296,212,2166.213888888889,0.8875775036586061
frontier03481,x2203c1s4b0n0,2203,1,4,0,0,2327,31,2024-01-17 03:54:06+00:00,2026-01-01 00:54:55+00:00,714.8755671296296,217,2209.1813888888887,0.8913556818003188
frontier05006,x2303c0s6b1n0,2303,0,6,1,0,2327,32,2024-01-17 04:29:09+00:00,2025-12-31 20:08:54+00:00,714.6526041666667,215,2209.9455555555555,0.9145806248764623
frontier04494,x2211c0s6b1n0,2211,0,6,1,0,2327,31,2024-01-17 03:54:06+00:00,2026-01-01 00:54:55+00:00,714.8755671296296,207,2211.0461111111113,0.8835431818003188
frontier03994,x2207c1s4b1n0,2207,1,4,1,0,2327,32,2024-01-17 03:54:06+00:00,2026-01-01 00:54:55+00:00,714.8755671296296,211,2153.6869444444446,0.9116681818003187
frontier05256,x2306c0s3b1n0,2306,0,3,1,0,2326,31,2024-01-17 03:54:06+00:00,2026-01-01 00:54:55+00:00,714.8755671296296,210,2197.1588888888887,0.8857588049165271
frontier06282,x2402c0s4b1n0,2402,0,4,1,0,2326,31,2024-01-17 03:54:06+00:00,2026-01-01 00:54:55+00:00,714.8755671296296,208,2171.6408333333334,0.8841963049165271
frontier05913,x2311c1s4b0n0,2311,1,4,0,0,2326,32,2024-01-17 04:29:11+00:00,2026-01-01 00:54:55+00:00,714.8512037037037,220,2188.929722222222,0.9185480785707673
frontier02962,x2111c1s0b1n0,2111,1,0,1,0,2326,31,2024-01-17 03:54:06+00:00,2026-01-01 00:54:55+00:00,714.8755671296296,213,2128.68,0.8881025549165271
frontier05263,x2306c0s7b0n0,2306,0,7,0,0,2326,31,2024-01-17 03:54:06+00:00,2026-01-01 00:54:55+00:00,714.8755671296296,213,2136.481388888889,0.8881025549165271
frontier00655,x2005c0s7b0n0,2005,0,7,0,0,2326,31,2024-01-17 03:54:06+00:00,2025-12-31 08:27:44+00:00,714.1900231481482,206,2153.492222222222,0.8819802563722506
frontier06538,x2404c0s4b1n0,2404,0,4,1,0,2326,31,2024-01-17 03:54:06+00:00,2026-01-01 00:54:55+00:00,714.8755671296296,223,2189.1388888888887,0.8959150549165271
frontier02319,x2106c0s7b0n0,2106,0,7,0,0,2325,31,2024-01-17 03:54:06+00:00,2026-01-01 04:45:58+00:00,715.0360185185185,208,2096.0338888888887,0.884221085825138
frontier03334,x2202c0s2b1n0,2202,0,2,1,0,2325,31,2024-01-17 03:54:06+00:00,2026-01-01 00:54:55+00:00,714.8755671296296,209,2162.673888888889,0.8848493729599272
frontier04243,x2209c1s1b0n0,2209,1,1,0,0,2325,32,2024-01-17 03:54:06+00:00,2026-01-01 00:54:55+00:00,714.8755671296296,207,2154.536666666667,0.9082868729599273
frontier02965,x2111c1s2b0n0,2111,1,2,0,0,2325,31,2024-01-17 03:54:06+00:00,2026-01-01 02:44:51+00:00,714.9519097222222,213,2131.043888888889,0.8880471525212725
frontier01043,x2008c1s1b0n0,2008,1,1,0,0,2325,32,2024-01-17 03:54:06+00:00,2026-01-01 00:54:55+00:00,714.8755671296296,214,2177.2536111111112,0.9137556229599273
frontier03734,x2205c1s2b1n0,2205,1,2,1,0,2324,32,2024-01-17 04:29:09+00:00,2026-01-01 00:54:55+00:00,714.8512268518518,219,2227.784722222222,0.9175104316051821
frontier02839,x2110c1s3b0n0,2110,1,3,0,0,2324,31,2024-01-17 03:54:06+00:00,2026-01-01 04:45:58+00:00,715.0360185185185,212,2132.4930555555557,0.8872178487483658
frontier05398,x2307c1s2b1n0,2307,1,2,1,0,2324,32,2024-01-17 03:54:06+00:00,2026-01-01 00:54:55+00:00,714.8755671296296,217,2165.3166666666666,0.915971135883155
frontier02712,x2109c1s3b1n0,2109,1,3,1,0,2324,31,2024-01-17 03:54:06+00:00,2026-01-01 02:44:51+00:00,714.9519097222222,210,2116.257222222222,0.8855751654445003
frontier00529,x2004c1s0b0n0,2004,1,0,0,0,2324,32,2024-01-17 04:47:13+00:00,2026-01-01 00:54:55+00:00,714.8386805555556,213,2142.7394444444444,0.9128109708646578
frontier00260,x2002c0s1b1n0,2002,0,1,1,0,2324,32,2024-01-17 03:54:06+00:00,2026-01-01 00:54:55+00:00,714.8755671296296,211,2317.4866666666667,0.911283635883155
frontier05505,x2308c0s0b0n0,2308,0,0,0,0,2323,32,2024-01-17 03:54:46+00:00,2026-01-01 00:54:55+00:00,714.8751041666667,202,2142.1869444444446,0.9041236522830464
frontier00138,x2001c0s4b1n0,2001,0,4,1,0,2323,33,2024-01-17 03:54:06+00:00,2026-01-01 00:54:55+00:00,714.8755671296296,214,2251.8855555555556,0.9384990936387854
frontier03716,x2205c0s1b1n0,2205,0,1,1,0,2323,31,2024-01-17 03:51:58+00:00,2026-01-01 00:54:55+00:00,714.8770486111111,213,2214.1744444444444,0.8877192559771497
frontier01938,x2103c1s0b1n0,2103,1,0,1,0,2323,31,2024-01-17 03:54:06+00:00,2026-01-01 00:54:55+00:00,714.8755671296296,213,2205.655,0.8877178436387853
frontier03082,x2200c0s4b1n0,2200,0,4,1,0,2323,31,2024-01-17 03:54:06+00:00,2026-01-01 00:54:55+00:00,714.8755671296296,206,2126.8875,0.8822490936387852
frontier05766,x2310c0s2b1n0,2310,0,2,1,0,2323,32,2024-01-17 03:54:06+00:00,2026-01-01 00:54:55+00:00,714.8755671296296,210,2228.0983333333334,0.9103740936387853
frontier00900,x2007c0s1b1n0,2007,0,1,1,0,2322,33,2024-01-17 03:54:06+00:00,2026-01-01 00:54:55+00:00,714.8755671296296,214,2249.494722222222,0.9383707461793314
frontier04230,x2209c0s2b1n0,2209,0,2,1,0,2322,32,2024-01-17 03:54:46+00:00,2026-01-01 00:54:55+00:00,714.8751041666667,216,2229.9891666666667,0.9149328048235925
frontier05764,x2310c0s1b1n0,2310,0,1,1,0,2322,32,2024-01-17 03:51:22+00:00,2026-01-01 00:54:55+00:00,714.8774652777778,214,2245.3075,0.9133725557378609
frontier02054,x2104c0s2b1n0,2104,0,2,1,0,2322,32,2024-01-17 04:47:13+00:00,2026-01-01 00:54:55+00:00,714.8386805555556,208,2174.338888888889,0.9086480811608342
frontier01937,x2103c1s0b0n0,2103,1,0,0,0,2322,31,2024-01-17 04:58:24+00:00,2026-01-01 04:45:58+00:00,714.9913657407408,210,2184.5294444444444,0.8853561402835249
frontier03330,x2202c0s0b1n0,2202,0,0,1,0,2322,32,2024-01-17 03:54:46+00:00,2026-01-01 00:54:55+00:00,714.8751041666667,211,2197.4583333333335,0.9110265548235925
frontier05896,x2311c0s3b1n0,2311,0,3,1,0,2321,32,2024-01-17 04:29:09+00:00,2026-01-01 00:54:55+00:00,714.8512268518518,214,2149.5847222222224,0.9132191391792721
frontier03090,x2200c1s0b1n0,2200,1,0,1,0,2321,32,2024-01-17 03:54:06+00:00,2026-01-01 04:18:40+00:00,715.0170601851852,202,2065.3572222222224,0.9040022328049476
frontier01157,x2009c0s2b0n0,2009,0,2,0,0,2321,32,2024-01-17 03:54:06+00:00,2026-01-01 00:54:55+00:00,714.8755671296296,212,2275.6213888888888,0.911679843457245
frontier02961,x2111c1s0b0n0,2111,1,0,0,0,2321,31,2024-01-17 04:58:24+00:00,2026-01-01 00:54:55+00:00,714.8309143518519,206,2175.7594444444444,0.8819497746962276
frontier03076,x2200c0s1b1n0,2200,0,1,1,0,2321,31,2024-01-17 03:54:06+00:00,2026-01-01 00:54:55+00:00,714.8755671296296,210,2189.7272222222223,0.8851173434572449
frontier03461,x2203c0s2b0n0,2203,0,2,0,0,2321,31,2024-01-17 03:54:06+00:00,2026-01-01 00:54:55+00:00,714.8755671296296,212,2162.2952777777778,0.8866798434572449
frontier01424,x2011c0s7b1n0,2011,0,7,1,0,2320,32,2024-01-17 04:47:13+00:00,2026-01-01 00:54:55+00:00,714.8386805555556,212,2147.953611111111,0.91151622040642
frontier04372,x2210c1s1b1n0,2210,1,1,1,0,2320,32,2024-01-17 04:10:12+00:00,2026-01-01 00:54:55+00:00,714.864386574074,213,2150.0383333333334,0.9123219766838225
frontier03476,x2203c1s1b1n0,2203,1,1,1,0,2320,32,2024-01-17 03:54:06+00:00,2026-01-01 00:54:55+00:00,714.8755671296296,213,2131.971111111111,0.9123326354249172
frontier04624,x2300c0s7b1n0,2300,0,7,1,0,2320,32,2024-01-17 04:10:12+00:00,2026-01-01 00:54:55+00:00,714.864386574074,214,2192.9544444444446,0.9131032266838226
frontier00777,x2006c0s4b0n0,2006,0,4,0,0,2320,31,2024-01-17 03:54:06+00:00,2026-01-01 00:54:55+00:00,714.8755671296296,209,2188.4411111111112,0.8842076354249171
frontier04237,x2209c0s6b0n0,2209,0,6,0,0,2320,31,2024-01-17 03:54:06+00:00,2026-01-01 00:54:55+00:00,714.8755671296296,214,2191.3844444444444,0.8881138854249171
frontier01040,x2008c0s7b1n0,2008,0,7,1,0,2320,32,2024-01-17 04:47:13+00:00,2026-01-01 00:54:55+00:00,714.8386805555556,214,2163.953611111111,0.9130787204064199
frontier01551,x2100c0s7b0n0,2100,0,7,0,0,2319,32,2024-01-17 03:54:06+00:00,2026-01-01 04:45:58+00:00,715.0360185185185,211,2127.4580555555553,0.9107945848998873
frontier03226,x2201c1s4b1n0,2201,1,4,1,0,2319,32,2024-01-17 03:54:06+00:00,2026-01-01 00:54:55+00:00,714.8755671296296,210,2122.0,0.9098603720346765
frontier03220,x2201c1s1b1n0,2201,1,1,1,0,2319,32,2024-01-17 03:54:06+00:00,2026-01-01 00:54:55+00:00,714.8755671296296,211,2099.6227777777776,0.9106416220346765
frontier04870,x2302c0s2b1n0,2302,0,2,1,0,2319,31,2024-01-17 03:54:06+00:00,2026-01-01 00:54:55+00:00,714.8755671296296,213,2180.311111111111,0.8872041220346765
frontier02324,x2106c1s1b1n0,2106,1,1,1,0,2319,31,2024-01-17 03:54:06+00:00,2026-01-01 02:44:51+00:00,714.9519097222222,211,2176.8958333333335,0.8857144015960218
frontier01818,x2102c1s4b1n0,2102,1,4,1,0,2319,31,2024-01-17 03:54:06+00:00,2026-01-01 00:54:55+00:00,714.8755671296296,211,2164.5219444444447,0.8856416220346764
frontier00009,x2000c0s4b0n0,2000,0,4,0,0,2319,31,2024-01-17 03:54:06+00:00,2026-01-01 00:54:55+00:00,714.8755671296296,208,2294.9419444444443,0.8832978720346765
frontier02968,x2111c1s3b1n0,2111,1,3,1,0,2319,31,2024-01-17 03:54:06+00:00,2026-01-01 00:54:55+00:00,714.8755671296296,207,2106.5197222222223,0.8825166220346765
frontier04239,x2209c0s7b0n0,2209,0,7,0,0,2319,31,2024-01-17 03:54:06+00:00,2026-01-01 00:54:55+00:00,714.8755671296296,205,2085.6258333333335,0.8809541220346765
frontier00528,x2004c0s7b1n0,2004,0,7,1,0,2319,31,2024-01-17 03:54:06+00:00,2026-01-01 00:54:55+00:00,714.8755671296296,211,2214.4133333333334,0.8856416220346764
frontier01037,x2008c0s6b0n0,2008,0,6,0,0,2318,33,2024-01-17 03:54:06+00:00,2026-01-01 00:54:55+00:00,714.8755671296296,211,2165.6872222222223,0.9355130532387906
frontier00153,x2001c1s4b0n0,2001,1,4,0,0,2318,31,2024-01-17 03:54:06+00:00,2026-01-01 00:54:55+00:00,714.8755671296296,210,2241.6491666666666,0.8847318032387906
frontier00270,x2002c0s6b1n0,2002,0,6,1,0,2318,31,2024-01-17 03:54:06+00:00,2025-12-31 08:27:44+00:00,714.1900231481482,213,2172.116666666667,0.8864220046945142
frontier03591,x2204c0s3b0n0,2204,0,3,0,0,2318,31,2024-01-17 03:54:06+00:00,2026-01-01 00:54:55+00:00,714.8755671296296,209,2203.6094444444443,0.8839505532387906
frontier04124,x2208c1s5b1n0,2208,1,5,1,0,2318,32,2024-01-17 03:54:06+00:00,2026-01-01 00:54:55+00:00,714.8755671296296,213,2167.1780555555556,0.9120755532387906
frontier02709,x2109c1s2b0n0,2109,1,2,0,0,2318,31,2024-01-17 03:54:06+00:00,2026-01-01 00:54:55+00:00,714.8755671296296,211,2196.0105555555556,0.8855130532387906
frontier03462,x2203c0s2b1n0,2203,0,2,1,0,2317,31,2024-01-17 03:54:06+00:00,2026-01-01 00:54:55+00:00,714.8755671296296,212,2177.6483333333335,0.8861656789894652
frontier02569,x2108c0s4b0n0,2108,0,4,0,0,2317,31,2024-01-17 03:54:06+00:00,2026-01-01 00:54:55+00:00,714.8755671296296,205,2129.7719444444447,0.8806969289894652
frontier00644,x2005c0s1b1n0,2005,0,1,1,0,2317,32,2024-01-17 03:54:06+00:00,2026-01-01 00:54:55+00:00,714.8755671296296,206,2242.967222222222,0.9064781789894651
frontier05255,x2306c0s3b0n0,2306,0,3,0,0,2317,32,2024-01-17 03:54:06+00:00,2026-01-01 00:54:55+00:00,714.8755671296296,211,2131.6758333333332,0.9103844289894651
frontier05515,x2308c0s5b0n0,2308,0,5,0,0,2317,32,2024-01-17 03:54:06+00:00,2026-01-01 00:54:55+00:00,714.8755671296296,222,2249.5830555555553,0.9189781789894652
frontier05769,x2310c0s4b0n0,2310,0,4,0,0,2317,31,2024-01-17 03:54:06+00:00,2026-01-01 00:54:55+00:00,714.8755671296296,213,2225.451111111111,0.8869469289894651
frontier06424,x2403c1s3b1n0,2403,1,3,1,0,2317,30,2024-01-17 04:10:12+00:00,2026-01-01 00:54:55+00:00,714.864386574074,221,2222.1444444444446,0.8681862702483705
frontier03095,x2200c1s3b0n0,2200,1,3,0,0,2317,31,2024-01-17 03:54:06+00:00,2026-01-01 00:54:55+00:00,714.8755671296296,215,2198.5594444444446,0.8885094289894652
frontier03225,x2201c1s4b0n0,2201,1,4,0,0,2317,31,2024-01-17 03:54:06+00:00,2026-01-01 00:54:55+00:00,714.8755671296296,213,2195.1625,0.8869469289894651
frontier06667,x2405c0s5b0n0,2405,0,5,0,0,2316,31,2024-01-17 03:54:06+00:00,2026-01-01 00:54:55+00:00,714.8755671296296,217,2208.9866666666667,0.8899432492388437
frontier01158,x2009c0s2b1n0,2009,0,2,1,0,2316,32,2024-01-17 04:29:09+00:00,2026-01-01 04:03:14+00:00,714.9820023148148,213,2227.1908333333336,0.9119197169232178
frontier04875,x2302c0s5b0n0,2302,0,5,0,0,2316,32,2024-01-17 04:29:09+00:00,2026-01-01 00:54:55+00:00,714.8512268518518,216,2213.5569444444445,0.9141387949608707
frontier00023,x2000c1s3b0n0,2000,1,3,0,0,2316,31,2024-01-17 03:54:06+00:00,2026-01-01 00:54:55+00:00,714.8755671296296,216,2214.4580555555553,0.8891619992388436
frontier01420,x2011c0s5b1n0,2011,0,5,1,0,2316,32,2024-01-17 03:54:06+00:00,2026-01-01 04:45:26+00:00,715.0356481481482,214,2206.1233333333334,0.9127521090194635
frontier07046,x2408c0s2b1n0,2408,0,2,1,0,2316,31,2024-01-17 03:54:06+00:00,2026-01-01 00:54:55+00:00,714.8755671296296,214,2219.046388888889,0.8875994992388436
frontier06810,x2406c1s4b1n0,2406,1,4,1,0,2316,30,2024-01-17 03:54:07+00:00,2026-01-01 00:54:55+00:00,714.8755555555556,222,2274.2775,0.8688494882049502
frontier03846,x2206c0s2b1n0,2206,0,2,1,0,2316,32,2024-01-17 04:47:13+00:00,2026-01-01 00:54:55+00:00,714.8386805555556,205,2112.4630555555555,0.9055330842203465
frontier02196,x2105c1s1b1n0,2105,1,1,1,0,2315,32,2024-01-17 03:54:06+00:00,2026-01-01 00:54:55+00:00,714.8755671296296,212,2104.6266666666666,0.9109082639390079
frontier06402,x2403c0s0b1n0,2403,0,0,1,0,2315,31,2024-01-17 04:29:09+00:00,2026-01-01 00:54:55+00:00,714.8512268518518,210,2241.5380555555557,0.8843225596610349
frontier00267,x2002c0s5b0n0,2002,0,5,0,0,2315,32,2024-01-17 03:54:06+00:00,2026-01-01 00:54:55+00:00,714.8755671296296,208,2228.3366666666666,0.9077832639390079
frontier04116,x2208c1s1b1n0,2208,1,1,1,0,2315,31,2024-01-17 04:10:12+00:00,2026-01-01 00:54:55+00:00,714.864386574074,218,2218.1652777777776,0.8905851051979132
frontier04490,x2211c0s4b1n0,2211,0,4,1,0,2315,31,2024-01-17 03:54:06+00:00,2025-12-31 08:27:44+00:00,714.1900231481482,213,2212.6444444444446,0.8860359653947314
frontier02328,x2106c1s3b1n0,2106,1,3,1,0,2315,32,2024-01-17 03:54:06+00:00,2026-01-01 00:54:55+00:00,714.8755671296296,205,2125.766111111111,0.9054395139390079
frontier03081,x2200c0s4b0n0,2200,0,4,0,0,2315,32,2024-01-17 03:51:58+00:00,2026-01-01 00:54:55+00:00,714.8770486111111,205,2166.0819444444446,0.9054409262773724
frontier00533,x2004c1s2b0n0,2004,1,2,0,0,2315,31,2024-01-17 03:54:06+00:00,2026-01-01 00:54:55+00:00,714.8755671296296,215,2184.0933333333332,0.8882520139390079
frontier06021,x2400c0s2b0n0,2400,0,2,0,0,2315,31,2024-01-17 00:14:14+00:00,2026-01-01 00:54:55+00:00,715.0282523148148,209,2198.215277777778,0.8837100730616985
frontier02952,x2111c0s3b1n0,2111,0,3,1,0,2315,31,2024-01-17 03:54:06+00:00,2026-01-01 00:54:55+00:00,714.8755671296296,206,2118.525277777778,0.8812207639390078
frontier00793,x2006c1s4b0n0,2006,1,4,0,0,2314,31,2024-01-17 03:54:07+00:00,2026-01-01 00:54:55+00:00,714.8755555555556,212,2174.5705555555555,0.8857794620080846
frontier00133,x2001c0s2b0n0,2001,0,2,0,0,2314,32,2024-01-17 03:54:06+00:00,2026-01-01 00:54:55+00:00,714.8755671296296,207,2182.2805555555556,0.9068732230419779
frontier00785,x2006c1s0b0n0,2006,1,0,0,0,2314,32,2024-01-17 03:54:06+00:00,2026-01-01 00:54:55+00:00,714.8755671296296,210,2144.0777777777776,0.9092169730419779
frontier00259,x2002c0s1b0n0,2002,0,1,0,0,2314,32,2024-01-17 03:54:06+00:00,2026-01-01 00:54:55+00:00,714.8755671296296,214,2346.4905555555556,0.912341973041978
frontier01304,x2010c1s3b1n0,2010,1,3,1,0,2314,31,2024-01-17 03:54:06+00:00,2026-01-01 00:54:55+00:00,714.8755671296296,220,2212.4491666666668,0.8920294730419779
frontier01423,x2011c0s7b0n0,2011,0,7,0,0,2314,33,2024-01-17 03:54:06+00:00,2026-01-01 04:03:14+00:00,715.0063425925925,215,2170.971111111111,0.938247895004325
frontier01543,x2100c0s3b0n0,2100,0,3,0,0,2314,32,2024-01-17 03:54:06+00:00,2026-01-01 00:54:55+00:00,714.8755671296296,209,2215.288611111111,0.908435723041978
frontier01415,x2011c0s3b0n0,2011,0,3,0,0,2314,31,2024-01-17 03:54:06+00:00,2026-01-01 04:45:26+00:00,715.0356481481482,207,2201.851111111111,0.8820258328225976
frontier03342,x2202c0s6b1n0,2202,0,6,1,0,2314,31,2024-01-17 03:54:06+00:00,2026-01-01 00:54:55+00:00,714.8755671296296,210,2102.9419444444443,0.8842169730419779
frontier03350,x2202c1s2b1n0,2202,1,2,1,0,2314,31,2024-01-17 03:54:06+00:00,2026-01-01 00:54:55+00:00,714.8755671296296,211,2110.9180555555554,0.8849982230419778
frontier03987,x2207c1s1b0n0,2207,1,1,0,0,2313,33,2024-01-17 04:10:12+00:00,2026-01-01 00:54:55+00:00,714.864386574074,209,2174.7244444444445,0.9332962177586162
frontier01039,x2008c0s7b0n0,2008,0,7,0,0,2313,32,2024-01-17 03:54:06+00:00,2026-01-01 00:54:55+00:00,714.8755671296296,214,2204.992222222222,0.9122131264997109
frontier01432,x2011c1s3b1n0,2011,1,3,1,0,2313,31,2024-01-17 03:54:06+00:00,2026-01-01 04:45:26+00:00,715.0356481481482,209,2125.7794444444444,0.8834594862803304
frontier06414,x2403c0s6b1n0,2403,0,6,1,0,2313,31,2024-01-17 03:54:06+00:00,2026-01-01 00:54:55+00:00,714.8755671296296,216,2201.9836111111113,0.8887756264997108
frontier02584,x2108c1s3b1n0,2108,1,3,1,0,2313,32,2024-01-17 03:54:06+00:00,2026-01-01 00:54:55+00:00,714.8755671296296,209,2125.4525,0.9083068764997109
frontier02325,x2106c1s2b0n0,2106,1,2,0,0,2313,32,2024-01-17 03:54:06+00:00,2026-01-01 00:54:55+00:00,714.8755671296296,209,2119.9797222222223,0.9083068764997109
frontier02970,x2111c1s4b1n0,2111,1,4,1,0,2312,31,2024-01-17 03:54:07+00:00,2026-01-01 02:44:51+00:00,714.9518981481482,213,2190.126111111111,0.8863757427915537
frontier05381,x2307c0s2b0n0,2307,0,2,0,0,2312,32,2024-01-17 00:14:14+00:00,2026-01-01 00:54:55+00:00,715.0282523148148,213,2194.0680555555555,0.9114485333867925
frontier06292,x2402c1s1b1n0,2402,1,1,1,0,2312,31,2024-01-17 04:09:35+00:00,2026-01-01 00:54:55+00:00,714.8648148148148,220,2227.026388888889,0.8917614737770657
frontier01805,x2102c0s6b0n0,2102,0,6,0,0,2312,31,2024-01-17 03:54:06+00:00,2026-01-01 00:54:55+00:00,714.8755671296296,208,2140.393888888889,0.8823967242641018
frontier02312,x2106c0s3b1n0,2106,0,3,1,0,2312,32,2024-01-17 03:54:06+00:00,2026-01-01 00:54:55+00:00,714.8755671296296,203,2175.8980555555554,0.9034904742641018
frontier01544,x2100c0s3b1n0,2100,0,3,1,0,2312,31,2024-01-17 03:54:06+00:00,2026-01-01 00:54:55+00:00,714.8755671296296,210,2202.7502777777777,0.8839592242641018
frontier01932,x2103c0s5b1n0,2103,0,5,1,0,2312,31,2024-01-17 03:54:06+00:00,2026-01-01 00:54:55+00:00,714.8755671296296,214,2191.425277777778,0.8870842242641017
frontier03969,x2207c0s0b0n0,2207,0,0,0,0,2312,32,2024-01-17 03:54:46+00:00,2026-01-01 00:54:55+00:00,714.8751041666667,207,2222.075,0.906615032908363
frontier05644,x2309c0s5b1n0,2309,0,5,1,0,2312,31,2024-01-17 03:54:06+00:00,2026-01-01 00:54:55+00:00,714.8755671296296,217,2196.9997222222223,0.8894279742641018
frontier05633,x2309c0s0b0n0,2309,0,0,0,0,2312,32,2024-01-17 03:54:46+00:00,2026-01-01 00:54:55+00:00,714.8751041666667,216,2204.146111111111,0.9136462829083629
frontier04883,x2302c1s1b0n0,2302,1,1,0,0,2312,32,2024-01-17 03:54:06+00:00,2026-01-01 00:54:55+00:00,714.8755671296296,213,2131.4041666666667,0.9113029742641018
frontier05257,x2306c0s4b0n0,2306,0,4,0,0,2312,32,2024-01-17 04:29:09+00:00,2026-01-01 00:54:55+00:00,714.8512268518518,209,2197.7272222222223,0.908154769986129
frontier03976,x2207c0s3b1n0,2207,0,3,1,0,2312,32,2024-01-17 03:54:06+00:00,2026-01-01 00:54:55+00:00,714.8755671296296,209,2170.510277777778,0.9081779742641019
frontier06032,x2400c0s7b1n0,2400,0,7,1,0,2311,31,2024-01-17 03:54:06+00:00,2026-01-01 00:54:55+00:00,714.8755671296296,218,2195.9205555555554,0.890080266286984
frontier06025,x2400c0s4b0n0,2400,0,4,0,0,2311,31,2024-01-17 04:29:09+00:00,2026-01-01 00:54:55+00:00,714.8512268518518,213,2196.759722222222,0.886150812009011
frontier04873,x2302c0s4b0n0,2302,0,4,0,0,2310,32,2024-01-17 04:29:09+00:00,2026-01-01 00:54:55+00:00,714.8512268518518,212,2157.130833333333,0.9102405482421543
frontier07681,x2501c0s0b0n0,2501,0,0,0,0,2310,31,2024-01-17 03:51:22+00:00,2026-01-01 00:54:55+00:00,714.8774652777778,209,2281.3830555555555,0.8829218120786566
frontier04491,x2211c0s5b0n0,2211,0,5,0,0,2310,31,2024-01-17 03:54:06+00:00,2026-01-01 00:54:55+00:00,714.8755671296296,210,2207.592777777778,0.8837012525201272
frontier03845,x2206c0s2b0n0,2206,0,2,0,0,2310,32,2024-01-17 03:54:06+00:00,2026-01-01 00:54:55+00:00,714.8755671296296,209,2138.648611111111,0.9079200025201273
frontier04994,x2303c0s0b1n0,2303,0,0,1,0,2310,31,2024-01-17 03:54:46+00:00,2026-01-01 00:54:55+00:00,714.8751041666667,207,2146.512222222222,0.8813570611643884
frontier05132,x2304c0s5b1n0,2304,0,5,1,0,2309,32,2024-01-17 03:54:06+00:00,2026-01-01 00:54:55+00:00,714.8755671296296,213,2195.1080555555554,0.9109159329152393
frontier03612,x2204c1s5b1n0,2204,1,5,1,0,2309,32,2024-01-17 03:54:07+00:00,2026-01-01 00:54:55+00:00,714.8755555555556,213,2281.342777777778,0.9109159218813458
frontier01165,x2009c0s6b0n0,2009,0,6,0,0,2309,32,2024-01-17 03:54:06+00:00,2026-01-01 00:54:55+00:00,714.8755671296296,212,2172.7616666666668,0.9101346829152394
frontier01162,x2009c0s4b1n0,2009,0,4,1,0,2309,31,2024-01-17 03:54:06+00:00,2026-01-01 00:54:55+00:00,714.8755671296296,214,2241.3913888888887,0.8866971829152392
frontier03096,x2200c1s3b1n0,2200,1,3,1,0,2309,31,2024-01-17 03:54:06+00:00,2026-01-01 04:18:40+00:00,715.0170601851852,216,2154.7966666666666,0.8883945722629419
frontier05011,x2303c1s1b0n0,2303,1,1,0,0,2309,32,2024-01-17 03:54:06+00:00,2026-01-01 00:54:55+00:00,714.8755671296296,217,2225.0325,0.9140409329152394
frontier04754,x2301c1s0b1n0,2301,1,0,1,0,2309,32,2024-01-17 03:54:06+00:00,2026-01-01 00:54:55+00:00,714.8755671296296,219,2183.818333333333,0.9156034329152394
frontier00909,x2007c0s6b0n0,2007,0,6,0,0,2308,32,2024-01-17 03:54:06+00:00,2026-01-01 00:54:55+00:00,714.8755671296296,212,2183.86,0.9100055574239655
frontier02575,x2108c0s7b0n0,2108,0,7,0,0,2308,31,2024-01-17 03:54:06+00:00,2026-01-01 00:54:55+00:00,714.8755671296296,208,2126.7341666666666,0.8818805574239654
frontier00003,x2000c0s1b0n0,2000,0,1,0,0,2308,33,2024-01-17 03:54:06+00:00,2026-01-01 00:54:55+00:00,714.8755671296296,208,2300.362222222222,0.9318805574239655
frontier00400,x2003c0s7b1n0,2003,0,7,1,0,2308,33,2024-01-17 03:54:06+00:00,2026-01-01 00:54:55+00:00,714.8755671296296,212,2189.4191666666666,0.9350055574239655
frontier04368,x2210c0s7b1n0,2210,0,7,1,0,2308,32,2024-01-17 04:29:09+00:00,2026-01-01 00:54:55+00:00,714.8512268518518,207,2153.241388888889,0.9060761031459924
frontier03872,x2206c1s7b1n0,2206,1,7,1,0,2308,31,2024-01-17 03:54:07+00:00,2026-01-01 00:54:55+00:00,714.8755555555556,213,2180.033611111111,0.8857867963900719
frontier03223,x2201c1s3b0n0,2201,1,3,0,0,2308,31,2024-01-17 03:54:06+00:00,2026-01-01 00:54:55+00:00,714.8755671296296,215,2173.132222222222,0.8873493074239654
frontier01936,x2103c0s7b1n0,2103,0,7,1,0,2307,32,2024-01-17 03:54:06+00:00,2026-01-01 04:45:58+00:00,715.0360185185185,209,2130.284166666667,0.9076855888630981
frontier03474,x2203c1s0b1n0,2203,1,0,1,0,2307,32,2024-01-17 03:54:06+00:00,2026-01-01 00:54:55+00:00,714.8755671296296,219,2148.907777777778,0.9153451259978873
frontier01810,x2102c1s0b1n0,2102,1,0,1,0,2307,32,2024-01-17 04:58:24+00:00,2026-01-01 02:44:51+00:00,714.9072569444445,204,2082.631388888889,0.9036565867982154
frontier01426,x2011c1s0b1n0,2011,1,0,1,0,2307,32,2024-01-17 03:54:06+00:00,2026-01-01 04:45:26+00:00,715.0356481481482,208,2089.935,0.906903985778507
frontier04249,x2209c1s4b0n0,2209,1,4,0,0,2307,31,2024-01-17 03:54:06+00:00,2026-01-01 00:54:55+00:00,714.8755671296296,217,2195.586111111111,0.8887826259978873
frontier00660,x2005c1s1b1n0,2005,1,1,1,0,2307,32,2024-01-17 03:54:06+00:00,2026-01-01 00:54:55+00:00,714.8755671296296,214,2157.176111111111,0.9114388759978873
frontier01795,x2102c0s1b0n0,2102,0,1,0,0,2307,32,2024-01-17 03:54:06+00:00,2026-01-01 00:54:55+00:00,714.8755671296296,206,2285.5641666666666,0.9051888759978872
frontier01928,x2103c0s3b1n0,2103,0,3,1,0,2307,31,2024-01-17 03:54:06+00:00,2026-01-01 00:54:55+00:00,714.8755671296296,211,2230.737777777778,0.8840951259978872
frontier05262,x2306c0s6b1n0,2306,0,6,1,0,2307,31,2024-01-17 03:54:06+00:00,2026-01-01 00:54:55+00:00,714.8755671296296,211,2198.036666666667,0.8840951259978872
frontier00137,x2001c0s4b0n0,2001,0,4,0,0,2307,32,2024-01-17 03:54:06+00:00,2026-01-01 00:54:55+00:00,714.8755671296296,209,2166.067777777778,0.9075326259978873
frontier03216,x2201c0s7b1n0,2201,0,7,1,0,2307,31,2024-01-17 03:54:06+00:00,2026-01-01 00:54:55+00:00,714.8755671296296,211,2107.606388888889,0.8840951259978872
frontier03604,x2204c1s1b1n0,2204,1,1,1,0,2307,31,2024-01-17 03:54:06+00:00,2026-01-01 00:54:55+00:00,714.8755671296296,214,2138.6544444444444,0.8864388759978872
frontier05385,x2307c0s4b0n0,2307,0,4,0,0,2307,32,2024-01-17 04:29:09+00:00,2026-01-01 00:54:55+00:00,714.8512268518518,213,2226.9694444444444,0.9106344217199143
frontier05252,x2306c0s1b1n0,2306,0,1,1,0,2306,32,2024-01-17 03:51:22+00:00,2026-01-01 00:54:55+00:00,714.8774652777778,214,2260.785277777778,0.9113114481470534
frontier00007,x2000c0s3b0n0,2000,0,3,0,0,2306,32,2024-01-17 03:54:06+00:00,2026-01-01 00:54:55+00:00,714.8755671296296,206,2216.715833333333,0.9050596385885239
frontier00134,x2001c0s2b1n0,2001,0,2,1,0,2306,32,2024-01-17 03:54:06+00:00,2026-01-01 00:54:55+00:00,714.8755671296296,212,2266.0294444444444,0.909747138588524
frontier00021,x2000c1s2b0n0,2000,1,2,0,0,2306,31,2024-01-17 03:54:06+00:00,2026-01-01 00:54:55+00:00,714.8755671296296,209,2200.112222222222,0.8824033885885239
frontier05898,x2311c0s4b1n0,2311,0,4,1,0,2306,31,2024-01-17 04:31:34+00:00,2026-01-01 00:54:55+00:00,714.8495486111111,214,2169.4925,0.8862848343959975
frontier06913,x2407c0s0b0n0,2407,0,0,0,0,2306,31,2024-01-17 03:54:46+00:00,2026-01-01 00:54:55+00:00,714.8751041666667,217,2288.6466666666665,0.8886529472327851
frontier01945,x2103c1s4b0n0,2103,1,4,0,0,2306,31,2024-01-17 03:54:06+00:00,2026-01-01 04:45:58+00:00,715.0360185185185,218,2185.07,0.8895876014537347
frontier00283,x2002c1s5b0n0,2002,1,5,0,0,2305,31,2024-01-17 03:54:07+00:00,2026-01-01 00:54:55+00:00,714.8755555555556,211,2209.534722222222,0.8838365841134385
frontier05905,x2311c1s0b0n0,2311,1,0,0,0,2305,32,2024-01-17 04:09:35+00:00,2026-01-01 00:54:55+00:00,714.8648148148148,221,2232.2516666666666,0.9166388446602959
frontier00388,x2003c0s1b1n0,2003,0,1,1,0,2305,31,2024-01-17 03:54:06+00:00,2026-01-01 00:54:55+00:00,714.8755671296296,213,2330.054166666667,0.885399095147332
frontier07062,x2408c1s2b1n0,2408,1,2,1,0,2305,31,2024-01-17 04:09:35+00:00,2026-01-01 00:54:55+00:00,714.8648148148148,217,2232.2608333333333,0.8885138446602959
frontier01545,x2100c0s4b0n0,2100,0,4,0,0,2305,31,2024-01-17 03:54:06+00:00,2026-01-01 00:54:55+00:00,714.8755671296296,207,2173.7733333333335,0.880711595147332
frontier00513,x2004c0s0b0n0,2004,0,0,0,0,2305,31,2024-01-17 03:54:46+00:00,2026-01-01 00:54:55+00:00,714.8751041666667,210,2265.2375,0.883054903791593
frontier02830,x2110c0s6b1n0,2110,0,6,1,0,2305,31,2024-01-17 03:54:06+00:00,2026-01-01 00:54:55+00:00,714.8755671296296,212,2196.590277777778,0.884617845147332
frontier05526,x2308c1s2b1n0,2308,1,2,1,0,2304,32,2024-01-17 03:54:06+00:00,2026-01-01 00:54:55+00:00,714.8755671296296,216,2213.2013888888887,0.9126134956257039
frontier01285,x2010c0s2b0n0,2010,0,2,0,0,2304,31,2024-01-17 03:54:06+00:00,2026-01-01 00:54:55+00:00,714.8755671296296,208,2198.2266666666665,0.8813634956257039
frontier06673,x2405c1s0b0n0,2405,1,0,0,0,2304,31,2024-01-17 04:10:12+00:00,2026-01-01 00:54:55+00:00,714.864386574074,217,2203.5891666666666,0.8883840868846093
frontier00520,x2004c0s3b1n0,2004,0,3,1,0,2304,32,2024-01-17 03:54:06+00:00,2026-01-01 00:54:55+00:00,714.8755671296296,210,2207.5261111111113,0.907925995625704
frontier02972,x2111c1s5b1n0,2111,1,5,1,0,2304,31,2024-01-17 03:54:07+00:00,2026-01-01 04:03:14+00:00,715.0063310185185,212,2163.4666666666667,0.8846131565541575
frontier04761,x2301c1s4b0n0,2301,1,4,0,0,2304,31,2024-01-17 03:54:06+00:00,2026-01-01 00:54:55+00:00,714.8755671296296,216,2223.744166666667,0.8876134956257039
frontier00912,x2007c0s7b1n0,2007,0,7,1,0,2304,33,2024-01-17 03:54:06+00:00,2026-01-01 00:54:55+00:00,714.8755671296296,210,2174.909166666667,0.932925995625704
frontier04373,x2210c1s2b0n0,2210,1,2,0,0,2303,32,2024-01-17 04:10:12+00:00,2026-01-01 00:54:55+00:00,714.864386574074,216,2221.771111111111,0.9124734312338749
frontier04868,x2302c0s1b1n0,2302,0,1,1,0,2303,31,2024-01-17 03:51:58+00:00,2026-01-01 00:54:55+00:00,714.8770486111111,214,2231.8777777777777,0.885923002313334
frontier03859,x2206c1s1b0n0,2206,1,1,0,0,2303,32,2024-01-17 03:54:06+00:00,2026-01-01 00:54:55+00:00,714.8755671296296,211,2163.021388888889,0.9085778399749695
frontier05389,x2307c0s6b0n0,2307,0,6,0,0,2303,31,2024-01-17 03:54:06+00:00,2026-01-01 00:54:55+00:00,714.8755671296296,214,2138.9441666666667,0.8859215899749695
frontier04135,x2208c2s3b0n0,2208,2,3,0,0,2303,31,2024-01-17 03:54:07+00:00,2026-01-01 00:54:55+00:00,714.8755555555556,211,2051.7883333333334,0.883577828941076
frontier06665,x2405c0s4b0n0,2405,0,4,0,0,2303,33,2024-01-17 04:29:09+00:00,2026-01-01 00:54:55+00:00,714.8512268518518,215,2228.6736111111113,0.9366796356969965
frontier00535,x2004c1s3b0n0,2004,1,3,0,0,2303,31,2024-01-17 03:54:06+00:00,2026-01-01 00:54:55+00:00,714.8755671296296,212,2195.0055555555555,0.8843590899749696
frontier04242,x2209c1s0b1n0,2209,1,0,1,0,2303,31,2024-01-17 03:54:06+00:00,2026-01-01 00:54:55+00:00,714.8755671296296,206,2175.051111111111,0.8796715899749695
frontier00264,x2002c0s3b1n0,2002,0,3,1,0,2303,32,2024-01-17 03:54:06+00:00,2026-01-01 00:54:55+00:00,714.8755671296296,213,2227.3527777777776,0.9101403399749696
frontier04744,x2301c0s3b1n0,2301,0,3,1,0,2303,32,2024-01-17 04:29:09+00:00,2026-01-01 00:54:55+00:00,714.8512268518518,214,2191.4630555555555,0.9108983856969965
frontier04745,x2301c0s4b0n0,2301,0,4,0,0,2303,31,2024-01-17 03:54:46+00:00,2026-01-01 00:54:55+00:00,714.8751041666667,206,2176.6847222222223,0.8796711486192306
frontier01542,x2100c0s2b1n0,2100,0,2,1,0,2303,32,2024-01-17 04:29:09+00:00,2026-01-01 04:45:26+00:00,715.0113078703704,209,2186.610833333333,0.9071447454776163
frontier00279,x2002c1s3b0n0,2002,1,3,0,0,2302,31,2024-01-17 03:54:06+00:00,2026-01-01 00:54:55+00:00,714.8755671296296,206,2175.1897222222224,0.8795421281463948
frontier06786,x2406c0s0b1n0,2406,0,0,1,0,2302,31,2024-01-17 03:54:46+00:00,2026-01-01 00:54:55+00:00,714.8751041666667,209,2299.0733333333333,0.8818854367906559
frontier04367,x2210c0s7b0n0,2210,0,7,0,0,2302,32,2024-01-17 03:54:06+00:00,2026-01-01 00:54:55+00:00,714.8755671296296,210,2201.7297222222223,0.9076671281463948
frontier06809,x2406c1s4b0n0,2406,1,4,0,0,2302,32,2024-01-17 03:54:06+00:00,2026-01-01 00:54:55+00:00,714.8755671296296,216,2235.411666666667,0.9123546281463948
frontier01156,x2009c0s1b1n0,2009,0,1,1,0,2301,32,2024-01-17 03:54:06+00:00,2026-01-01 00:54:55+00:00,714.8755671296296,205,2269.9880555555555,0.9036313600911828
frontier00142,x2001c0s6b1n0,2001,0,6,1,0,2301,31,2024-01-17 03:51:58+00:00,2026-01-01 00:54:55+00:00,714.8770486111111,217,2251.008611111111,0.8880077724295473
frontier02326,x2106c1s2b1n0,2106,1,2,1,0,2301,31,2024-01-17 03:54:06+00:00,2026-01-01 00:54:55+00:00,714.8755671296296,209,2139.715833333333,0.8817563600911829
frontier02966,x2111c1s2b1n0,2111,1,2,1,0,2301,31,2024-01-17 03:54:06+00:00,2026-01-01 00:54:55+00:00,714.8755671296296,207,2141.2269444444446,0.8801938600911828
frontier01421,x2011c0s6b0n0,2011,0,6,0,0,2301,31,2024-01-17 03:54:06+00:00,2026-01-01 04:45:26+00:00,715.0356481481482,210,2181.5919444444444,0.8826902198718025
frontier04625,x2300c1s0b0n0,2300,1,0,0,0,2301,32,2024-01-17 03:54:06+00:00,2026-01-01 00:54:55+00:00,714.8755671296296,214,2245.501388888889,0.9106626100911828
frontier04123,x2208c1s5b0n0,2208,1,5,0,0,2301,31,2024-01-17 03:54:06+00:00,2026-01-01 00:54:55+00:00,714.8755671296296,216,2185.8263888888887,0.8872251100911828
frontier05125,x2304c0s2b0n0,2304,0,2,0,0,2301,31,2024-01-17 00:14:14+00:00,2026-01-01 00:54:55+00:00,715.0282523148148,207,2144.557222222222,0.8803394192138736
frontier03331,x2202c0s1b0n0,2202,0,1,0,0,2300,31,2024-01-17 03:54:06+00:00,2026-01-01 00:54:55+00:00,714.8755671296296,209,2232.777777777778,0.8816267857604725
frontier01292,x2010c0s5b1n0,2010,0,5,1,0,2300,32,2024-01-17 03:54:06+00:00,2026-01-01 00:54:55+00:00,714.8755671296296,207,2169.1525,0.9050642857604725
frontier02831,x2110c0s7b0n0,2110,0,7,0,0,2300,31,2024-01-17 03:54:06+00:00,2026-01-01 00:54:55+00:00,714.8755671296296,209,2099.4119444444445,0.8816267857604725
frontier05528,x2308c1s3b1n0,2308,1,3,1,0,2300,31,2024-01-17 04:29:09+00:00,2026-01-01 00:54:55+00:00,714.8512268518518,221,2210.6702777777778,0.8909785814824994
frontier03593,x2204c0s4b0n0,2204,0,4,0,0,2300,32,2024-01-17 03:54:06+00:00,2026-01-01 00:54:55+00:00,714.8755671296296,206,2138.608333333333,0.9042830357604724
frontier05268,x2306c1s1b1n0,2306,1,1,1,0,2300,32,2024-01-17 04:29:09+00:00,2026-01-01 00:54:55+00:00,714.8512268518518,221,2193.36,0.9159785814824994
frontier01409,x2011c0s0b0n0,2011,0,0,0,0,2300,31,2024-01-17 03:54:46+00:00,2026-01-01 04:45:26+00:00,715.0351851851852,204,2225.764166666667,0.8778727041853533
frontier05767,x2310c0s3b0n0,2310,0,3,0,0,2300,31,2024-01-17 03:54:06+00:00,2026-01-01 00:54:55+00:00,714.8755671296296,214,2202.5105555555556,0.8855330357604725
frontier04614,x2300c0s2b1n0,2300,0,2,1,0,2299,32,2024-01-17 03:54:46+00:00,2026-01-01 00:54:55+00:00,714.8751041666667,205,2092.4666666666667,0.9033717137496005
frontier01929,x2103c0s4b0n0,2103,0,4,0,0,2299,31,2024-01-17 03:54:06+00:00,2026-01-01 00:54:55+00:00,714.8755671296296,209,2168.563888888889,0.8814971551053392
frontier00779,x2006c0s5b0n0,2006,0,5,0,0,2299,31,2024-01-17 03:51:58+00:00,2026-01-01 00:54:55+00:00,714.8770486111111,214,2193.9355555555558,0.8854048174437037
frontier03203,x2201c0s1b0n0,2201,0,1,0,0,2299,31,2024-01-17 03:54:46+00:00,2026-01-01 00:54:55+00:00,714.8751041666667,205,2257.4494444444445,0.8783717137496004
frontier02070,x2104c1s2b1n0,2104,1,2,1,0,2299,31,2024-01-17 03:54:06+00:00,2026-01-01 00:54:55+00:00,714.8755671296296,213,2134.5661111111112,0.8846221551053393
frontier04495,x2211c0s7b0n0,2211,0,7,0,0,2299,32,2024-01-17 03:54:06+00:00,2026-01-01 00:54:55+00:00,714.8755671296296,218,2220.9194444444443,0.9135284051053393
frontier05894,x2311c0s2b1n0,2311,0,2,1,0,2299,31,2024-01-17 04:10:12+00:00,2026-01-01 00:54:55+00:00,714.864386574074,214,2201.856388888889,0.8853927463642446
frontier06037,x2400c1s2b0n0,2400,1,2,0,0,2299,32,2024-01-17 04:10:12+00:00,2026-01-01 00:54:55+00:00,714.864386574074,224,2266.7766666666666,0.9182052463642447
frontier01669,x2101c0s2b0n0,2101,0,2,0,0,2299,32,2024-01-17 04:29:09+00:00,2026-01-01 00:54:55+00:00,714.8512268518518,214,2265.3727777777776,0.9103802008273665
frontier05382,x2307c0s2b1n0,2307,0,2,1,0,2299,31,2024-01-17 03:54:46+00:00,2026-01-01 00:54:55+00:00,714.8751041666667,214,2235.7058333333334,0.8854029637496004
frontier05770,x2310c0s4b1n0,2310,0,4,1,0,2298,31,2024-01-17 04:29:09+00:00,2026-01-01 00:54:55+00:00,714.8512268518518,211,2239.1875,0.8829067637988217
frontier00387,x2003c0s1b0n0,2003,0,1,0,0,2298,31,2024-01-17 03:54:06+00:00,2026-01-01 00:54:55+00:00,714.8755671296296,208,2336.8372222222224,0.8805862180767947
frontier01944,x2103c1s3b1n0,2103,1,3,1,0,2298,31,2024-01-17 03:54:06+00:00,2026-01-01 00:54:55+00:00,714.8755671296296,208,2140.5802777777776,0.8805862180767947
frontier01288,x2010c0s3b1n0,2010,0,3,1,0,2298,32,2024-01-17 03:54:06+00:00,2026-01-01 00:54:55+00:00,714.8755671296296,210,2226.4347222222223,0.9071487180767948
frontier04247,x2209c1s3b0n0,2209,1,3,0,0,2298,31,2024-01-17 03:54:06+00:00,2026-01-01 00:54:55+00:00,714.8755671296296,217,2184.3433333333332,0.8876174680767948
frontier03085,x2200c0s6b0n0,2200,0,6,0,0,2298,32,2024-01-17 03:54:06+00:00,2026-01-01 00:54:55+00:00,714.8755671296296,209,2155.2455555555557,0.9063674680767948
frontier04882,x2302c1s0b1n0,2302,1,0,1,0,2298,32,2024-01-17 03:54:06+00:00,2026-01-01 00:54:55+00:00,714.8755671296296,214,2174.9333333333334,0.9102737180767948
frontier05914,x2311c1s4b1n0,2311,1,4,1,0,2298,32,2024-01-17 03:54:06+00:00,2026-01-01 00:54:55+00:00,714.8755671296296,223,2198.548888888889,0.9173049680767947
frontier00403,x2003c1s1b0n0,2003,1,1,0,0,2298,31,2024-01-17 03:54:06+00:00,2026-01-01 00:54:55+00:00,714.8755671296296,212,2212.2527777777777,0.8837112180767948
frontier00391,x2003c0s3b0n0,2003,0,3,0,0,2297,32,2024-01-17 03:54:06+00:00,2026-01-01 00:54:55+00:00,714.8755671296296,214,2292.382222222222,0.9101439746257867
frontier04632,x2300c1s3b1n0,2300,1,3,1,0,2297,31,2024-01-17 04:09:35+00:00,2026-01-01 00:54:55+00:00,714.8648148148148,217,2201.1480555555554,0.8874774741387507
frontier01177,x2009c1s4b0n0,2009,1,4,0,0,2297,31,2024-01-17 03:54:07+00:00,2025-12-31 08:27:44+00:00,714.1900115740741,213,2192.1625,0.8837091650476168
frontier04876,x2302c0s5b1n0,2302,0,5,1,0,2297,32,2024-01-17 04:29:09+00:00,2026-01-01 00:54:55+00:00,714.8512268518518,213,2238.151388888889,0.9093395203478137
frontier01680,x2101c0s7b1n0,2101,0,7,1,0,2297,31,2024-01-17 03:54:06+00:00,2026-01-01 00:54:55+00:00,714.8755671296296,208,2135.5080555555555,0.8804564746257867
frontier06659,x2405c0s1b0n0,2405,0,1,0,0,2297,31,2024-01-17 03:54:46+00:00,2026-01-01 00:54:55+00:00,714.8751041666667,217,2287.8083333333334,0.8874872832700478
frontier03349,x2202c1s2b0n0,2202,1,2,0,0,2297,31,2024-01-17 03:54:06+00:00,2026-01-01 00:54:55+00:00,714.8755671296296,213,2159.430277777778,0.8843627246257867
frontier01155,x2009c0s1b0n0,2009,0,1,0,0,2297,32,2024-01-17 03:54:06+00:00,2026-01-01 00:54:55+00:00,714.8755671296296,206,2281.458611111111,0.9038939746257867
frontier03718,x2205c0s2b1n0,2205,0,2,1,0,2297,32,2024-01-17 04:47:13+00:00,2026-01-01 00:54:55+00:00,714.8386805555556,207,2099.471666666667,0.9046400596072895
frontier03341,x2202c0s6b0n0,2202,0,6,0,0,2297,31,2024-01-17 03:51:58+00:00,2026-01-01 00:54:55+00:00,714.8770486111111,204,2120.1716666666666,0.8773328869641512
frontier00006,x2000c0s2b1n0,2000,0,2,1,0,2297,32,2024-01-17 03:54:06+00:00,2026-01-01 00:54:55+00:00,714.8755671296296,210,2260.2325,0.9070189746257867
frontier00402,x2003c1s0b1n0,2003,1,0,1,0,2296,32,2024-01-17 03:54:06+00:00,2026-01-01 00:54:55+00:00,714.8755671296296,212,2182.3133333333335,0.9084516747031984
frontier03590,x2204c0s2b1n0,2204,0,2,1,0,2296,31,2024-01-17 04:47:13+00:00,2026-01-01 00:54:55+00:00,714.8386805555556,211,2256.2019444444445,0.8826352596847012
frontier01692,x2101c1s5b1n0,2101,1,5,1,0,2296,31,2024-01-17 04:29:09+00:00,2026-01-01 00:54:55+00:00,714.8512268518518,208,2137.0241666666666,0.8803034704252255
frontier06669,x2405c0s6b0n0,2405,0,6,0,0,2296,31,2024-01-17 03:54:06+00:00,2026-01-01 00:54:55+00:00,714.8755671296296,221,2223.1022222222223,0.8904829247031983
frontier00906,x2007c0s4b1n0,2007,0,4,1,0,2296,32,2024-01-17 03:54:06+00:00,2026-01-01 00:54:55+00:00,714.8755671296296,212,2234.4222222222224,0.9084516747031984
frontier03849,x2206c0s4b0n0,2206,0,4,0,0,2296,32,2024-01-17 03:54:06+00:00,2026-01-01 00:54:55+00:00,714.8755671296296,205,2180.728611111111,0.9029829247031984
frontier01294,x2010c0s6b1n0,2010,0,6,1,0,2296,32,2024-01-17 03:54:06+00:00,2026-01-01 00:54:55+00:00,714.8755671296296,211,2209.155277777778,0.9076704247031984
frontier06024,x2400c0s3b1n0,2400,0,3,1,0,2296,31,2024-01-17 03:54:06+00:00,2026-01-01 00:54:55+00:00,714.8755671296296,216,2211.2080555555553,0.8865766747031983
frontier01691,x2101c1s5b0n0,2101,1,5,0,0,2296,31,2024-01-17 03:51:58+00:00,2026-01-01 00:54:55+00:00,714.8770486111111,207,2168.5530555555556,0.8795468370415629
frontier02834,x2110c1s0b1n0,2110,1,0,1,0,2296,31,2024-01-17 03:54:06+00:00,2026-01-01 00:54:55+00:00,714.8755671296296,209,2089.6469444444447,0.8811079247031983
frontier06293,x2402c1s2b0n0,2402,1,2,0,0,2295,31,2024-01-17 03:54:06+00:00,2026-01-01 00:54:55+00:00,714.8755671296296,221,2233.1730555555555,0.8903530682598497
frontier00645,x2005c0s2b0n0,2005,0,2,0,0,2295,32,2024-01-17 03:54:06+00:00,2026-01-01 00:54:55+00:00,714.8755671296296,207,2249.9466666666667,0.9044155682598498
frontier04756,x2301c1s1b1n0,2301,1,1,1,0,2295,32,2024-01-17 04:09:35+00:00,2026-01-01 00:54:55+00:00,714.8648148148148,220,2216.663611111111,0.9145615677728137
frontier06291,x2402c1s1b0n0,2402,1,1,0,0,2295,31,2024-01-17 04:09:35+00:00,2026-01-01 04:03:14+00:00,714.9955902777778,211,2232.2663888888887,0.8826549897351607
frontier05127,x2304c0s3b0n0,2304,0,3,0,0,2295,33,2024-01-17 04:29:09+00:00,2026-01-01 00:54:55+00:00,714.8512268518518,211,2163.9169444444447,0.9325173639818768
frontier06039,x2400c1s3b0n0,2400,1,3,0,0,2295,31,2024-01-17 03:54:06+00:00,2026-01-01 00:54:55+00:00,714.8755671296296,215,2173.148888888889,0.8856655682598498
frontier02844,x2110c1s5b1n0,2110,1,5,1,0,2295,31,2024-01-17 03:54:07+00:00,2026-01-01 00:54:55+00:00,714.8755555555556,209,2147.8419444444444,0.8809780572259562
frontier01676,x2101c0s5b1n0,2101,0,5,1,0,2294,31,2024-01-17 03:54:06+00:00,2026-01-01 00:54:55+00:00,714.8755671296296,214,2191.724166666667,0.8847544052464957
frontier06407,x2403c0s3b0n0,2403,0,3,0,0,2294,31,2024-01-17 03:54:06+00:00,2026-01-01 00:54:55+00:00,714.8755671296296,213,2225.3063888888887,0.8839731552464958
frontier08065,x2504c0s0b0n0,2504,0,0,0,0,2294,32,2024-01-17 04:34:27+00:00,2026-01-01 00:54:55+00:00,714.8475462962963,207,2250.110277777778,0.9042589421903986
frontier02075,x2104c1s5b0n0,2104,1,5,0,0,2294,31,2024-01-17 03:51:58+00:00,2026-01-01 00:54:55+00:00,714.8770486111111,208,2182.0780555555557,0.8800683175848603
frontier03348,x2202c1s1b1n0,2202,1,1,1,0,2294,31,2024-01-17 03:54:06+00:00,2026-01-01 00:54:55+00:00,714.8755671296296,212,2171.6266666666666,0.8831919052464958
frontier05781,x2310c1s2b0n0,2310,1,2,0,0,2294,32,2024-01-17 04:09:35+00:00,2026-01-01 00:54:55+00:00,714.8648148148148,218,2206.103888888889,0.9128691547594597
frontier05136,x2304c0s7b1n0,2304,0,7,1,0,2294,31,2024-01-17 04:29:09+00:00,2026-01-01 00:54:55+00:00,714.8512268518518,213,2151.5577777777776,0.8839499509685228
frontier00921,x2007c1s4b0n0,2007,1,4,0,0,2293,32,2024-01-17 03:54:06+00:00,2026-01-01 00:54:55+00:00,714.8755671296296,211,2133.111388888889,0.9072806856138269
frontier06785,x2406c0s0b0n0,2406,0,0,0,0,2293,31,2024-01-17 03:54:46+00:00,2026-01-01 00:54:55+00:00,714.8751041666667,219,2289.1505555555555,0.888530244258088
frontier03863,x2206c1s3b0n0,2206,1,3,0,0,2293,32,2024-01-17 03:54:06+00:00,2026-01-01 00:54:55+00:00,714.8755671296296,214,2240.8641666666667,0.909624435613827
frontier00780,x2006c0s5b1n0,2006,0,5,1,0,2293,32,2024-01-17 03:54:06+00:00,2026-01-01 00:54:55+00:00,714.8755671296296,213,2189.75,0.9088431856138269
frontier04003,x2207c2s1b0n0,2207,2,1,0,0,2293,32,2024-01-17 03:54:07+00:00,2026-01-01 00:54:55+00:00,714.8755555555556,213,2170.406388888889,0.9088431745799334
frontier02202,x2105c1s4b1n0,2105,1,4,1,0,2293,31,2024-01-17 03:54:07+00:00,2026-01-01 00:54:55+00:00,714.8755555555556,214,2162.2594444444444,0.8846244245799333
frontier02996,x2111c3s1b1n0,2111,3,1,1,0,2292,31,2024-01-17 04:58:24+00:00,2026-01-01 00:54:55+00:00,714.8309143518519,215,2115.2875,0.8852330905514525
frontier06552,x2404c1s3b1n0,2404,1,3,1,0,2292,31,2024-01-17 04:47:13+00:00,2026-01-01 00:54:55+00:00,714.8386805555556,220,2251.628888888889,0.8891467442939726
frontier05638,x2309c0s2b1n0,2309,0,2,1,0,2292,32,2024-01-17 03:54:06+00:00,2026-01-01 00:54:55+00:00,714.8755671296296,211,2206.7077777777777,0.9071506593124699
frontier04499,x2211c1s1b0n0,2211,1,1,0,0,2292,31,2024-01-17 03:54:06+00:00,2026-01-01 00:54:55+00:00,714.8755671296296,220,2267.2119444444443,0.8891819093124699
frontier00025,x2000c1s4b0n0,2000,1,4,0,0,2292,32,2024-01-17 03:54:07+00:00,2026-01-01 00:54:55+00:00,714.8755555555556,214,2232.5669444444443,0.9094943982785764
frontier04121,x2208c1s4b0n0,2208,1,4,0,0,2292,32,2024-01-17 03:54:06+00:00,2026-01-01 00:54:55+00:00,714.8755671296296,214,2194.4547222222222,0.9094944093124699
frontier06545,x2404c1s0b0n0,2404,1,0,0,0,2292,31,2024-01-17 03:54:06+00:00,2026-01-01 00:54:55+00:00,714.8755671296296,221,2233.5452777777778,0.8899631593124698
frontier04483,x2211c0s1b0n0,2211,0,1,0,0,2291,31,2024-01-17 00:14:14+00:00,2026-01-01 00:54:55+00:00,715.0282523148148,210,2256.665,0.8813848854156766
frontier05514,x2308c0s4b1n0,2308,0,4,1,0,2291,32,2024-01-17 03:54:06+00:00,2026-01-01 00:54:55+00:00,714.8755671296296,210,2123.028888888889,0.906239326292986
frontier00131,x2001c0s1b0n0,2001,0,1,0,0,2291,32,2024-01-17 03:54:06+00:00,2026-01-01 00:54:55+00:00,714.8755671296296,209,2319.971666666667,0.905458076292986
frontier02198,x2105c1s2b1n0,2105,1,2,1,0,2291,31,2024-01-17 03:54:06+00:00,2026-01-01 04:45:58+00:00,715.0360185185185,205,2066.9044444444444,0.8774860391581968
frontier00782,x2006c0s6b1n0,2006,0,6,1,0,2291,32,2024-01-17 03:54:06+00:00,2026-01-01 00:54:55+00:00,714.8755671296296,206,2156.0655555555554,0.9031143262929859
frontier04119,x2208c1s3b0n0,2208,1,3,0,0,2291,32,2024-01-17 03:54:06+00:00,2026-01-01 00:54:55+00:00,714.8755671296296,220,2217.0816666666665,0.914051826292986
frontier06277,x2402c0s2b0n0,2402,0,2,0,0,2291,31,2024-01-17 00:14:14+00:00,2026-01-01 00:54:55+00:00,715.0282523148148,211,2213.4305555555557,0.8821661354156766
frontier06536,x2404c0s3b1n0,2404,0,3,1,0,2291,31,2024-01-17 03:54:06+00:00,2026-01-01 00:54:55+00:00,714.8755671296296,214,2167.201111111111,0.8843643262929859
frontier00775,x2006c0s3b0n0,2006,0,3,0,0,2290,32,2024-01-17 03:54:06+00:00,2026-01-01 00:54:55+00:00,714.8755671296296,216,2220.0261111111113,0.9107966865058723
frontier04360,x2210c0s3b1n0,2210,0,3,1,0,2290,31,2024-01-17 03:54:06+00:00,2026-01-01 00:54:55+00:00,714.8755671296296,211,2187.0430555555554,0.8818904365058723
frontier03990,x2207c1s2b1n0,2207,1,2,1,0,2290,31,2024-01-17 03:54:06+00:00,2026-01-01 00:54:55+00:00,714.8755671296296,217,2232.827222222222,0.8865779365058724
frontier01816,x2102c1s3b1n0,2102,1,3,1,0,2290,32,2024-01-17 03:54:06+00:00,2026-01-01 00:54:55+00:00,714.8755671296296,211,2189.301388888889,0.9068904365058723
frontier00280,x2002c1s3b1n0,2002,1,3,1,0,2290,31,2024-01-17 03:54:06+00:00,2026-01-01 00:54:55+00:00,714.8755671296296,213,2204.2766666666666,0.8834529365058723
frontier05892,x2311c0s1b1n0,2311,0,1,1,0,2290,31,2024-01-17 03:51:22+00:00,2026-01-01 00:54:55+00:00,714.8774652777778,212,2223.4691666666668,0.8826734960644018
frontier07297,x2410c0s0b0n0,2410,0,0,0,0,2290,32,2024-01-17 04:14:23+00:00,2026-01-01 00:54:55+00:00,714.8614814814815,208,2247.5644444444442,0.9045332582575162
frontier03869,x2206c1s6b0n0,2206,1,6,0,0,2290,32,2024-01-17 04:29:09+00:00,2026-01-01 00:54:55+00:00,714.8512268518518,209,2180.1227777777776,0.9053047322278993
frontier01291,x2010c0s5b0n0,2010,0,5,0,0,2289,32,2024-01-17 03:51:58+00:00,2026-01-01 00:54:55+00:00,714.8770486111111,207,2200.156111111111,0.9036366522399256
frontier00899,x2007c0s1b0n0,2007,0,1,0,0,2289,32,2024-01-17 03:54:46+00:00,2026-01-01 00:54:55+00:00,714.8751041666667,210,2230.0933333333332,0.9059785485458222
frontier01961,x2103c2s4b0n0,2103,2,4,0,0,2289,31,2024-01-17 04:31:35+00:00,2026-01-01 02:44:51+00:00,714.9258796296297,211,2149.8655555555556,0.8818082042364864
frontier01560,x2100c1s3b1n0,2100,1,3,1,0,2289,31,2024-01-17 03:54:06+00:00,2026-01-01 00:54:55+00:00,714.8755671296296,209,2213.8875,0.880197739901561
frontier04611,x2300c0s1b0n0,2300,0,1,0,0,2289,32,2024-01-17 00:14:14+00:00,2026-01-01 00:54:55+00:00,715.0282523148148,210,2262.780277777778,0.9061245490242518
frontier04749,x2301c0s6b0n0,2301,0,6,0,0,2288,32,2024-01-17 03:54:06+00:00,2026-01-01 00:54:55+00:00,714.8755671296296,215,2227.9244444444444,0.9097549864304194
frontier05386,x2307c0s4b1n0,2307,0,4,1,0,2288,31,2024-01-17 03:54:06+00:00,2026-01-01 00:54:55+00:00,714.8755671296296,214,2194.2830555555556,0.8839737364304194
frontier01798,x2102c0s2b1n0,2102,0,2,1,0,2288,31,2024-01-17 04:47:13+00:00,2026-01-01 04:03:14+00:00,714.9694560185185,207,2151.3580555555554,0.8785944933742692
frontier00022,x2000c1s2b1n0,2000,1,2,1,0,2288,31,2024-01-17 03:54:06+00:00,2026-01-01 00:54:55+00:00,714.8755671296296,211,2210.513611111111,0.8816299864304193
frontier06295,x2402c1s3b0n0,2402,1,3,0,0,2288,31,2024-01-17 03:54:06+00:00,2026-01-01 00:54:55+00:00,714.8755671296296,216,2233.0505555555555,0.8855362364304193
frontier03740,x2205c1s5b1n0,2205,1,5,1,0,2288,31,2024-01-17 03:54:06+00:00,2026-01-01 00:54:55+00:00,714.8755671296296,212,2193.4691666666668,0.8824112364304194
frontier00271,x2002c0s7b0n0,2002,0,7,0,0,2288,32,2024-01-17 03:51:58+00:00,2026-01-01 00:54:55+00:00,714.8770486111111,209,2143.155277777778,0.9050688987687838
frontier01176,x2009c1s3b1n0,2009,1,3,1,0,2288,31,2024-01-17 03:54:06+00:00,2026-01-01 00:54:55+00:00,714.8755671296296,212,2177.32,0.8824112364304194
frontier02958,x2111c0s6b1n0,2111,0,6,1,0,2288,32,2024-01-17 03:54:06+00:00,2026-01-01 00:54:55+00:00,714.8755671296296,209,2119.6241666666665,0.9050674864304193
frontier03989,x2207c1s2b0n0,2207,1,2,0,0,2287,31,2024-01-17 03:54:06+00:00,2026-01-01 00:54:55+00:00,714.8755671296296,217,2185.66,0.8861871760427491
frontier00146,x2001c1s0b1n0,2001,1,0,1,0,2287,31,2024-01-17 03:54:06+00:00,2026-01-01 00:54:55+00:00,714.8755671296296,211,2220.666111111111,0.881499676042749
frontier00653,x2005c0s6b0n0,2005,0,6,0,0,2287,32,2024-01-17 03:54:06+00:00,2026-01-01 00:54:55+00:00,714.8755671296296,209,2134.266111111111,0.9049371760427491
frontier05002,x2303c0s4b1n0,2303,0,4,1,0,2287,31,2024-01-17 03:54:06+00:00,2026-01-01 00:54:55+00:00,714.8755671296296,212,2149.675277777778,0.8822809260427491
frontier05637,x2309c0s2b0n0,2309,0,2,0,0,2286,31,2024-01-17 00:14:14+00:00,2026-01-01 00:54:55+00:00,715.0282523148148,211,2255.373888888889,0.881514867811478
frontier01046,x2008c1s2b1n0,2008,1,2,1,0,2286,31,2024-01-17 03:54:06+00:00,2026-01-01 00:54:55+00:00,714.8755671296296,209,2107.051111111111,0.8798068086887874
frontier03860,x2206c1s1b1n0,2206,1,1,1,0,2286,32,2024-01-17 03:54:06+00:00,2026-01-01 00:54:55+00:00,714.8755671296296,214,2212.8063888888887,0.9087130586887873
frontier04492,x2211c0s5b1n0,2211,0,5,1,0,2286,31,2024-01-17 04:29:09+00:00,2026-01-01 00:54:55+00:00,714.8512268518518,208,2181.1155555555556,0.8790023544108143
frontier04739,x2301c0s1b0n0,2301,0,1,0,0,2286,32,2024-01-17 00:14:14+00:00,2026-01-01 00:54:55+00:00,715.0282523148148,205,2229.1383333333333,0.9018273678114781
frontier06808,x2406c1s3b1n0,2406,1,3,1,0,2285,31,2024-01-17 04:29:09+00:00,2026-01-01 00:54:55+00:00,714.8512268518518,219,2198.365277777778,0.8874656800407328
frontier02186,x2105c0s4b1n0,2105,0,4,1,0,2285,32,2024-01-17 03:54:06+00:00,2026-01-01 00:54:55+00:00,714.8755671296296,203,2131.4352777777776,0.8999888843187057
frontier05249,x2306c0s0b0n0,2306,0,0,0,0,2285,31,2024-01-17 03:54:46+00:00,2026-01-01 00:54:55+00:00,714.8751041666667,216,2263.6286111111112,0.8851446929629668
frontier01030,x2008c0s2b1n0,2008,0,2,1,0,2285,32,2024-01-17 04:29:09+00:00,2026-01-01 00:54:55+00:00,714.8512268518518,209,2208.1975,0.9046531800407327
frontier04743,x2301c0s3b0n0,2301,0,3,0,0,2285,32,2024-01-17 04:29:09+00:00,2026-01-01 00:54:55+00:00,714.8512268518518,212,2207.781111111111,0.9069969300407328
frontier02184,x2105c0s3b1n0,2105,0,3,1,0,2285,31,2024-01-17 03:54:06+00:00,2026-01-01 00:54:55+00:00,714.8755671296296,204,2166.923888888889,0.8757701343187057
frontier01414,x2011c0s2b1n0,2011,0,2,1,0,2285,32,2024-01-17 04:29:09+00:00,2026-01-01 00:54:55+00:00,714.8512268518518,212,2218.6119444444444,0.9069969300407328
frontier06674,x2405c1s0b1n0,2405,1,0,1,0,2285,31,2024-01-17 03:54:06+00:00,2026-01-01 00:54:55+00:00,714.8755671296296,220,2217.3525,0.8882701343187057
frontier07042,x2408c0s0b1n0,2408,0,0,1,0,2285,31,2024-01-17 03:54:46+00:00,2026-01-01 00:54:55+00:00,714.8751041666667,205,2301.8777777777777,0.8765509429629669
frontier01028,x2008c0s1b1n0,2008,0,1,1,0,2284,32,2024-01-17 03:54:06+00:00,2026-01-01 00:54:55+00:00,714.8755671296296,204,2264.0930555555556,0.9006396528826104
frontier05657,x2309c1s4b0n0,2309,1,4,0,0,2284,32,2024-01-17 03:54:06+00:00,2026-01-01 00:54:55+00:00,714.8755671296296,218,2226.8455555555556,0.9115771528826104
frontier00781,x2006c0s6b0n0,2006,0,6,0,0,2284,31,2024-01-17 03:54:06+00:00,2026-01-01 00:54:55+00:00,714.8755671296296,210,2173.8141666666666,0.8803271528826104
frontier01174,x2009c1s2b1n0,2009,1,2,1,0,2284,31,2024-01-17 03:54:06+00:00,2026-01-01 00:54:55+00:00,714.8755671296296,209,2178.0061111111113,0.8795459028826105
frontier02589,x2108c1s6b0n0,2108,1,6,0,0,2284,31,2024-01-17 03:54:07+00:00,2026-01-01 00:54:55+00:00,714.8755555555556,208,2120.492222222222,0.8787646418487169
frontier05134,x2304c0s6b1n0,2304,0,6,1,0,2284,31,2024-01-17 03:54:06+00:00,2026-01-01 00:54:55+00:00,714.8755671296296,213,2163.639166666667,0.8826709028826104
frontier03475,x2203c1s1b0n0,2203,1,1,0,0,2284,32,2024-01-17 04:29:09+00:00,2026-01-01 00:54:55+00:00,714.8512268518518,220,2183.488888888889,0.9131164486046375
frontier05008,x2303c0s7b1n0,2303,0,7,1,0,2284,32,2024-01-17 04:10:12+00:00,2026-01-01 00:54:55+00:00,714.864386574074,209,2193.7925,0.9045352441415158
frontier05782,x2310c1s2b1n0,2310,1,2,1,0,2283,32,2024-01-17 03:54:06+00:00,2026-01-01 00:54:55+00:00,714.8755671296296,216,2231.8069444444445,0.9098841143305422
frontier04376,x2210c1s3b1n0,2210,1,3,1,0,2283,31,2024-01-17 03:54:06+00:00,2026-01-01 00:54:55+00:00,714.8755671296296,210,2117.4997222222223,0.8801966143305422
frontier00538,x2004c1s4b1n0,2004,1,4,1,0,2283,31,2024-01-17 03:54:06+00:00,2026-01-01 00:54:55+00:00,714.8755671296296,209,2182.0602777777776,0.8794153643305422
frontier04881,x2302c1s0b0n0,2302,1,0,0,0,2283,32,2024-01-17 03:54:06+00:00,2026-01-01 00:54:55+00:00,714.8755671296296,212,2200.0794444444446,0.9067591143305422
frontier05512,x2308c0s3b1n0,2308,0,3,1,0,2283,31,2024-01-17 03:54:06+00:00,2025-12-31 08:27:44+00:00,714.1900231481482,209,2211.9594444444447,0.8787618157862658
frontier02947,x2111c0s1b0n0,2111,0,1,0,0,2283,32,2024-01-17 03:54:06+00:00,2026-01-01 00:54:55+00:00,714.8755671296296,205,2242.9827777777778,0.9012903643305422
frontier01166,x2009c0s6b1n0,2009,0,6,1,0,2283,32,2024-01-17 03:54:06+00:00,2026-01-01 00:54:55+00:00,714.8755671296296,206,2122.5741666666668,0.9020716143305422
frontier03867,x2206c1s5b0n0,2206,1,5,0,0,2283,32,2024-01-17 03:54:07+00:00,2026-01-01 04:03:14+00:00,715.0063310185185,206,2103.9441666666667,0.9021962752589957
frontier00018,x2000c1s0b1n0,2000,1,0,1,0,2282,32,2024-01-17 03:54:06+00:00,2026-01-01 00:54:55+00:00,714.8755671296296,209,2176.7130555555555,0.9042847686124762
frontier04753,x2301c1s0b0n0,2301,1,0,0,0,2282,32,2024-01-17 03:54:06+00:00,2026-01-01 00:54:55+00:00,714.8755671296296,213,2148.2952777777778,0.9074097686124761
frontier01934,x2103c0s6b1n0,2103,0,6,1,0,2282,32,2024-01-17 03:54:06+00:00,2026-01-01 00:54:55+00:00,714.8755671296296,205,2138.6222222222223,0.9011597686124762
frontier04884,x2302c1s1b1n0,2302,1,1,1,0,2282,31,2024-01-17 03:54:06+00:00,2026-01-01 00:54:55+00:00,714.8755671296296,217,2202.599722222222,0.8855347686124762
frontier01161,x2009c0s4b0n0,2009,0,4,0,0,2282,32,2024-01-17 03:54:06+00:00,2026-01-01 00:54:55+00:00,714.8755671296296,208,2192.514722222222,0.9035035186124761
frontier04497,x2211c1s0b0n0,2211,1,0,0,0,2282,32,2024-01-17 04:29:09+00:00,2026-01-01 00:54:55+00:00,714.8512268518518,211,2157.7555555555555,0.905824064334503
frontier02959,x2111c0s7b0n0,2111,0,7,0,0,2282,31,2024-01-17 03:54:06+00:00,2026-01-01 00:54:55+00:00,714.8755671296296,203,2085.373611111111,0.8745972686124761
frontier03738,x2205c1s4b1n0,2205,1,4,1,0,2281,32,2024-01-17 03:54:06+00:00,2026-01-01 00:54:55+00:00,714.8755671296296,204,2158.7394444444444,0.9002478656783215
frontier00522,x2004c0s4b1n0,2004,0,4,1,0,2281,31,2024-01-17 03:54:06+00:00,2026-01-01 00:54:55+00:00,714.8755671296296,212,2207.1536111111113,0.8814978656783214
frontier05271,x2306c1s3b0n0,2306,1,3,0,0,2281,33,2024-01-17 04:10:12+00:00,2026-01-01 00:54:55+00:00,714.864386574074,212,2210.7052777777776,0.9314872069372269
frontier03482,x2203c1s4b1n0,2203,1,4,1,0,2281,32,2024-01-17 03:54:06+00:00,2026-01-01 00:54:55+00:00,714.8755671296296,211,2166.2322222222224,0.9057166156783214
frontier01159,x2009c0s3b0n0,2009,0,3,0,0,2281,32,2024-01-17 03:54:06+00:00,2026-01-01 00:54:55+00:00,714.8755671296296,213,2242.713888888889,0.9072791156783214
frontier00788,x2006c1s1b1n0,2006,1,1,1,0,2280,31,2024-01-17 03:54:06+00:00,2026-01-01 00:54:55+00:00,714.8755671296296,211,2129.1441666666665,0.8805859054779214
frontier06666,x2405c0s4b1n0,2405,0,4,1,0,2280,32,2024-01-17 03:54:06+00:00,2026-01-01 00:54:55+00:00,714.8755671296296,214,2183.1908333333336,0.9079296554779215
frontier04507,x2211c1s5b0n0,2211,1,5,0,0,2280,31,2024-01-17 04:10:12+00:00,2026-01-01 00:54:55+00:00,714.864386574074,211,2149.3169444444443,0.8805752467368267
frontier04752,x2301c0s7b1n0,2301,0,7,1,0,2280,31,2024-01-17 04:10:12+00:00,2026-01-01 00:54:55+00:00,714.864386574074,213,2182.1841666666664,0.8821377467368268
frontier03337,x2202c0s4b0n0,2202,0,4,0,0,2279,32,2024-01-17 03:54:06+00:00,2026-01-01 00:54:55+00:00,714.8755671296296,210,2138.4141666666665,0.9046738879610537
frontier03985,x2207c1s0b0n0,2207,1,0,0,0,2279,32,2024-01-17 03:54:06+00:00,2026-01-01 00:54:55+00:00,714.8755671296296,209,2095.224166666667,0.9038926379610537
frontier01167,x2009c0s7b0n0,2009,0,7,0,0,2279,31,2024-01-17 03:54:06+00:00,2026-01-01 00:54:55+00:00,714.8755671296296,210,2156.7391666666667,0.8796738879610537
frontier06408,x2403c0s3b1n0,2403,0,3,1,0,2279,31,2024-01-17 04:29:09+00:00,2026-01-01 00:54:55+00:00,714.8512268518518,216,2268.7519444444442,0.8843381836830807
frontier00409,x2003c1s4b0n0,2003,1,4,0,0,2279,32,2024-01-17 03:54:06+00:00,2026-01-01 00:54:55+00:00,714.8755671296296,210,2160.714722222222,0.9046738879610537
frontier07171,x2409c0s1b0n0,2409,0,1,0,0,2279,32,2024-01-17 04:29:09+00:00,2026-01-01 00:54:55+00:00,714.8512268518518,210,2300.7875,0.9046506836830808
frontier01947,x2103c1s5b0n0,2103,1,5,0,0,2279,31,2024-01-17 03:51:58+00:00,2026-01-01 00:54:55+00:00,714.8770486111111,208,2155.8119444444446,0.8781128002994182
frontier02832,x2110c0s7b1n0,2110,0,7,1,0,2279,31,2024-01-17 04:47:13+00:00,2026-01-01 00:54:55+00:00,714.8386805555556,205,2076.075,0.8757324729425565
frontier04502,x2211c1s2b1n0,2211,1,2,1,0,2278,32,2024-01-17 04:47:13+00:00,2026-01-01 00:54:55+00:00,714.8386805555556,215,2209.215277777778,0.9084141480589327
frontier06299,x2402c1s5b0n0,2402,1,5,0,0,2278,31,2024-01-17 03:54:06+00:00,2026-01-01 00:54:55+00:00,714.8755671296296,210,2228.931666666667,0.8795430630774299
frontier05895,x2311c0s3b0n0,2311,0,3,0,0,2278,31,2024-01-17 04:29:09+00:00,2026-01-01 00:54:55+00:00,714.8512268518518,210,2188.226111111111,0.8795198587994569
frontier05259,x2306c0s5b0n0,2306,0,5,0,0,2278,31,2024-01-17 03:54:06+00:00,2026-01-01 00:54:55+00:00,714.8755671296296,217,2257.703611111111,0.8850118130774299
frontier05780,x2310c1s1b1n0,2310,1,1,1,0,2278,31,2024-01-17 03:54:06+00:00,2026-01-01 00:54:55+00:00,714.8755671296296,216,2208.076666666667,0.8842305630774299
frontier06532,x2404c0s1b1n0,2404,0,1,1,0,2278,31,2024-01-17 04:29:09+00:00,2026-01-01 00:54:55+00:00,714.8512268518518,208,2168.800277777778,0.8779573587994569
frontier03850,x2206c0s4b1n0,2206,0,4,1,0,2278,31,2024-01-17 03:54:06+00:00,2025-12-31 08:27:44+00:00,714.1900231481482,209,2166.608333333333,0.8781082645331535
frontier04758,x2301c1s2b1n0,2301,1,2,1,0,2278,32,2024-01-17 03:54:06+00:00,2026-01-01 00:54:55+00:00,714.8755671296296,213,2114.698611111111,0.9068868130774299
frontier05776,x2310c0s7b1n0,2310,0,7,1,0,2278,32,2024-01-17 04:10:12+00:00,2026-01-01 00:54:55+00:00,714.864386574074,218,2211.9119444444445,0.9107824043363353
frontier00263,x2002c0s3b0n0,2002,0,3,0,0,2278,32,2024-01-17 04:29:09+00:00,2026-01-01 00:54:55+00:00,714.8512268518518,212,2233.032777777778,0.906082358799457
frontier06416,x2403c0s7b1n0,2403,0,7,1,0,2277,31,2024-01-17 04:29:11+00:00,2026-01-01 00:54:55+00:00,714.8512037037037,218,2205.865277777778,0.8856389544309349
frontier03847,x2206c0s3b0n0,2206,0,3,0,0,2277,32,2024-01-17 03:54:06+00:00,2026-01-01 00:54:55+00:00,714.8755671296296,206,2170.423333333333,0.9012871807766947
frontier03723,x2205c0s5b0n0,2205,0,5,0,0,2277,31,2024-01-17 03:54:06+00:00,2026-01-01 00:54:55+00:00,714.8755671296296,210,2187.5755555555556,0.8794121807766947
frontier07172,x2409c0s1b1n0,2409,0,1,1,0,2277,31,2024-01-17 04:29:09+00:00,2026-01-01 00:54:55+00:00,714.8512268518518,210,2239.9080555555556,0.8793889764987217
frontier05778,x2310c1s0b1n0,2310,1,0,1,0,2276,31,2024-01-17 03:54:06+00:00,2026-01-01 00:54:55+00:00,714.8755671296296,210,2137.818888888889,0.8792812410084273
frontier06034,x2400c1s0b1n0,2400,1,0,1,0,2276,31,2024-01-17 03:54:06+00:00,2026-01-01 00:54:55+00:00,714.8755671296296,215,2179.4608333333335,0.8831874910084273
frontier06429,x2403c1s6b0n0,2403,1,6,0,0,2276,31,2024-01-17 03:54:06+00:00,2026-01-01 00:54:55+00:00,714.8755671296296,219,2197.015,0.8863124910084272
frontier05783,x2310c1s3b0n0,2310,1,3,0,0,2276,31,2024-01-17 03:54:06+00:00,2026-01-01 00:54:55+00:00,714.8755671296296,219,2172.5241666666666,0.8863124910084272
frontier06553,x2404c1s4b0n0,2404,1,4,0,0,2276,31,2024-01-17 03:54:06+00:00,2026-01-01 00:54:55+00:00,714.8755671296296,211,2171.1847222222223,0.8800624910084273
frontier06038,x2400c1s2b1n0,2400,1,2,1,0,2275,31,2024-01-17 04:47:13+00:00,2026-01-01 00:54:55+00:00,714.8386805555556,217,2235.6280555555554,0.8845838287036426
frontier00526,x2004c0s6b1n0,2004,0,6,1,0,2275,31,2024-01-17 03:54:06+00:00,2026-01-01 00:54:55+00:00,714.8755671296296,210,2249.1144444444444,0.8791502437221398
frontier06928,x2407c0s7b1n0,2407,0,7,1,0,2275,31,2024-01-17 03:54:06+00:00,2026-01-01 00:54:55+00:00,714.8755671296296,218,2212.1216666666664,0.8854002437221398
frontier03356,x2202c1s5b1n0,2202,1,5,1,0,2275,31,2024-01-17 04:29:09+00:00,2026-01-01 00:54:55+00:00,714.8512268518518,208,2164.2780555555555,0.8775645394441668
frontier00537,x2004c1s4b0n0,2004,1,4,0,0,2275,32,2024-01-17 03:54:06+00:00,2026-01-01 00:54:55+00:00,714.8755671296296,213,2172.9166666666665,0.9064939937221398
frontier06280,x2402c0s3b1n0,2402,0,3,1,0,2274,31,2024-01-17 03:54:46+00:00,2026-01-01 00:54:55+00:00,714.8751041666667,213,2181.0758333333333,0.8813624975115393
frontier04002,x2207c2s0b1n0,2207,2,0,1,0,2274,31,2024-01-17 03:54:06+00:00,2026-01-01 00:54:55+00:00,714.8755671296296,215,2137.5194444444446,0.8829254388672781
frontier00012,x2000c0s5b1n0,2000,0,5,1,0,2274,31,2024-01-17 03:54:06+00:00,2026-01-01 00:54:55+00:00,714.8755671296296,212,2183.271111111111,0.8805816888672782
frontier01927,x2103c0s3b0n0,2103,0,3,0,0,2274,31,2024-01-17 03:54:06+00:00,2026-01-01 00:54:55+00:00,714.8755671296296,207,2191.5819444444446,0.8766754388672782
frontier01425,x2011c1s0b0n0,2011,1,0,0,0,2274,32,2024-01-17 03:54:06+00:00,2026-01-01 00:54:55+00:00,714.8755671296296,212,2087.279722222222,0.9055816888672782
frontier00141,x2001c0s6b0n0,2001,0,6,0,0,2274,31,2024-01-17 03:54:06+00:00,2026-01-01 00:54:55+00:00,714.8755671296296,217,2239.625,0.8844879388672782
frontier05519,x2308c0s7b0n0,2308,0,7,0,0,2274,31,2024-01-17 04:29:09+00:00,2026-01-01 00:54:55+00:00,714.8512268518518,222,2243.4925,0.8883709845893052
frontier04000,x2207c1s7b1n0,2207,1,7,1,0,2274,32,2024-01-17 03:54:06+00:00,2026-01-01 00:54:55+00:00,714.8755671296296,209,2155.594722222222,0.9032379388672782
frontier03613,x2204c1s6b0n0,2204,1,6,0,0,2273,31,2024-01-17 03:54:07+00:00,2026-01-01 00:54:55+00:00,714.8755555555556,216,2183.8416666666667,0.8835755653593281
frontier04375,x2210c1s3b0n0,2210,1,3,0,0,2273,31,2024-01-17 03:54:06+00:00,2026-01-01 00:54:55+00:00,714.8755671296296,216,2168.7027777777776,0.8835755763932215
frontier06540,x2404c0s5b1n0,2404,0,5,1,0,2273,32,2024-01-17 04:29:09+00:00,2026-01-01 00:54:55+00:00,714.8512268518518,212,2191.7097222222224,0.9054273721152487
frontier00659,x2005c1s1b0n0,2005,1,1,0,0,2273,31,2024-01-17 03:54:06+00:00,2026-01-01 00:54:55+00:00,714.8755671296296,215,2200.985833333333,0.8827943263932215
frontier03480,x2203c1s3b1n0,2203,1,3,1,0,2273,32,2024-01-17 03:54:06+00:00,2026-01-01 00:54:55+00:00,714.8755671296296,211,2107.967222222222,0.9046693263932215
frontier01045,x2008c1s2b0n0,2008,1,2,0,0,2273,31,2024-01-17 03:54:06+00:00,2026-01-01 00:54:55+00:00,714.8755671296296,206,2151.675277777778,0.8757630763932215
frontier05524,x2308c1s1b1n0,2308,1,1,1,0,2273,31,2024-01-17 03:54:06+00:00,2026-01-01 00:54:55+00:00,714.8755671296296,219,2222.7327777777778,0.8859193263932215
frontier06286,x2402c0s6b1n0,2402,0,6,1,0,2272,31,2024-01-17 03:54:06+00:00,2026-01-01 00:54:55+00:00,714.8755671296296,215,2181.242777777778,0.882663156249282
frontier00129,x2001c0s0b0n0,2001,0,0,0,0,2272,32,2024-01-17 03:54:46+00:00,2026-01-01 00:54:55+00:00,714.8751041666667,210,2271.875,0.9037564648935432
frontier00521,x2004c0s4b0n0,2004,0,4,0,0,2272,33,2024-01-17 03:54:06+00:00,2026-01-01 00:54:55+00:00,714.8755671296296,210,2263.9558333333334,0.9287569062492821
frontier05775,x2310c0s7b0n0,2310,0,7,0,0,2272,31,2024-01-17 03:54:06+00:00,2026-01-01 00:54:55+00:00,714.8755671296296,213,2185.4158333333335,0.881100656249282
frontier02715,x2109c1s5b0n0,2109,1,5,0,0,2272,31,2024-01-17 03:54:07+00:00,2026-01-01 00:54:55+00:00,714.8755555555556,204,2138.0177777777776,0.8740693952153886
frontier03469,x2203c0s6b0n0,2203,0,6,0,0,2272,32,2024-01-17 03:54:06+00:00,2026-01-01 00:54:55+00:00,714.8755671296296,210,2155.7491666666665,0.9037569062492821
frontier00011,x2000c0s5b0n0,2000,0,5,0,0,2272,32,2024-01-17 03:54:06+00:00,2026-01-01 00:54:55+00:00,714.8755671296296,208,2218.2727777777777,0.902194406249282
frontier01035,x2008c0s5b0n0,2008,0,5,0,0,2272,33,2024-01-17 03:51:58+00:00,2026-01-01 00:54:55+00:00,714.8770486111111,213,2199.6033333333335,0.9311020685876465
frontier06802,x2406c1s0b1n0,2406,1,0,1,0,2271,31,2024-01-17 03:54:06+00:00,2026-01-01 00:54:55+00:00,714.8755671296296,216,2226.8,0.8833131783847054
frontier04488,x2211c0s3b1n0,2211,0,3,1,0,2271,32,2024-01-17 03:54:06+00:00,2026-01-01 00:54:55+00:00,714.8755671296296,214,2174.7544444444443,0.9067506783847055
frontier04496,x2211c0s7b1n0,2211,0,7,1,0,2271,32,2024-01-17 03:54:06+00:00,2026-01-01 00:54:55+00:00,714.8755671296296,212,2171.1005555555557,0.9051881783847054
frontier03737,x2205c1s4b0n0,2205,1,4,0,0,2271,32,2024-01-17 03:54:06+00:00,2026-01-01 00:54:55+00:00,714.8755671296296,214,2196.95,0.9067506783847055
frontier04869,x2302c0s2b0n0,2302,0,2,0,0,2271,31,2024-01-17 00:14:14+00:00,2026-01-01 00:54:55+00:00,715.0282523148148,212,2179.7875,0.8803337375073962
frontier05133,x2304c0s6b0n0,2304,0,6,0,0,2271,31,2024-01-17 03:54:06+00:00,2026-01-01 00:54:55+00:00,714.8755671296296,214,2241.1444444444446,0.8817506783847053
frontier00534,x2004c1s2b1n0,2004,1,2,1,0,2271,31,2024-01-17 03:54:06+00:00,2026-01-01 00:54:55+00:00,714.8755671296296,208,2191.7275,0.8770631783847054
frontier02868,x2110c3s1b1n0,2110,3,1,1,0,2271,31,2024-01-17 04:31:36+00:00,2026-01-01 00:54:55+00:00,714.849525462963,205,2027.993611111111,0.8746946021243921
frontier01300,x2010c1s1b1n0,2010,1,1,1,0,2271,31,2024-01-17 03:54:06+00:00,2026-01-01 00:54:55+00:00,714.8755671296296,208,2167.605,0.8770631783847054
frontier05267,x2306c1s1b0n0,2306,1,1,0,0,2271,31,2024-01-17 03:54:06+00:00,2026-01-01 00:54:55+00:00,714.8755671296296,215,2188.318888888889,0.8825319283847054
frontier00902,x2007c0s2b1n0,2007,0,2,1,0,2270,31,2024-01-17 03:54:06+00:00,2026-01-01 00:54:55+00:00,714.8755671296296,206,2171.0852777777777,0.87536939274867
frontier02339,x2106c2s1b0n0,2106,2,1,0,0,2270,31,2024-01-17 04:31:34+00:00,2026-01-01 00:54:55+00:00,714.8495486111111,213,2167.708888888889,0.8808133385561436
frontier03471,x2203c0s7b0n0,2203,0,7,0,0,2270,32,2024-01-17 03:54:06+00:00,2026-01-01 00:54:55+00:00,714.8755671296296,213,2158.5988888888887,0.90583814274867
frontier05763,x2310c0s1b0n0,2310,0,1,0,0,2270,31,2024-01-17 00:14:14+00:00,2026-01-01 00:54:55+00:00,715.0282523148148,213,2261.927222222222,0.8809837018713608
frontier04627,x2300c1s1b0n0,2300,1,1,0,0,2270,31,2024-01-17 04:10:12+00:00,2026-01-01 00:54:55+00:00,714.864386574074,217,2195.6175,0.8839524840075754
frontier01027,x2008c0s1b0n0,2008,0,1,0,0,2270,32,2024-01-17 03:54:06+00:00,2026-01-01 00:54:55+00:00,714.8755671296296,208,2281.4341666666664,0.90193189274867
frontier02743,x2109c3s3b0n0,2109,3,3,0,0,2270,31,2024-01-17 04:58:24+00:00,2026-01-01 00:54:55+00:00,714.8309143518519,208,2051.485,0.8768893239876527
frontier05012,x2303c1s1b1n0,2303,1,1,1,0,2270,31,2024-01-17 03:54:06+00:00,2026-01-01 00:54:55+00:00,714.8755671296296,221,2247.866111111111,0.88708814274867
frontier05773,x2310c0s6b0n0,2310,0,6,0,0,2270,32,2024-01-17 04:29:09+00:00,2026-01-01 00:54:55+00:00,714.8512268518518,217,2262.173888888889,0.9089399384706972
frontier00019,x2000c1s1b0n0,2000,1,1,0,0,2270,33,2024-01-17 03:54:06+00:00,2026-01-01 00:54:55+00:00,714.8755671296296,209,2225.5177777777776,0.92771314274867
frontier06805,x2406c1s2b0n0,2406,1,2,0,0,2270,31,2024-01-17 03:54:06+00:00,2026-01-01 00:54:55+00:00,714.8755671296296,220,2248.197222222222,0.88630689274867
frontier06933,x2407c1s2b0n0,2407,1,2,0,0,2269,31,2024-01-17 03:54:07+00:00,2026-01-01 00:54:55+00:00,714.8755555555556,223,2224.198611111111,0.8885192882563934
frontier05777,x2310c1s0b0n0,2310,1,0,0,0,2269,32,2024-01-17 03:54:06+00:00,2026-01-01 00:54:55+00:00,714.8755671296296,220,2236.3522222222223,0.9111755492902869
frontier05251,x2306c0s1b0n0,2306,0,1,0,0,2269,32,2024-01-17 00:14:14+00:00,2026-01-01 00:54:55+00:00,715.0282523148148,215,2294.97,0.9074148584129775
frontier00274,x2002c1s0b1n0,2002,1,0,1,0,2269,31,2024-01-17 04:47:13+00:00,2026-01-01 00:54:55+00:00,714.8386805555556,210,2188.973611111111,0.8783278842717896
frontier01815,x2102c1s3b0n0,2102,1,3,0,0,2269,31,2024-01-17 03:54:06+00:00,2026-01-01 02:44:51+00:00,714.9519097222222,210,2135.5852777777777,0.8784358288516322
frontier04133,x2208c2s2b0n0,2208,2,2,0,0,2269,31,2024-01-17 03:54:07+00:00,2026-01-01 00:54:55+00:00,714.8755555555556,212,2091.110833333333,0.8799255382563934
frontier04245,x2209c1s2b0n0,2209,1,2,0,0,2269,31,2024-01-17 03:54:06+00:00,2026-01-01 00:54:55+00:00,714.8755671296296,216,2163.771111111111,0.8830505492902868
frontier04740,x2301c0s1b1n0,2301,0,1,1,0,2269,32,2024-01-17 03:51:58+00:00,2026-01-01 00:54:55+00:00,714.8770486111111,207,2146.466388888889,0.9010207116286514
frontier01032,x2008c0s3b1n0,2008,0,3,1,0,2269,31,2024-01-17 03:54:06+00:00,2026-01-01 00:54:55+00:00,714.8755671296296,211,2216.645,0.8791442992902868
frontier06551,x2404c1s3b0n0,2404,1,3,0,0,2269,31,2024-01-17 03:54:06+00:00,2026-01-01 00:54:55+00:00,714.8755671296296,221,2211.0841666666665,0.8869567992902868
frontier04509,x2211c1s6b0n0,2211,1,6,0,0,2268,32,2024-01-17 03:54:06+00:00,2026-01-01 00:54:55+00:00,714.8755671296296,213,2200.0808333333334,0.9055753979586002
frontier00393,x2003c0s4b0n0,2003,0,4,0,0,2268,31,2024-01-17 03:54:06+00:00,2026-01-01 00:54:55+00:00,714.8755671296296,211,2234.6469444444447,0.8790128979586002
frontier06160,x2401c0s7b1n0,2401,0,7,1,0,2268,32,2024-01-17 03:54:06+00:00,2026-01-01 00:54:55+00:00,714.8755671296296,216,2246.1991666666668,0.9079191479586002
frontier02995,x2111c3s1b0n0,2111,3,1,0,0,2268,32,2024-01-17 04:58:24+00:00,2026-01-01 00:54:55+00:00,714.8309143518519,212,2120.8972222222224,0.9047515791975829
frontier04493,x2211c0s6b0n0,2211,0,6,0,0,2267,31,2024-01-17 03:54:06+00:00,2026-01-01 00:54:55+00:00,714.8755671296296,207,2188.5480555555555,0.8757564387025865
frontier00910,x2007c0s6b1n0,2007,0,6,1,0,2267,31,2024-01-17 03:54:06+00:00,2025-12-31 08:27:44+00:00,714.1900231481482,211,2226.35,0.8782278901583099
frontier05516,x2308c0s5b1n0,2308,0,5,1,0,2267,32,2024-01-17 03:54:06+00:00,2026-01-01 00:54:55+00:00,714.8755671296296,217,2256.5055555555555,0.9085689387025865
frontier05911,x2311c1s3b0n0,2311,1,3,0,0,2267,31,2024-01-17 04:29:11+00:00,2026-01-01 00:54:55+00:00,714.8512037037037,220,2223.6877777777777,0.8858894623568266
frontier00148,x2001c1s1b1n0,2001,1,1,1,0,2267,31,2024-01-17 03:54:06+00:00,2026-01-01 00:54:55+00:00,714.8755671296296,210,2185.146111111111,0.8781001887025864
frontier00787,x2006c1s1b0n0,2006,1,1,0,0,2267,31,2024-01-17 03:54:06+00:00,2026-01-01 00:54:55+00:00,714.8755671296296,213,2199.9997222222223,0.8804439387025864
frontier00904,x2007c0s3b1n0,2007,0,3,1,0,2267,31,2024-01-17 03:54:06+00:00,2026-01-01 00:54:55+00:00,714.8755671296296,209,2214.208611111111,0.8773189387025864
frontier01168,x2009c0s7b1n0,2009,0,7,1,0,2267,32,2024-01-17 04:47:13+00:00,2026-01-01 00:54:55+00:00,714.8386805555556,208,2133.0452777777778,0.9015025236840892
frontier06296,x2402c1s3b1n0,2402,1,3,1,0,2267,32,2024-01-17 04:47:13+00:00,2026-01-01 00:54:55+00:00,714.8386805555556,216,2226.1475,0.9077525236840892
frontier03996,x2207c1s5b1n0,2207,1,5,1,0,2267,32,2024-01-17 03:54:06+00:00,2026-01-01 00:54:55+00:00,714.8755671296296,216,2197.883611111111,0.9077876887025864
frontier00047,x2000c2s7b0n0,2000,2,7,0,0,2267,32,2024-01-17 04:58:24+00:00,2026-01-01 00:54:55+00:00,714.8309143518519,209,2128.9841666666666,0.9022763699415692
frontier00132,x2001c0s1b1n0,2001,0,1,1,0,2266,32,2024-01-17 03:54:06+00:00,2026-01-01 00:54:55+00:00,714.8755671296296,204,2278.481388888889,0.8982811714711547
frontier05513,x2308c0s4b0n0,2308,0,4,0,0,2266,32,2024-01-17 03:54:06+00:00,2026-01-01 00:54:55+00:00,714.8755671296296,210,2183.9283333333333,0.9029686714711547
frontier05785,x2310c1s4b0n0,2310,1,4,0,0,2266,32,2024-01-17 04:09:35+00:00,2026-01-01 00:54:55+00:00,714.8648148148148,220,2200.0622222222223,0.9107709209841186
frontier01418,x2011c0s4b1n0,2011,0,4,1,0,2266,31,2024-01-17 03:54:06+00:00,2026-01-01 00:54:55+00:00,714.8755671296296,206,2135.3902777777776,0.8748436714711546
frontier05394,x2307c1s0b1n0,2307,1,0,1,0,2266,32,2024-01-17 03:54:06+00:00,2026-01-01 00:54:55+00:00,714.8755671296296,219,2203.7922222222223,0.9099999214711547
frontier06031,x2400c0s7b0n0,2400,0,7,0,0,2265,31,2024-01-17 03:54:06+00:00,2026-01-01 00:54:55+00:00,714.8755671296296,213,2148.813611111111,0.8801808462131464
frontier04867,x2302c0s1b0n0,2302,0,1,0,0,2265,31,2024-01-17 00:14:14+00:00,2026-01-01 00:54:55+00:00,715.0282523148148,212,2280.9675,0.8795451553358372
frontier04762,x2301c1s4b1n0,2301,1,4,1,0,2265,31,2024-01-17 04:47:13+00:00,2026-01-01 00:54:55+00:00,714.8386805555556,212,2212.1691666666666,0.8793644311946494
frontier06671,x2405c0s7b0n0,2405,0,7,0,0,2265,32,2024-01-17 03:54:06+00:00,2026-01-01 00:54:55+00:00,714.8755671296296,220,2188.838333333333,0.9106495962131465
frontier04613,x2300c0s2b0n0,2300,0,2,0,0,2264,32,2024-01-17 00:14:14+00:00,2026-01-01 00:54:55+00:00,715.0282523148148,211,2164.4775,0.903632272000026
frontier03984,x2207c0s7b1n0,2207,0,7,1,0,2264,31,2024-01-17 04:29:09+00:00,2026-01-01 00:54:55+00:00,714.8512268518518,205,2131.1833333333334,0.8737760085993624
frontier06041,x2400c1s4b0n0,2400,1,4,0,0,2264,32,2024-01-17 03:54:06+00:00,2026-01-01 00:54:55+00:00,714.8755671296296,220,2241.6033333333335,0.9105179628773354
frontier01306,x2010c1s4b1n0,2010,1,4,1,0,2264,31,2024-01-17 03:54:07+00:00,2026-01-01 00:54:55+00:00,714.8755555555556,209,2141.323888888889,0.876924201843442
frontier05274,x2306c1s4b1n0,2306,1,4,1,0,2264,32,2024-01-17 03:54:06+00:00,2026-01-01 00:54:55+00:00,714.8755671296296,215,2205.8094444444446,0.9066117128773354
frontier01036,x2008c0s5b1n0,2008,0,5,1,0,2264,32,2024-01-17 03:54:06+00:00,2026-01-01 00:54:55+00:00,714.8755671296296,213,2154.131388888889,0.9050492128773354
frontier06547,x2404c1s1b0n0,2404,1,1,0,0,2264,32,2024-01-17 03:54:06+00:00,2026-01-01 00:54:55+00:00,714.8755671296296,218,2209.0686111111113,0.9089554628773354
frontier01289,x2010c0s4b0n0,2010,0,4,0,0,2264,32,2024-01-17 03:54:06+00:00,2026-01-01 00:54:55+00:00,714.8755671296296,205,2181.9319444444445,0.8987992128773354
frontier03353,x2202c1s4b0n0,2202,1,4,0,0,2263,32,2024-01-17 03:54:06+00:00,2026-01-01 00:54:55+00:00,714.8755671296296,210,2161.425277777778,0.9025737714124273
frontier06145,x2401c0s0b0n0,2401,0,0,0,0,2263,31,2024-01-17 04:29:09+00:00,2026-01-01 00:54:55+00:00,714.8512268518518,210,2187.065,0.8775505671344543
frontier00396,x2003c0s5b1n0,2003,0,5,1,0,2263,31,2024-01-17 03:54:06+00:00,2026-01-01 00:54:55+00:00,714.8755671296296,209,2180.086388888889,0.8767925214124273
frontier07047,x2408c0s3b0n0,2408,0,3,0,0,2263,31,2024-01-17 03:54:06+00:00,2026-01-01 00:54:55+00:00,714.8755671296296,216,2226.034722222222,0.8822612714124273
frontier05124,x2304c0s1b1n0,2304,0,1,1,0,2263,31,2024-01-17 03:51:58+00:00,2026-01-01 00:54:55+00:00,714.8770486111111,206,2236.493611111111,0.8744501837507918
frontier01564,x2100c1s5b1n0,2100,1,5,1,0,2263,31,2024-01-17 03:54:07+00:00,2026-01-01 02:44:51+00:00,714.9518981481482,211,2171.6922222222224,0.8784277899398791
frontier03715,x2205c0s1b0n0,2205,0,1,0,0,2262,31,2024-01-17 04:29:09+00:00,2026-01-01 00:54:55+00:00,714.8512268518518,212,2321.2102777777777,0.878981317489087
frontier06294,x2402c1s2b1n0,2402,1,2,1,0,2262,31,2024-01-17 03:54:06+00:00,2026-01-01 00:54:55+00:00,714.8755671296296,210,2179.574722222222,0.8774420217670599
frontier05891,x2311c0s1b0n0,2311,0,1,0,0,2262,31,2024-01-17 00:14:14+00:00,2026-01-01 00:54:55+00:00,715.0282523148148,216,2271.9847222222224,0.8822750808897506
frontier04623,x2300c0s7b0n0,2300,0,7,0,0,2262,31,2024-01-17 04:29:09+00:00,2026-01-01 00:54:55+00:00,714.8512268518518,215,2260.7972222222224,0.881325067489087
frontier07321,x2410c1s4b0n0,2410,1,4,0,0,2261,32,2024-01-17 04:58:24+00:00,2026-01-01 00:54:55+00:00,714.8309143518519,219,2203.391666666667,0.9092988951287861
frontier01297,x2010c1s0b0n0,2010,1,0,0,0,2261,32,2024-01-17 03:54:06+00:00,2026-01-01 00:54:55+00:00,714.8755671296296,206,2066.23,0.8991852138898033
frontier06026,x2400c0s4b1n0,2400,0,4,1,0,2261,31,2024-01-17 04:29:09+00:00,2026-01-01 00:54:55+00:00,714.8512268518518,205,2189.8519444444446,0.8733807596118304
frontier05009,x2303c1s0b0n0,2303,1,0,0,0,2261,32,2024-01-17 03:54:06+00:00,2026-01-01 00:54:55+00:00,714.8755671296296,207,2115.88,0.8999664638898034
frontier06281,x2402c0s4b0n0,2402,0,4,0,0,2261,31,2024-01-17 04:29:09+00:00,2026-01-01 00:54:55+00:00,714.8512268518518,214,2151.3902777777776,0.8804120096118304
frontier06554,x2404c1s4b1n0,2404,1,4,1,0,2260,31,2024-01-17 04:09:35+00:00,2026-01-01 00:54:55+00:00,714.8648148148148,221,2179.648611111111,0.885761847242123
frontier01690,x2101c1s4b1n0,2101,1,4,1,0,2260,32,2024-01-17 03:54:07+00:00,2026-01-01 02:44:51+00:00,714.9518981481482,211,2158.2575,0.9030323662566109
frontier00776,x2006c0s3b1n0,2006,0,3,1,0,2260,32,2024-01-17 03:54:06+00:00,2026-01-01 00:54:55+00:00,714.8755671296296,205,2113.96,0.8982720977291592
frontier07177,x2409c0s4b0n0,2409,0,4,0,0,2260,31,2024-01-17 03:54:06+00:00,2026-01-01 00:54:55+00:00,714.8755671296296,214,2236.398888888889,0.8803033477291591
frontier01959,x2103c2s3b0n0,2103,2,3,0,0,2260,31,2024-01-17 04:31:35+00:00,2026-01-01 00:54:55+00:00,714.8495370370371,211,2090.5266666666666,0.8779347825027392
frontier01668,x2101c0s1b1n0,2101,0,1,1,0,2260,32,2024-01-17 03:54:06+00:00,2026-01-01 04:45:26+00:00,715.0356481481482,210,2263.8341666666665,0.9023309575097789
frontier04508,x2211c1s5b1n0,2211,1,5,1,0,2259,32,2024-01-17 03:54:06+00:00,2026-01-01 00:54:55+00:00,714.8755671296296,213,2216.840833333333,0.90439017323356
frontier02220,x2105c2s5b1n0,2105,2,5,1,0,2259,31,2024-01-17 04:31:35+00:00,2026-01-01 04:50:59+00:00,715.0134722222223,206,2108.786666666667,0.8740528920742862
frontier06315,x2402c2s5b0n0,2402,2,5,0,0,2259,32,2024-01-17 03:54:07+00:00,2026-01-01 00:54:55+00:00,714.8755555555556,210,2089.165,0.9020464121996665
frontier04380,x2210c1s5b1n0,2210,1,5,1,0,2259,31,2024-01-17 04:09:35+00:00,2026-01-01 00:54:55+00:00,714.8648148148148,210,2206.610833333333,0.8770361727465239
frontier00136,x2001c0s3b1n0,2001,0,3,1,0,2258,31,2024-01-17 03:54:06+00:00,2026-01-01 00:54:55+00:00,714.8755671296296,212,2223.9925,0.8784769403513712
frontier01935,x2103c0s7b0n0,2103,0,7,0,0,2258,32,2024-01-17 03:54:06+00:00,2026-01-01 04:45:58+00:00,715.0360185185185,211,2148.73,0.902848653216582
frontier01436,x2011c1s5b1n0,2011,1,5,1,0,2258,31,2024-01-17 04:29:09+00:00,2026-01-01 04:45:26+00:00,715.0113078703704,210,2190.5797222222222,0.8770438458540181
frontier01048,x2008c1s3b1n0,2008,1,3,1,0,2258,31,2024-01-17 03:54:06+00:00,2026-01-01 00:54:55+00:00,714.8755671296296,211,2138.299722222222,0.8776956903513712
frontier04622,x2300c0s6b1n0,2300,0,6,1,0,2257,32,2024-01-17 03:54:06+00:00,2026-01-01 00:54:55+00:00,714.8755671296296,211,2233.5669444444443,0.9025636490308884
frontier00773,x2006c0s2b0n0,2006,0,2,0,0,2257,32,2024-01-17 03:54:06+00:00,2026-01-01 00:54:55+00:00,714.8755671296296,210,2215.8216666666667,0.9017823990308884
frontier02459,x2107c1s5b0n0,2107,1,5,0,0,2257,31,2024-01-17 03:54:06+00:00,2026-01-01 00:54:55+00:00,714.8755671296296,208,2103.1175,0.8752198990308884
frontier00139,x2001c0s5b0n0,2001,0,5,0,0,2257,32,2024-01-17 03:54:06+00:00,2026-01-01 00:54:55+00:00,714.8755671296296,214,2197.7877777777776,0.9049073990308885
frontier00273,x2002c1s0b0n0,2002,1,0,0,0,2257,31,2024-01-17 03:54:06+00:00,2026-01-01 00:54:55+00:00,714.8755671296296,208,2185.093888888889,0.8752198990308884
frontier04377,x2210c1s4b0n0,2210,1,4,0,0,2257,32,2024-01-17 03:54:06+00:00,2026-01-01 00:54:55+00:00,714.8755671296296,211,2194.2327777777778,0.9025636490308884
frontier01808,x2102c0s7b1n0,2102,0,7,1,0,2256,32,2024-01-17 03:54:06+00:00,2026-01-01 00:54:55+00:00,714.8755671296296,207,2083.992222222222,0.8993065492203393
frontier00152,x2001c1s3b1n0,2001,1,3,1,0,2256,32,2024-01-17 03:54:06+00:00,2026-01-01 00:54:55+00:00,714.8755671296296,209,2205.7144444444443,0.9008690492203393
frontier06807,x2406c1s3b0n0,2406,1,3,0,0,2256,31,2024-01-17 03:54:06+00:00,2026-01-01 00:54:55+00:00,714.8755671296296,219,2275.758888888889,0.8836815492203391
frontier03479,x2203c1s3b0n0,2203,1,3,0,0,2256,33,2024-01-17 03:54:06+00:00,2026-01-01 00:54:55+00:00,714.8755671296296,210,2129.965277777778,0.9266502992203393
frontier01427,x2011c1s1b0n0,2011,1,1,0,0,2256,31,2024-01-17 03:54:06+00:00,2026-01-01 00:54:55+00:00,714.8755671296296,200,2062.5805555555557,0.8688377992203392
frontier04246,x2209c1s2b1n0,2209,1,2,1,0,2255,32,2024-01-17 04:47:13+00:00,2026-01-01 00:54:55+00:00,714.8386805555556,216,2201.9580555555553,0.9061704758493853
frontier03770,x2205c3s4b1n0,2205,3,4,1,0,2255,31,2024-01-17 04:58:24+00:00,2026-01-01 00:54:55+00:00,714.8309143518519,201,2052.1097222222224,0.8694443221068652
frontier00783,x2006c0s7b0n0,2006,0,7,0,0,2255,31,2024-01-17 03:54:06+00:00,2026-01-01 00:54:55+00:00,714.8755671296296,210,2153.5333333333333,0.8765181408678825
frontier01034,x2008c0s4b1n0,2008,0,4,1,0,2255,31,2024-01-17 03:54:06+00:00,2026-01-01 00:54:55+00:00,714.8755671296296,205,2247.0894444444443,0.8726118908678825
frontier01412,x2011c0s1b1n0,2011,0,1,1,0,2255,32,2024-01-17 03:54:06+00:00,2026-01-01 04:45:26+00:00,715.0356481481482,205,2310.612222222222,0.8977645006485022
frontier06529,x2404c0s0b0n0,2404,0,0,0,0,2255,31,2024-01-17 03:54:46+00:00,2026-01-01 00:54:55+00:00,714.8751041666667,213,2229.0725,0.8788614495121436
frontier02999,x2111c3s3b0n0,2111,3,3,0,0,2255,31,2024-01-17 04:58:24+00:00,2026-01-01 00:54:55+00:00,714.8309143518519,213,2105.742777777778,0.8788193221068652
frontier02197,x2105c1s2b0n0,2105,1,2,0,0,2254,31,2024-01-17 03:54:06+00:00,2026-01-01 00:54:55+00:00,714.8755671296296,208,2062.476111111111,0.8748234239216077
frontier01828,x2102c2s1b1n0,2102,2,1,1,0,2254,31,2024-01-17 04:31:34+00:00,2026-01-01 00:54:55+00:00,714.8495486111111,210,2048.666111111111,0.8763611197290813
frontier03601,x2204c1s0b0n0,2204,1,0,0,0,2254,32,2024-01-17 03:54:06+00:00,2026-01-01 00:54:55+00:00,714.8755671296296,212,2142.6052777777777,0.9029484239216078
frontier04251,x2209c1s5b0n0,2209,1,5,0,0,2254,31,2024-01-17 03:54:06+00:00,2026-01-01 00:54:55+00:00,714.8755671296296,215,2215.3575,0.8802921739216077
frontier01033,x2008c0s4b0n0,2008,0,4,0,0,2254,31,2024-01-17 03:54:06+00:00,2026-01-01 00:54:55+00:00,714.8755671296296,211,2193.88,0.8771671739216077
frontier00394,x2003c0s4b1n0,2003,0,4,1,0,2254,31,2024-01-17 03:54:06+00:00,2026-01-01 00:54:55+00:00,714.8755671296296,214,2171.2919444444447,0.8795109239216077
frontier05641,x2309c0s4b0n0,2309,0,4,0,0,2254,31,2024-01-17 04:29:09+00:00,2025-12-31 08:27:44+00:00,714.1656828703703,211,2198.576666666667,0.8764904210993584
frontier06304,x2402c1s7b1n0,2402,1,7,1,0,2254,31,2024-01-17 04:09:35+00:00,2026-01-01 00:54:55+00:00,714.8648148148148,214,2149.637777777778,0.8795006734345716
frontier01821,x2102c1s6b0n0,2102,1,6,0,0,2254,31,2024-01-17 03:54:07+00:00,2026-01-01 00:54:55+00:00,714.8755555555556,210,2142.15,0.8763859128877143
frontier06290,x2402c1s0b1n0,2402,1,0,1,0,2253,31,2024-01-17 03:54:06+00:00,2026-01-01 00:54:55+00:00,714.8755671296296,219,2216.7894444444446,0.8832848983295352
frontier03230,x2201c1s6b1n0,2201,1,6,1,0,2253,31,2024-01-17 03:54:07+00:00,2026-01-01 00:54:55+00:00,714.8755555555556,210,2174.883611111111,0.8762536372956418
frontier06058,x2400c2s4b1n0,2400,2,4,1,0,2252,32,2024-01-17 04:31:34+00:00,2026-01-01 00:54:55+00:00,714.8495486111111,220,2164.551111111111,0.90890900984709
frontier02843,x2110c1s5b0n0,2110,1,5,0,0,2252,32,2024-01-17 03:54:07+00:00,2026-01-01 00:54:55+00:00,714.8755555555556,208,2134.5422222222223,0.899558803005723
frontier05401,x2307c1s4b0n0,2307,1,4,0,0,2252,32,2024-01-17 04:10:12+00:00,2026-01-01 00:54:55+00:00,714.864386574074,215,2184.3358333333335,0.9050169052985217
frontier05014,x2303c1s2b1n0,2303,1,2,1,0,2252,31,2024-01-17 04:09:35+00:00,2026-01-01 00:54:55+00:00,714.8648148148148,217,2289.632222222222,0.8815798135525803
frontier05903,x2311c0s7b0n0,2311,0,7,0,0,2252,32,2024-01-17 03:54:06+00:00,2026-01-01 00:54:55+00:00,714.8755671296296,212,2180.261111111111,0.9026838140396164
frontier04631,x2300c1s3b0n0,2300,1,3,0,0,2252,32,2024-01-17 04:09:35+00:00,2026-01-01 00:54:55+00:00,714.8648148148148,214,2191.8494444444445,0.9042360635525803
frontier04379,x2210c1s5b0n0,2210,1,5,0,0,2251,32,2024-01-17 03:54:06+00:00,2026-01-01 00:54:55+00:00,714.8755671296296,209,2169.6891666666666,0.9002076709997338
frontier00901,x2007c0s2b0n0,2007,0,2,0,0,2251,32,2024-01-17 03:54:06+00:00,2026-01-01 00:54:55+00:00,714.8755671296296,208,2225.659166666667,0.8994264209997337
frontier06668,x2405c0s5b1n0,2405,0,5,1,0,2251,31,2024-01-17 03:54:06+00:00,2026-01-01 00:54:55+00:00,714.8755671296296,219,2246.302222222222,0.8830201709997336
frontier05909,x2311c1s2b0n0,2311,1,2,0,0,2251,32,2024-01-17 03:54:06+00:00,2026-01-01 00:54:55+00:00,714.8755671296296,210,2220.9397222222224,0.9009889209997337
frontier04633,x2300c1s4b0n0,2300,1,4,0,0,2251,32,2024-01-17 04:09:35+00:00,2026-01-01 00:54:55+00:00,714.8648148148148,221,2229.5269444444443,0.9095724205126976
frontier06664,x2405c0s3b1n0,2405,0,3,1,0,2251,31,2024-01-17 03:54:06+00:00,2026-01-01 00:54:55+00:00,714.8755671296296,214,2190.4075,0.8791139209997336
frontier01957,x2103c2s2b0n0,2103,2,2,0,0,2251,32,2024-01-17 04:31:34+00:00,2026-01-01 02:44:51+00:00,714.9258912037037,206,2099.548888888889,0.8979118963685526
frontier03995,x2207c1s5b0n0,2207,1,5,0,0,2251,31,2024-01-17 03:54:06+00:00,2026-01-01 00:54:55+00:00,714.8755671296296,211,2210.009722222222,0.8767701709997336
frontier00027,x2000c1s5b0n0,2000,1,5,0,0,2251,31,2024-01-17 03:54:07+00:00,2026-01-01 00:54:55+00:00,714.8755555555556,205,2197.5208333333335,0.8720826599658402
frontier04248,x2209c1s3b1n0,2209,1,3,1,0,2251,32,2024-01-17 03:54:06+00:00,2026-01-01 00:54:55+00:00,714.8755671296296,214,2186.3705555555557,0.9041139209997338
frontier04001,x2207c2s0b0n0,2207,2,0,0,0,2250,32,2024-01-17 03:54:06+00:00,2026-01-01 00:54:55+00:00,714.8755671296296,208,2103.4955555555557,0.8992939691576992
frontier06060,x2400c2s5b1n0,2400,2,5,1,0,2250,32,2024-01-17 04:09:37+00:00,2026-01-01 00:54:55+00:00,714.8647916666666,213,2093.881388888889,0.9031899466028762
frontier06661,x2405c0s2b0n0,2405,0,2,0,0,2250,31,2024-01-17 00:14:14+00:00,2026-01-01 00:54:55+00:00,715.0282523148148,214,2263.1086111111113,0.8791270282803898
frontier01038,x2008c0s6b1n0,2008,0,6,1,0,2250,32,2024-01-17 03:54:06+00:00,2026-01-01 00:54:55+00:00,714.8755671296296,205,2196.945,0.8969502191576992
frontier06531,x2404c0s1b0n0,2404,0,1,0,0,2250,31,2024-01-17 03:54:46+00:00,2026-01-01 00:54:55+00:00,714.8751041666667,211,2272.311111111111,0.8766372778019603
frontier04534,x2211c3s2b1n0,2211,3,2,1,0,2250,31,2024-01-17 04:31:35+00:00,2026-01-01 00:54:55+00:00,714.8495370370371,210,2109.4219444444443,0.8758316539312793
frontier03078,x2200c0s2b1n0,2200,0,2,1,0,2250,31,2024-01-17 03:54:06+00:00,2026-01-01 00:54:55+00:00,714.8755671296296,208,2094.360277777778,0.8742939691576992
frontier04374,x2210c1s2b1n0,2210,1,2,1,0,2250,31,2024-01-17 04:09:35+00:00,2026-01-01 00:54:55+00:00,714.8648148148148,219,2234.923888888889,0.8828774686706631
frontier04505,x2211c1s4b0n0,2211,1,4,0,0,2249,32,2024-01-17 03:54:06+00:00,2026-01-01 00:54:55+00:00,714.8755671296296,209,2233.6783333333333,0.8999427084612563
frontier05642,x2309c0s4b1n0,2309,0,4,1,0,2249,31,2024-01-17 04:29:09+00:00,2026-01-01 00:54:55+00:00,714.8512268518518,216,2216.970277777778,0.8803882541832833
frontier03975,x2207c0s3b0n0,2207,0,3,0,0,2249,32,2024-01-17 04:29:09+00:00,2026-01-01 00:54:55+00:00,714.8512268518518,207,2166.8433333333332,0.8983570041832833
frontier00925,x2007c1s6b0n0,2007,1,6,0,0,2249,31,2024-01-17 03:54:07+00:00,2026-01-01 00:54:55+00:00,714.8755555555556,213,2187.388611111111,0.8780676974273628
frontier06278,x2402c0s2b1n0,2402,0,2,1,0,2249,31,2024-01-17 04:29:09+00:00,2026-01-01 00:54:55+00:00,714.8512268518518,208,2198.8180555555555,0.8741382541832833
frontier06159,x2401c0s7b0n0,2401,0,7,0,0,2248,31,2024-01-17 03:54:06+00:00,2026-01-01 00:54:55+00:00,714.8755671296296,216,2162.041111111111,0.880278888858078
frontier05260,x2306c0s5b1n0,2306,0,5,1,0,2248,31,2024-01-17 03:54:06+00:00,2025-12-31 08:27:44+00:00,714.1900231481482,211,2185.0577777777776,0.8757190903138016
frontier03722,x2205c0s4b1n0,2205,0,4,1,0,2248,31,2024-01-17 03:54:06+00:00,2026-01-01 00:54:55+00:00,714.8755671296296,201,2093.8355555555554,0.868560138858078
frontier06421,x2403c1s2b0n0,2403,1,2,0,0,2248,31,2024-01-17 03:54:06+00:00,2026-01-01 00:54:55+00:00,714.8755671296296,224,2228.7391666666667,0.886528888858078
frontier02695,x2109c0s3b0n0,2109,0,3,0,0,2248,31,2024-01-17 03:54:06+00:00,2026-01-01 00:54:55+00:00,714.8755671296296,208,2148.8716666666664,0.8740288888580781
frontier05517,x2308c0s6b0n0,2308,0,6,0,0,2247,31,2024-01-17 03:54:06+00:00,2026-01-01 00:54:55+00:00,714.8755671296296,214,2240.726388888889,0.8785837602957682
frontier05647,x2309c0s7b0n0,2309,0,7,0,0,2247,32,2024-01-17 03:54:06+00:00,2026-01-01 00:54:55+00:00,714.8755671296296,217,2234.983333333333,0.9059275102957682
frontier04122,x2208c1s4b1n0,2208,1,4,1,0,2247,32,2024-01-17 03:54:06+00:00,2026-01-01 00:54:55+00:00,714.8755671296296,216,2227.133888888889,0.9051462602957682
frontier04115,x2208c1s1b0n0,2208,1,1,0,0,2246,32,2024-01-17 04:29:09+00:00,2026-01-01 00:54:55+00:00,714.8512268518518,212,2197.3713888888888,0.9018653684438874
frontier00643,x2005c0s1b0n0,2005,0,1,0,0,2246,32,2024-01-17 03:54:06+00:00,2026-01-01 00:54:55+00:00,714.8755671296296,209,2320.181111111111,0.8995448227218603
frontier02440,x2107c0s3b1n0,2107,0,3,1,0,2246,31,2024-01-17 03:54:06+00:00,2026-01-01 04:18:40+00:00,715.0170601851852,204,2071.646111111111,0.8707734620695631
frontier05142,x2304c1s2b1n0,2304,1,2,1,0,2246,31,2024-01-17 03:54:06+00:00,2026-01-01 00:54:55+00:00,714.8755671296296,212,2161.5380555555557,0.8768885727218604
frontier05654,x2309c1s2b1n0,2309,1,2,1,0,2246,31,2024-01-17 04:47:13+00:00,2026-01-01 00:54:55+00:00,714.8386805555556,217,2189.3094444444446,0.8807596577033632
frontier04503,x2211c1s3b0n0,2211,1,3,0,0,2246,31,2024-01-17 03:54:06+00:00,2026-01-01 00:54:55+00:00,714.8755671296296,204,2098.7727777777777,0.8706385727218604
frontier06428,x2403c1s5b1n0,2403,1,5,1,0,2246,31,2024-01-17 03:54:06+00:00,2026-01-01 00:54:55+00:00,714.8755671296296,218,2142.1511111111113,0.8815760727218603
frontier02982,x2111c2s2b1n0,2111,2,2,1,0,2245,31,2024-01-17 04:31:35+00:00,2026-01-01 00:54:55+00:00,714.8495370370371,207,2090.4708333333333,0.872824760857398
frontier02847,x2110c1s7b0n0,2110,1,7,0,0,2245,31,2024-01-17 03:54:07+00:00,2026-01-01 00:54:55+00:00,714.8755555555556,209,2152.2438888888887,0.8744120650499243
frontier00939,x2007c2s5b0n0,2007,2,5,0,0,2245,31,2024-01-17 04:31:35+00:00,2026-01-01 00:54:55+00:00,714.8495370370371,210,2198.605,0.875168510857398
frontier05646,x2309c0s6b1n0,2309,0,6,1,0,2245,31,2024-01-17 03:54:06+00:00,2026-01-01 00:54:55+00:00,714.8755671296296,213,2217.44,0.8775370760838179
frontier06155,x2401c0s5b0n0,2401,0,5,0,0,2245,32,2024-01-17 03:54:06+00:00,2026-01-01 00:54:55+00:00,714.8755671296296,212,2206.1208333333334,0.901755826083818
frontier02591,x2108c1s7b0n0,2108,1,7,0,0,2245,32,2024-01-17 03:54:07+00:00,2026-01-01 04:45:58+00:00,715.0360069444445,208,2106.3730555555558,0.8987837779151352
frontier06149,x2401c0s2b0n0,2401,0,2,0,0,2244,31,2024-01-17 00:14:14+00:00,2026-01-01 00:54:55+00:00,715.0282523148148,213,2218.8125,0.877549829451725
frontier05128,x2304c0s3b1n0,2304,0,3,1,0,2244,32,2024-01-17 04:29:09+00:00,2026-01-01 00:54:55+00:00,714.8512268518518,209,2133.2605555555556,0.8992560660510613
frontier00664,x2005c1s3b1n0,2005,1,3,1,0,2244,31,2024-01-17 03:54:06+00:00,2026-01-01 00:54:55+00:00,714.8755671296296,210,2176.9425,0.8750605203290344
frontier03998,x2207c1s6b1n0,2207,1,6,1,0,2244,31,2024-01-17 04:09:35+00:00,2026-01-01 00:54:55+00:00,714.8648148148148,211,2158.2080555555553,0.8758315198419983
frontier06790,x2406c0s2b1n0,2406,0,2,1,0,2243,31,2024-01-17 03:54:06+00:00,2026-01-01 00:54:55+00:00,714.8755671296296,213,2166.6219444444446,0.8772714054048323
frontier05656,x2309c1s3b1n0,2309,1,3,1,0,2243,31,2024-01-17 04:10:12+00:00,2026-01-01 00:54:55+00:00,714.864386574074,220,2216.275833333333,0.8827294966637377
frontier02739,x2109c3s1b0n0,2109,3,1,0,0,2243,31,2024-01-17 04:31:36+00:00,2026-01-01 04:57:37+00:00,715.0180671296297,206,2100.346666666667,0.8719385047012671
frontier02864,x2110c2s7b1n0,2110,2,7,1,0,2243,31,2024-01-17 04:31:35+00:00,2026-01-01 00:54:55+00:00,714.8495370370371,210,2100.336388888889,0.8749028401784124
frontier01050,x2008c1s4b1n0,2008,1,4,1,0,2243,31,2024-01-17 03:54:07+00:00,2026-01-01 00:54:55+00:00,714.8755555555556,208,2137.7375,0.8733651443709388
frontier06420,x2403c1s1b1n0,2403,1,1,1,0,2242,32,2024-01-17 04:47:13+00:00,2026-01-01 00:54:55+00:00,714.8386805555556,212,2164.7038888888887,0.9013220662399676
frontier03364,x2202c2s1b1n0,2202,2,1,1,0,2242,31,2024-01-17 04:31:34+00:00,2026-01-01 00:54:55+00:00,714.8495486111111,208,2119.3975,0.8732074270659382
frontier06403,x2403c0s1b0n0,2403,0,1,0,0,2242,31,2024-01-17 04:29:09+00:00,2026-01-01 00:54:55+00:00,714.8512268518518,209,2268.579166666667,0.8739902769804917
frontier04148,x2208c3s1b1n0,2208,3,1,1,0,2242,31,2024-01-17 04:31:34+00:00,2026-01-01 00:54:55+00:00,714.8495486111111,204,2016.2933333333333,0.8700824270659382
frontier05391,x2307c0s7b0n0,2307,0,7,0,0,2242,32,2024-01-17 04:29:09+00:00,2026-01-01 00:54:55+00:00,714.8512268518518,215,2208.4466666666667,0.9036777769804918
frontier04250,x2209c1s4b1n0,2209,1,4,1,0,2241,31,2024-01-17 03:54:06+00:00,2026-01-01 00:54:55+00:00,714.8755671296296,210,2164.3425,0.8746617478371138
frontier02213,x2105c2s2b0n0,2105,2,2,0,0,2241,31,2024-01-17 04:31:34+00:00,2026-01-01 02:44:51+00:00,714.9258912037037,207,2093.7013888888887,0.8723659732059327
frontier05272,x2306c1s3b1n0,2306,1,3,1,0,2241,32,2024-01-17 04:10:12+00:00,2026-01-01 00:54:55+00:00,714.864386574074,212,2133.918611111111,0.9012135890960192
frontier03592,x2204c0s3b1n0,2204,0,3,1,0,2241,31,2024-01-17 03:54:06+00:00,2026-01-01 00:54:55+00:00,714.8755671296296,210,2166.086111111111,0.8746617478371138
frontier01561,x2100c1s4b0n0,2100,1,4,0,0,2241,31,2024-01-17 03:54:06+00:00,2026-01-01 03:00:34+00:00,714.9628240740741,214,2218.7677777777776,0.8778699323600037
frontier05275,x2306c1s5b0n0,2306,1,5,0,0,2241,32,2024-01-17 03:54:06+00:00,2026-01-01 00:54:55+00:00,714.8755671296296,209,2127.5494444444444,0.8988804978371139
frontier05147,x2304c1s5b0n0,2304,1,5,0,0,2241,32,2024-01-17 03:54:06+00:00,2026-01-01 00:54:55+00:00,714.8755671296296,217,2219.3941666666665,0.9051304978371139
frontier03525,x2203c4s2b0n0,2203,4,2,0,0,2241,31,2024-01-17 04:58:24+00:00,2026-01-01 00:54:55+00:00,714.8309143518519,217,2092.9875,0.8800879290760965
frontier01873,x2102c5s0b0n0,2102,5,0,0,0,2241,31,2024-01-17 04:58:24+00:00,2026-01-01 00:54:55+00:00,714.8309143518519,219,2088.1044444444447,0.8816504290760965
frontier06681,x2405c1s4b0n0,2405,1,4,0,0,2240,31,2024-01-17 03:54:06+00:00,2026-01-01 00:54:55+00:00,714.8755671296296,217,2234.737777777778,0.8799974550878904
frontier03871,x2206c1s7b0n0,2206,1,7,0,0,2240,32,2024-01-17 03:54:07+00:00,2026-01-01 00:54:55+00:00,714.8755555555556,211,2141.3669444444445,0.9003099440539969
frontier06289,x2402c1s0b0n0,2402,1,0,0,0,2240,31,2024-01-17 03:54:06+00:00,2026-01-01 00:54:55+00:00,714.8755671296296,222,2199.103611111111,0.8839037050878904
frontier03001,x2111c3s4b0n0,2111,3,4,0,0,2240,31,2024-01-17 04:58:24+00:00,2026-01-01 00:54:55+00:00,714.8309143518519,216,2086.3322222222223,0.8791736363268731
frontier05269,x2306c1s2b0n0,2306,1,2,0,0,2240,31,2024-01-17 04:47:13+00:00,2026-01-01 00:54:55+00:00,714.8386805555556,215,2206.1244444444446,0.8783997900693932
frontier05790,x2310c1s6b1n0,2310,1,6,1,0,2239,31,2024-01-17 03:54:06+00:00,2026-01-01 00:54:55+00:00,714.8755671296296,216,2148.742222222222,0.8790831029578349
frontier00013,x2000c0s6b0n0,2000,0,6,0,0,2239,32,2024-01-17 03:54:06+00:00,2026-01-01 00:54:55+00:00,714.8755671296296,210,2275.911666666667,0.8993956029578349
frontier04755,x2301c1s1b0n0,2301,1,1,0,0,2239,31,2024-01-17 04:09:35+00:00,2026-01-01 00:54:55+00:00,714.8648148148148,219,2189.0066666666667,0.8814166024707988
frontier03861,x2206c1s2b0n0,2206,1,2,0,0,2239,33,2024-01-17 03:54:06+00:00,2026-01-01 00:54:55+00:00,714.8755671296296,211,2141.928888888889,0.9251768529578349
frontier03870,x2206c1s6b1n0,2206,1,6,1,0,2239,31,2024-01-17 03:54:07+00:00,2026-01-01 00:54:55+00:00,714.8755555555556,215,2179.7105555555554,0.8783018419239416
frontier07169,x2409c0s0b0n0,2409,0,0,0,0,2239,31,2024-01-17 04:14:23+00:00,2026-01-01 00:54:55+00:00,714.8614814814815,215,2285.1819444444445,0.8782884247094788
frontier07425,x2411c0s0b0n0,2411,0,0,0,0,2239,32,2024-01-17 03:51:22+00:00,2026-01-01 00:54:55+00:00,714.8774652777778,212,2246.8455555555556,0.9009599125163644
frontier06169,x2401c1s4b0n0,2401,1,4,0,0,2239,32,2024-01-17 03:54:06+00:00,2026-01-01 00:54:55+00:00,714.8755671296296,216,2237.8458333333333,0.9040831029578349
frontier04617,x2300c0s4b0n0,2300,0,4,0,0,2238,31,2024-01-17 04:29:09+00:00,2025-12-31 08:27:44+00:00,714.1656828703703,210,2171.7755555555555,0.8735856885716682
frontier04132,x2208c2s1b1n0,2208,2,1,1,0,2238,31,2024-01-17 04:09:35+00:00,2026-01-01 00:54:55+00:00,714.8648148148148,210,2139.1625,0.8742521909068814
frontier02206,x2105c1s6b1n0,2105,1,6,1,0,2238,31,2024-01-17 03:54:07+00:00,2026-01-01 00:54:55+00:00,714.8755555555556,214,2159.487222222222,0.877387430360024
frontier06789,x2406c0s2b0n0,2406,0,2,0,0,2238,32,2024-01-17 00:14:14+00:00,2026-01-01 00:54:55+00:00,715.0282523148148,209,2226.3411111111113,0.8986267505166083
frontier01305,x2010c1s4b0n0,2010,1,4,0,0,2238,31,2024-01-17 03:54:07+00:00,2026-01-01 00:54:55+00:00,714.8755555555556,208,2162.451666666667,0.872699930360024
frontier06938,x2407c1s4b1n0,2407,1,4,1,0,2238,31,2024-01-17 03:54:07+00:00,2026-01-01 00:54:55+00:00,714.8755555555556,213,2187.6188888888887,0.876606180360024
frontier00922,x2007c1s4b1n0,2007,1,4,1,0,2238,31,2024-01-17 03:54:06+00:00,2026-01-01 00:54:55+00:00,714.8755671296296,212,2176.3019444444444,0.8758249413939175
frontier05636,x2309c0s1b1n0,2309,0,1,1,0,2237,31,2024-01-17 03:51:22+00:00,2026-01-01 00:54:55+00:00,714.8774652777778,207,2185.2919444444447,0.8717872799015658
frontier06934,x2407c1s2b1n0,2407,1,2,1,0,2237,31,2024-01-17 03:54:07+00:00,2026-01-01 00:54:55+00:00,714.8755555555556,221,2275.795,0.8827229593091428
frontier04381,x2210c1s6b0n0,2210,1,6,0,0,2237,31,2024-01-17 03:54:06+00:00,2026-01-01 00:54:55+00:00,714.8755671296296,205,2200.1511111111113,0.8702229703430363
frontier05771,x2310c0s5b0n0,2310,0,5,0,0,2236,31,2024-01-17 03:54:06+00:00,2026-01-01 00:54:55+00:00,714.8755671296296,211,2219.4683333333332,0.8747771897520188
frontier01284,x2010c0s1b1n0,2010,0,1,1,0,2236,33,2024-01-17 03:54:06+00:00,2026-01-01 00:54:55+00:00,714.8755671296296,203,2254.7072222222223,0.9185271897520189
frontier05135,x2304c0s7b0n0,2304,0,7,0,0,2236,31,2024-01-17 03:54:06+00:00,2026-01-01 00:54:55+00:00,714.8755671296296,209,2181.300277777778,0.8732146897520188
frontier01539,x2100c0s1b0n0,2100,0,1,0,0,2236,32,2024-01-17 03:54:06+00:00,2026-01-01 00:54:55+00:00,714.8755671296296,207,2285.6755555555555,0.8966521897520189
frontier06426,x2403c1s4b1n0,2403,1,4,1,0,2235,32,2024-01-17 03:54:06+00:00,2026-01-01 00:54:55+00:00,714.8755671296296,216,2246.9230555555555,0.9035500995676204
frontier00410,x2003c1s4b1n0,2003,1,4,1,0,2235,31,2024-01-17 03:54:07+00:00,2026-01-01 00:54:55+00:00,714.8755555555556,209,2131.1608333333334,0.873081338533727
frontier05538,x2308c2s0b1n0,2308,2,0,1,0,2235,31,2024-01-17 03:54:07+00:00,2026-01-01 00:54:55+00:00,714.8755555555556,214,2144.224166666667,0.876987588533727
frontier06924,x2407c0s5b1n0,2407,0,5,1,0,2235,31,2024-01-17 04:47:13+00:00,2026-01-01 00:54:55+00:00,714.8386805555556,214,2251.353888888889,0.8769524345491233
frontier05525,x2308c1s2b0n0,2308,1,2,0,0,2235,32,2024-01-17 04:47:13+00:00,2026-01-01 00:54:55+00:00,714.8386805555556,221,2239.3694444444445,0.9074211845491233
frontier00646,x2005c0s2b1n0,2005,0,2,1,0,2235,32,2024-01-17 04:29:09+00:00,2026-01-01 00:54:55+00:00,714.8512268518518,212,2287.2108333333335,0.9004018952896476
frontier07809,x2502c0s0b0n0,2502,0,0,0,0,2234,31,2024-01-17 04:34:27+00:00,2026-01-01 00:54:55+00:00,714.8475462962963,211,2300.9797222222223,0.8744837366804289
frontier05897,x2311c0s4b0n0,2311,0,4,0,0,2234,31,2024-01-17 04:29:11+00:00,2026-01-01 00:54:55+00:00,714.8512037037037,213,2197.6286111111112,0.8760497233907664
frontier06427,x2403c1s5b0n0,2403,1,5,0,0,2234,31,2024-01-17 03:54:06+00:00,2026-01-01 00:54:55+00:00,714.8755671296296,219,2253.0247222222224,0.8807604497365262
frontier03598,x2204c0s6b1n0,2204,0,6,1,0,2234,32,2024-01-17 03:54:06+00:00,2025-12-30 20:08:59+00:00,713.6770023148148,206,2158.881388888889,0.8944615738640762
frontier03866,x2206c1s4b1n0,2206,1,4,1,0,2234,32,2024-01-17 03:54:06+00:00,2026-01-01 00:54:55+00:00,714.8755671296296,210,2165.9016666666666,0.8987291997365263
frontier03484,x2203c1s5b1n0,2203,1,5,1,0,2233,32,2024-01-17 03:54:07+00:00,2026-01-01 00:54:55+00:00,714.8755555555556,204,2055.5647222222224,0.8939082291714557
frontier00562,x2004c3s0b1n0,2004,3,0,1,0,2233,32,2024-01-17 04:31:36+00:00,2026-01-01 00:54:55+00:00,714.849525462963,214,2107.608333333333,0.901695913945036
frontier02256,x2105c4s7b1n0,2105,4,7,1,0,2233,31,2024-01-17 04:58:24+00:00,2026-01-01 00:54:55+00:00,714.8309143518519,214,2090.9725,0.8766781714443319
frontier05648,x2309c0s7b1n0,2309,0,7,1,0,2233,32,2024-01-17 03:54:06+00:00,2026-01-01 00:54:55+00:00,714.8755671296296,211,2166.4355555555558,0.8993769902053492
frontier05530,x2308c1s4b1n0,2308,1,4,1,0,2233,31,2024-01-17 03:54:06+00:00,2026-01-01 00:54:55+00:00,714.8755671296296,217,2136.1280555555554,0.8790644902053493
frontier06806,x2406c1s2b1n0,2406,1,2,1,0,2233,32,2024-01-17 03:54:06+00:00,2026-01-01 00:54:55+00:00,714.8755671296296,217,2159.8175,0.9040644902053493
frontier00527,x2004c0s7b0n0,2004,0,7,0,0,2232,32,2024-01-17 03:54:06+00:00,2026-01-01 00:54:55+00:00,714.8755671296296,210,2203.3994444444443,0.8984622209206302
frontier04500,x2211c1s1b1n0,2211,1,1,1,0,2232,31,2024-01-17 03:54:06+00:00,2026-01-01 00:54:55+00:00,714.8755671296296,215,2174.9225,0.8773684709206302
frontier07299,x2410c0s1b0n0,2410,0,1,0,0,2232,31,2024-01-17 03:54:46+00:00,2026-01-01 00:54:55+00:00,714.8751041666667,214,2341.548888888889,0.8765867795648912
frontier02460,x2107c1s5b1n0,2107,1,5,1,0,2232,32,2024-01-17 03:54:06+00:00,2026-01-01 04:45:58+00:00,715.0360185185185,211,2135.7066666666665,0.899396433785841
frontier03743,x2205c1s7b0n0,2205,1,7,0,0,2232,31,2024-01-17 03:54:07+00:00,2026-01-01 00:54:55+00:00,714.8755555555556,214,2130.0652777777777,0.8765872098867367
frontier03396,x2202c4s1b1n0,2202,4,1,1,0,2232,31,2024-01-17 04:58:24+00:00,2026-01-01 00:54:55+00:00,714.8309143518519,218,2122.5872222222224,0.8796696521596128
frontier06418,x2403c1s0b1n0,2403,1,0,1,0,2232,32,2024-01-17 03:54:06+00:00,2026-01-01 00:54:55+00:00,714.8755671296296,222,2232.0208333333335,0.9078372209206302
frontier03373,x2202c2s6b0n0,2202,2,6,0,0,2232,31,2024-01-17 04:31:35+00:00,2026-01-01 00:54:55+00:00,714.8495370370371,208,2144.838888888889,0.8718749056942103
frontier03986,x2207c1s0b1n0,2207,1,0,1,0,2232,32,2024-01-17 03:54:06+00:00,2026-01-01 00:54:55+00:00,714.8755671296296,214,2113.943888888889,0.9015872209206302
frontier07191,x2409c1s3b0n0,2409,1,3,0,0,2232,32,2024-01-17 03:54:07+00:00,2026-01-01 00:54:55+00:00,714.8755555555556,214,2215.208611111111,0.9015872098867368
frontier04504,x2211c1s3b1n0,2211,1,3,1,0,2231,32,2024-01-17 04:10:12+00:00,2026-01-01 00:54:55+00:00,714.864386574074,205,2089.7463888888888,0.8944117330877441
frontier01298,x2010c1s0b1n0,2010,1,0,1,0,2231,32,2024-01-17 03:54:06+00:00,2026-01-01 00:54:55+00:00,714.8755671296296,207,2071.281111111111,0.8959848918288388
frontier04616,x2300c0s3b1n0,2300,0,3,1,0,2231,31,2024-01-17 03:54:06+00:00,2026-01-01 00:54:55+00:00,714.8755671296296,210,2159.02,0.8733286418288387
frontier08193,x2505c0s0b0n0,2505,0,0,0,0,2231,31,2024-01-17 04:34:27+00:00,2026-01-01 00:54:55+00:00,714.8475462962963,211,2299.071111111111,0.8740831787727416
frontier05007,x2303c0s7b0n0,2303,0,7,0,0,2230,31,2024-01-17 04:10:12+00:00,2026-01-01 00:54:55+00:00,714.864386574074,212,2177.4225,0.8747468441352778
frontier02462,x2107c1s6b1n0,2107,1,6,1,0,2230,31,2024-01-17 03:54:07+00:00,2026-01-01 04:45:58+00:00,715.0360069444445,208,2148.3405555555555,0.8717854547076898
frontier04880,x2302c0s7b1n0,2302,0,7,1,0,2230,32,2024-01-17 03:54:06+00:00,2026-01-01 00:54:55+00:00,714.8755671296296,213,2181.2044444444446,0.9005387528763724
frontier06040,x2400c1s3b1n0,2400,1,3,1,0,2230,31,2024-01-17 04:09:35+00:00,2026-01-01 00:54:55+00:00,714.8648148148148,225,2241.594722222222,0.8849035023893363
frontier06044,x2400c1s5b1n0,2400,1,5,1,0,2230,31,2024-01-17 03:54:06+00:00,2026-01-01 00:54:55+00:00,714.8755671296296,220,2196.2527777777777,0.8810075028763724
frontier06918,x2407c0s2b1n0,2407,0,2,1,0,2230,31,2024-01-17 00:14:14+00:00,2026-01-01 00:54:55+00:00,715.0282523148148,214,2217.9325,0.8764655619990631
frontier04759,x2301c1s3b0n0,2301,1,3,0,0,2230,32,2024-01-17 03:54:06+00:00,2026-01-01 00:54:55+00:00,714.8755671296296,215,2205.948888888889,0.9021012528763724
frontier03875,x2206c2s1b0n0,2206,2,1,0,0,2230,32,2024-01-17 04:31:34+00:00,2026-01-01 00:54:55+00:00,714.8495486111111,207,2100.0988888888887,0.895826448683846
frontier05779,x2310c1s1b0n0,2310,1,1,0,0,2230,32,2024-01-17 03:54:06+00:00,2026-01-01 00:54:55+00:00,714.8755671296296,214,2201.784166666667,0.9013200028763724
frontier05902,x2311c0s6b1n0,2311,0,6,1,0,2230,32,2024-01-17 04:09:35+00:00,2026-01-01 00:54:55+00:00,714.8648148148148,216,2234.760277777778,0.9028722523893363
frontier03122,x2200c3s0b1n0,2200,3,0,1,0,2229,31,2024-01-17 04:58:24+00:00,2026-01-01 00:54:55+00:00,714.8309143518519,211,2131.0822222222223,0.8737999852485391
frontier04152,x2208c3s3b1n0,2208,3,3,1,0,2229,31,2024-01-17 04:31:35+00:00,2026-01-01 00:54:55+00:00,714.8495370370371,210,2134.2741666666666,0.8730364887831364
frontier06680,x2405c1s3b1n0,2405,1,3,1,0,2229,32,2024-01-17 03:54:06+00:00,2026-01-01 00:54:55+00:00,714.8755671296296,225,2221.53,0.9097800540095564
frontier03398,x2202c4s2b1n0,2202,4,2,1,0,2229,31,2024-01-17 04:58:24+00:00,2026-01-01 00:54:55+00:00,714.8309143518519,220,2143.0905555555555,0.8808312352485391
frontier05655,x2309c1s3b0n0,2309,1,3,0,0,2229,32,2024-01-17 03:54:06+00:00,2026-01-01 00:54:55+00:00,714.8755671296296,219,2285.1427777777776,0.9050925540095565
frontier02716,x2109c1s5b1n0,2109,1,5,1,0,2228,31,2024-01-17 03:54:07+00:00,2026-01-01 00:54:55+00:00,714.8755555555556,207,2121.304166666667,0.8705837841407503
frontier06541,x2404c0s6b0n0,2404,0,6,0,0,2228,32,2024-01-17 04:29:09+00:00,2026-01-01 00:54:55+00:00,714.8512268518518,215,2246.8141666666666,0.9018105908966708
frontier07063,x2408c1s3b0n0,2408,1,3,0,0,2228,31,2024-01-17 03:54:06+00:00,2026-01-01 00:54:55+00:00,714.8755671296296,214,2227.3533333333335,0.8760525451746437
frontier06792,x2406c0s3b1n0,2406,0,3,1,0,2228,32,2024-01-17 03:54:06+00:00,2026-01-01 00:54:55+00:00,714.8755671296296,217,2207.6475,0.9033962951746438
frontier07043,x2408c0s1b0n0,2408,0,1,0,0,2228,31,2024-01-17 03:54:06+00:00,2026-01-01 00:54:55+00:00,714.8755671296296,207,2309.237777777778,0.8705837951746438
frontier00135,x2001c0s3b0n0,2001,0,3,0,0,2228,31,2024-01-17 04:29:09+00:00,2026-01-01 00:54:55+00:00,714.8512268518518,209,2267.3030555555556,0.8721230908966708
frontier06543,x2404c0s7b0n0,2404,0,7,0,0,2227,31,2024-01-17 04:09:35+00:00,2026-01-01 00:54:55+00:00,714.8648148148148,218,2173.4894444444444,0.8790334758307793
frontier03764,x2205c3s1b1n0,2205,3,1,1,0,2227,31,2024-01-17 04:31:36+00:00,2026-01-01 00:54:55+00:00,714.849525462963,206,2093.324722222222,0.8696439000575019
frontier00038,x2000c2s2b1n0,2000,2,2,1,0,2227,33,2024-01-17 04:31:35+00:00,2026-01-01 00:54:55+00:00,714.8495370370371,209,2101.7625,0.9219876610913955
frontier00536,x2004c1s3b1n0,2004,1,3,1,0,2227,31,2024-01-17 03:54:06+00:00,2026-01-01 00:54:55+00:00,714.8755671296296,213,2191.0427777777777,0.8751374763178154
frontier02850,x2110c2s0b1n0,2110,2,0,1,0,2227,31,2024-01-17 04:31:34+00:00,2026-01-01 00:54:55+00:00,714.8495486111111,209,2171.1144444444444,0.8719876721252888
frontier00140,x2001c0s5b1n0,2001,0,5,1,0,2227,33,2024-01-17 03:54:06+00:00,2026-01-01 00:54:55+00:00,714.8755671296296,213,2274.8844444444444,0.9251374763178154
frontier06163,x2401c1s1b0n0,2401,1,1,0,0,2226,31,2024-01-17 03:54:06+00:00,2026-01-01 00:54:55+00:00,714.8755671296296,217,2172.5530555555556,0.8781285973851791
frontier01355,x2010c4s5b0n0,2010,4,5,0,0,2226,31,2024-01-17 04:58:24+00:00,2026-01-01 00:54:55+00:00,714.8309143518519,214,2072.296388888889,0.8757422786241618
frontier01667,x2101c0s1b0n0,2101,0,1,0,0,2226,32,2024-01-17 03:54:06+00:00,2026-01-01 04:18:40+00:00,715.0170601851852,207,2313.3933333333334,0.8954509867328818
frontier05916,x2311c1s5b1n0,2311,1,5,1,0,2225,31,2024-01-17 03:54:06+00:00,2026-01-01 00:54:55+00:00,714.8755671296296,210,2122.264722222222,0.8725259083227713
frontier06920,x2407c0s3b1n0,2407,0,3,1,0,2225,31,2024-01-17 03:54:06+00:00,2026-01-01 00:54:55+00:00,714.8755671296296,219,2265.1275,0.8795571583227713
frontier07174,x2409c0s2b1n0,2409,0,2,1,0,2225,31,2024-01-17 03:54:46+00:00,2026-01-01 00:54:55+00:00,714.8751041666667,209,2160.86,0.8717442169670324
frontier02861,x2110c2s6b0n0,2110,2,6,0,0,2225,32,2024-01-17 04:31:35+00:00,2026-01-01 02:44:51+00:00,714.9258796296297,208,2082.9558333333334,0.8960113726576968
frontier00282,x2002c1s4b1n0,2002,1,4,1,0,2224,31,2024-01-17 03:54:06+00:00,2026-01-01 00:54:55+00:00,714.8755671296296,204,2195.9294444444445,0.8677044090765544
frontier01955,x2103c2s1b0n0,2103,2,1,0,0,2224,31,2024-01-17 04:31:34+00:00,2026-01-01 02:44:51+00:00,714.9258912037037,208,2074.073611111111,0.8708773844453733
frontier05660,x2309c1s5b1n0,2309,1,5,1,0,2224,32,2024-01-17 04:10:12+00:00,2026-01-01 00:54:55+00:00,714.864386574074,219,2167.6472222222224,0.90441250033546
frontier01180,x2009c1s5b1n0,2009,1,5,1,0,2224,31,2024-01-17 03:54:07+00:00,2026-01-01 00:54:55+00:00,714.8755555555556,205,2131.0555555555557,0.8684856480426609
frontier07048,x2408c0s3b1n0,2408,0,3,1,0,2224,31,2024-01-17 04:29:09+00:00,2026-01-01 00:54:55+00:00,714.8512268518518,210,2182.968611111111,0.8723687047985814
frontier07188,x2409c1s1b1n0,2409,1,1,1,0,2224,31,2024-01-17 03:54:06+00:00,2026-01-01 00:54:55+00:00,714.8755671296296,212,2239.5216666666665,0.8739544090765545
frontier04887,x2302c1s3b0n0,2302,1,3,0,0,2224,32,2024-01-17 04:09:35+00:00,2026-01-01 00:54:55+00:00,714.8648148148148,216,2253.300277777778,0.9020691585895184
frontier04506,x2211c1s4b1n0,2211,1,4,1,0,2224,32,2024-01-17 03:54:06+00:00,2026-01-01 00:54:55+00:00,714.8755671296296,212,2153.821111111111,0.8989544090765546
frontier03268,x2201c4s1b1n0,2201,4,1,1,0,2223,31,2024-01-17 04:58:24+00:00,2026-01-01 00:54:55+00:00,714.8309143518519,220,2071.6758333333332,0.8800277808314013
frontier04879,x2302c0s7b0n0,2302,0,7,0,0,2223,32,2024-01-17 04:10:12+00:00,2026-01-01 00:54:55+00:00,714.864386574074,215,2182.0530555555556,0.901153440851324
frontier06941,x2407c1s6b0n0,2407,1,6,0,0,2223,32,2024-01-17 03:54:07+00:00,2026-01-01 00:54:55+00:00,714.8755555555556,222,2207.576111111111,0.9066328385585252
frontier02872,x2110c3s3b1n0,2110,3,3,1,0,2223,31,2024-01-17 04:58:24+00:00,2026-01-01 00:54:55+00:00,714.8309143518519,211,2094.4216666666666,0.8729965308314013
frontier05523,x2308c1s1b0n0,2308,1,1,0,0,2223,31,2024-01-17 03:54:06+00:00,2026-01-01 00:54:55+00:00,714.8755671296296,211,2169.0641666666666,0.8730390995924185
frontier07823,x2502c0s7b0n0,2502,0,7,0,0,2223,32,2024-01-17 03:54:06+00:00,2026-01-01 00:54:55+00:00,714.8755671296296,208,2252.138611111111,0.8956953495924186
frontier06180,x2401c2s1b1n0,2401,2,1,1,0,2223,31,2024-01-17 03:54:07+00:00,2026-01-01 00:54:55+00:00,714.8755555555556,218,2202.7,0.8785078385585251
frontier03492,x2203c2s1b1n0,2203,2,1,1,0,2222,31,2024-01-17 04:31:34+00:00,2026-01-01 00:54:55+00:00,714.8495486111111,217,2152.2952777777778,0.8775676756236543
frontier05148,x2304c1s5b1n0,2304,1,5,1,0,2222,32,2024-01-17 04:09:35+00:00,2026-01-01 00:54:55+00:00,714.8648148148148,213,2179.7816666666668,0.8994572293291446
frontier05001,x2303c0s4b0n0,2303,0,4,0,0,2222,33,2024-01-17 03:54:06+00:00,2026-01-01 00:54:55+00:00,714.8755671296296,208,2184.831111111111,0.9205612298161807
frontier06174,x2401c1s6b1n0,2401,1,6,1,0,2222,31,2024-01-17 03:54:06+00:00,2026-01-01 00:54:55+00:00,714.8755671296296,213,2181.778888888889,0.8744674798161807
frontier00515,x2004c0s1b0n0,2004,0,1,0,0,2222,33,2024-01-17 03:54:06+00:00,2026-01-01 00:54:55+00:00,714.8755671296296,213,2355.152777777778,0.9244674798161807
frontier02474,x2107c2s4b1n0,2107,2,4,1,0,2222,31,2024-01-17 04:31:35+00:00,2026-01-01 00:54:55+00:00,714.8495370370371,216,2118.7475,0.8767864145897608
frontier03123,x2200c3s1b0n0,2200,3,1,0,0,2221,31,2024-01-17 04:58:24+00:00,2026-01-01 00:54:55+00:00,714.8309143518519,212,2130.0894444444443,0.8735094809325678
frontier05635,x2309c0s1b0n0,2309,0,1,0,0,2221,32,2024-01-17 00:14:14+00:00,2026-01-01 00:54:55+00:00,715.0282523148148,210,2257.0394444444446,0.8971351088162758
frontier01670,x2101c0s2b1n0,2101,0,2,1,0,2221,32,2024-01-17 04:29:09+00:00,2026-01-01 00:54:55+00:00,714.8512268518518,210,2241.5455555555554,0.896966345415612
frontier07302,x2410c0s2b1n0,2410,0,2,1,0,2221,31,2024-01-17 03:54:06+00:00,2026-01-01 00:54:55+00:00,714.8755671296296,209,2254.1983333333333,0.871208299693585
frontier03865,x2206c1s4b0n0,2206,1,4,0,0,2220,32,2024-01-17 03:54:06+00:00,2026-01-01 00:54:55+00:00,714.8755671296296,212,2199.5019444444442,0.8984178091703017
frontier03232,x2201c1s7b1n0,2201,1,7,1,0,2220,31,2024-01-17 03:54:07+00:00,2026-01-01 00:54:55+00:00,714.8755555555556,212,2180.981388888889,0.8734177981364082
frontier01098,x2008c4s4b1n0,2008,4,4,1,0,2220,31,2024-01-17 04:58:24+00:00,2026-01-01 00:54:55+00:00,714.8309143518519,212,2125.4366666666665,0.8733752404092843
frontier01411,x2011c0s1b0n0,2011,0,1,0,0,2220,32,2024-01-17 03:54:06+00:00,2026-01-01 04:45:26+00:00,715.0356481481482,208,2317.1369444444445,0.8954454189509213
frontier03999,x2207c1s7b0n0,2207,1,7,0,0,2220,32,2024-01-17 04:09:35+00:00,2026-01-01 00:54:55+00:00,714.8648148148148,215,2267.735,0.9007513086832656
frontier07315,x2410c1s1b0n0,2410,1,1,0,0,2220,31,2024-01-17 03:54:06+00:00,2026-01-01 00:54:55+00:00,714.8755671296296,221,2253.218888888889,0.8804490591703016
frontier00926,x2007c1s6b1n0,2007,1,6,1,0,2219,31,2024-01-17 04:29:09+00:00,2026-01-01 00:54:55+00:00,714.8512268518518,209,2168.996111111111,0.8709165539139552
frontier06147,x2401c0s1b0n0,2401,0,1,0,0,2219,31,2024-01-17 00:14:14+00:00,2026-01-01 00:54:55+00:00,715.0282523148148,205,2224.467222222222,0.8679603173146188
frontier06926,x2407c0s6b1n0,2407,0,6,1,0,2219,31,2024-01-17 03:54:06+00:00,2026-01-01 00:54:55+00:00,714.8755671296296,218,2300.0605555555558,0.8779710081919281
frontier04763,x2301c1s5b0n0,2301,1,5,0,0,2219,31,2024-01-17 03:54:06+00:00,2026-01-01 00:54:55+00:00,714.8755671296296,216,2165.2452777777776,0.8764085081919281
frontier01437,x2011c1s6b0n0,2011,1,6,0,0,2219,31,2024-01-17 03:54:07+00:00,2026-01-01 00:54:55+00:00,714.8755555555556,206,2132.5152777777776,0.8685959971580346
frontier07831,x2502c1s3b0n0,2502,1,3,0,0,2219,31,2024-01-17 03:54:07+00:00,2026-01-01 00:54:55+00:00,714.8755555555556,210,2262.2975,0.8717209971580346
frontier03741,x2205c1s6b0n0,2205,1,6,0,0,2219,31,2024-01-17 03:54:07+00:00,2026-01-01 00:54:55+00:00,714.8755555555556,214,2207.1433333333334,0.8748459971580347
frontier05123,x2304c0s1b0n0,2304,0,1,0,0,2219,31,2024-01-17 00:14:14+00:00,2026-01-01 00:54:55+00:00,715.0282523148148,206,2343.433611111111,0.8687415673146187
frontier06812,x2406c1s5b1n0,2406,1,5,1,0,2219,32,2024-01-17 03:54:07+00:00,2026-01-01 00:54:55+00:00,714.8755555555556,220,2214.4041666666667,0.9045334971580347
frontier01311,x2010c1s7b0n0,2010,1,7,0,0,2219,31,2024-01-17 03:54:07+00:00,2026-01-01 00:54:55+00:00,714.8755555555556,212,2195.8005555555555,0.8732834971580347
frontier06059,x2400c2s5b0n0,2400,2,5,0,0,2218,32,2024-01-17 04:09:35+00:00,2026-01-01 00:54:55+00:00,714.8648148148148,219,2164.7272222222223,0.903607646216952
frontier05659,x2309c1s5b0n0,2309,1,5,0,0,2218,32,2024-01-17 03:54:06+00:00,2026-01-01 00:54:55+00:00,714.8755671296296,222,2177.78,0.905961646703988
frontier01861,x2102c4s2b0n0,2102,4,2,0,0,2218,31,2024-01-17 04:58:24+00:00,2026-01-01 00:54:55+00:00,714.8309143518519,213,2092.0305555555556,0.8738878279429707
frontier03513,x2203c3s4b0n0,2203,3,4,0,0,2218,31,2024-01-17 04:58:24+00:00,2026-01-01 00:54:55+00:00,714.8309143518519,220,2084.7080555555553,0.8793565779429707
frontier06165,x2401c1s2b0n0,2401,1,2,0,0,2217,31,2024-01-17 04:47:13+00:00,2026-01-01 00:54:55+00:00,714.8386805555556,213,2138.4105555555557,0.8737608096334345
frontier00052,x2000c3s1b1n0,2000,3,1,1,0,2217,32,2024-01-17 04:58:24+00:00,2026-01-01 00:54:55+00:00,714.8309143518519,213,2096.6319444444443,0.8987534058909145
frontier02385,x2106c5s0b0n0,2106,5,0,0,0,2217,31,2024-01-17 04:58:24+00:00,2026-01-01 00:54:55+00:00,714.8309143518519,215,2127.271388888889,0.8753159058909145
frontier02330,x2106c1s4b1n0,2106,1,4,1,0,2217,32,2024-01-17 03:54:07+00:00,2026-01-01 00:54:55+00:00,714.8755555555556,207,2133.349722222222,0.8941084636180383
frontier03241,x2201c2s4b0n0,2201,2,4,0,0,2217,31,2024-01-17 04:31:35+00:00,2026-01-01 00:54:55+00:00,714.8495370370371,209,2131.779722222222,0.8706461594255117
frontier03366,x2202c2s2b1n0,2202,2,2,1,0,2217,31,2024-01-17 04:31:34+00:00,2026-01-01 00:54:55+00:00,714.8495486111111,212,2183.6511111111113,0.8729899204594053
frontier02860,x2110c2s5b1n0,2110,2,5,1,0,2217,31,2024-01-17 04:31:35+00:00,2026-01-01 02:44:51+00:00,714.9258796296297,214,2087.6444444444446,0.874625188986857
frontier01477,x2011c4s2b0n0,2011,4,2,0,0,2216,31,2024-01-17 04:58:24+00:00,2026-01-01 00:54:55+00:00,714.8309143518519,209,2102.384722222222,0.8704939232201174
frontier05143,x2304c1s3b0n0,2304,1,3,0,0,2216,32,2024-01-17 03:54:06+00:00,2026-01-01 00:54:55+00:00,714.8755671296296,211,2157.348611111111,0.8970989919811347
frontier06164,x2401c1s1b1n0,2401,1,1,1,0,2216,31,2024-01-17 03:54:06+00:00,2026-01-01 00:54:55+00:00,714.8755671296296,218,2147.061111111111,0.8775677419811347
frontier01563,x2100c1s5b0n0,2100,1,5,0,0,2216,32,2024-01-17 03:54:07+00:00,2026-01-01 03:00:34+00:00,714.9628125,208,2187.7916666666665,0.8948384154701313
frontier06787,x2406c0s1b0n0,2406,0,1,0,0,2216,31,2024-01-17 03:54:06+00:00,2026-01-01 00:54:55+00:00,714.8755671296296,217,2306.3769444444442,0.8767864919811348
frontier00908,x2007c0s5b1n0,2007,0,5,1,0,2215,32,2024-01-17 03:51:58+00:00,2026-01-01 00:54:55+00:00,714.8770486111111,208,2155.177222222222,0.8946221109752645
frontier02215,x2105c2s3b0n0,2105,2,3,0,0,2215,31,2024-01-17 04:31:35+00:00,2026-01-01 04:50:59+00:00,715.0134722222223,213,2124.319722222222,0.8736584174776261
frontier04020,x2207c3s1b1n0,2207,3,1,1,0,2215,31,2024-01-17 04:31:35+00:00,2026-01-01 00:54:55+00:00,714.8495370370371,206,2107.8263888888887,0.86803338341048
frontier02723,x2109c2s1b0n0,2109,2,1,0,0,2215,31,2024-01-17 04:31:34+00:00,2026-01-01 02:44:51+00:00,714.9258912037037,208,2142.0469444444443,0.8696686740057189
frontier05129,x2304c0s4b0n0,2304,0,4,0,0,2215,31,2024-01-17 03:54:06+00:00,2026-01-01 00:54:55+00:00,714.8755671296296,207,2107.0355555555557,0.8688394486369
frontier06914,x2407c0s0b1n0,2407,0,0,1,0,2215,31,2024-01-17 03:54:06+00:00,2026-01-01 00:54:55+00:00,714.8755671296296,209,2297.67,0.8704019486368999
frontier07553,x2500c0s0b0n0,2500,0,0,0,0,2215,31,2024-01-17 03:54:46+00:00,2026-01-01 00:54:55+00:00,714.8751041666667,210,2261.5933333333332,0.8711827572811611
frontier02738,x2109c3s0b1n0,2109,3,0,1,0,2215,31,2024-01-17 04:31:36+00:00,2026-01-01 04:50:59+00:00,715.0134606481481,208,2119.150277777778,0.8697521564437326
frontier03745,x2205c2s0b0n0,2205,2,0,0,0,2214,32,2024-01-17 03:54:07+00:00,2026-01-01 00:54:55+00:00,714.8755555555556,212,2145.3355555555554,0.8976110835305618
frontier06548,x2404c1s1b1n0,2404,1,1,1,0,2214,32,2024-01-17 04:09:35+00:00,2026-01-01 00:54:55+00:00,714.8648148148148,219,2212.3019444444444,0.9030695940774192
frontier05270,x2306c1s2b1n0,2306,1,2,1,0,2214,32,2024-01-17 04:29:09+00:00,2026-01-01 00:54:55+00:00,714.8512268518518,216,2172.6008333333334,0.9007128902864823
frontier04635,x2300c1s5b0n0,2300,1,5,0,0,2214,31,2024-01-17 04:09:35+00:00,2026-01-01 00:54:55+00:00,714.8648148148148,210,2207.618611111111,0.8710383440774192
frontier03354,x2202c1s4b1n0,2202,1,4,1,0,2214,31,2024-01-17 03:54:06+00:00,2026-01-01 00:54:55+00:00,714.8755671296296,210,2170.0602777777776,0.8710485945644553
frontier07429,x2411c0s2b0n0,2411,0,2,0,0,2213,31,2024-01-17 00:14:14+00:00,2026-01-01 00:54:55+00:00,715.0282523148148,210,2262.603611111111,0.8710594888316455
frontier02867,x2110c3s1b0n0,2110,3,1,0,0,2213,31,2024-01-17 04:31:36+00:00,2026-01-01 00:54:55+00:00,714.849525462963,211,2083.670833333333,0.8716703534486415
frontier04760,x2301c1s3b1n0,2301,1,3,1,0,2212,31,2024-01-17 03:54:06+00:00,2026-01-01 00:54:55+00:00,714.8755671296296,210,2170.928888888889,0.8707792040154784
frontier03615,x2204c1s7b0n0,2204,1,7,0,0,2212,31,2024-01-17 03:54:07+00:00,2026-01-01 00:54:55+00:00,714.8755555555556,209,2147.5777777777776,0.869997942981585
frontier00669,x2005c1s6b0n0,2005,1,6,0,0,2212,31,2024-01-17 03:54:07+00:00,2026-01-01 00:54:55+00:00,714.8755555555556,209,2168.4397222222224,0.869997942981585
frontier02974,x2111c1s6b1n0,2111,1,6,1,0,2211,31,2024-01-17 03:54:07+00:00,2026-01-01 00:54:55+00:00,714.8755555555556,210,2138.8922222222222,0.8706444063951375
frontier03739,x2205c1s5b0n0,2205,1,5,0,0,2211,31,2024-01-17 03:54:06+00:00,2026-01-01 00:54:55+00:00,714.8755671296296,212,2157.7297222222223,0.872206917429031
frontier07058,x2408c1s0b1n0,2408,1,0,1,0,2211,31,2024-01-17 03:54:06+00:00,2026-01-01 00:54:55+00:00,714.8755671296296,217,2187.1,0.876113167429031
frontier03409,x2202c5s0b0n0,2202,5,0,0,0,2211,31,2024-01-17 04:58:24+00:00,2026-01-01 00:54:55+00:00,714.8309143518519,219,2074.130833333333,0.8776330986680136
frontier03624,x2204c2s3b1n0,2204,2,3,1,0,2211,31,2024-01-17 04:31:35+00:00,2026-01-01 00:54:55+00:00,714.8495370370371,207,2074.590277777778,0.868275852202611
frontier07170,x2409c0s0b1n0,2409,0,0,1,0,2211,31,2024-01-17 04:29:09+00:00,2026-01-01 00:54:55+00:00,714.8512268518518,206,2310.904722222222,0.867496213151058
frontier05141,x2304c1s2b0n0,2304,1,2,0,0,2211,32,2024-01-17 04:10:12+00:00,2026-01-01 00:54:55+00:00,714.864386574074,214,2205.688888888889,0.8987587586879364
frontier03117,x2200c2s6b0n0,2200,2,6,0,0,2210,32,2024-01-17 04:31:35+00:00,2026-01-01 00:54:55+00:00,714.8495370370371,209,2127.5886111111113,0.8947035046681233
frontier06028,x2400c0s5b1n0,2400,0,5,1,0,2210,31,2024-01-17 04:29:09+00:00,2026-01-01 00:54:55+00:00,714.8512268518518,219,2254.0269444444443,0.8775176156165703
frontier04154,x2208c3s4b1n0,2208,3,4,1,0,2210,31,2024-01-17 04:31:35+00:00,2026-01-01 00:54:55+00:00,714.8495370370371,207,2055.1252777777777,0.8681410046681234
frontier06677,x2405c1s2b0n0,2405,1,2,0,0,2210,31,2024-01-17 03:54:06+00:00,2026-01-01 00:54:55+00:00,714.8755671296296,218,2226.0177777777776,0.8767595698945432
frontier07178,x2409c0s4b1n0,2409,0,4,1,0,2210,32,2024-01-17 03:54:06+00:00,2026-01-01 00:54:55+00:00,714.8755671296296,214,2291.6169444444445,0.8986345698945433
frontier06051,x2400c2s1b0n0,2400,2,1,0,0,2210,32,2024-01-17 04:09:35+00:00,2026-01-01 00:54:55+00:00,714.8648148148148,221,2225.485,0.9040930694075071
frontier01299,x2010c1s1b0n0,2010,1,1,0,0,2210,32,2024-01-17 03:54:06+00:00,2026-01-01 00:54:55+00:00,714.8755671296296,213,2179.552222222222,0.8978533198945432
frontier01672,x2101c0s3b1n0,2101,0,3,1,0,2210,32,2024-01-17 03:54:06+00:00,2026-01-01 04:45:58+00:00,715.0360185185185,204,2211.5658333333336,0.8909750327597541
frontier06158,x2401c0s6b1n0,2401,0,6,1,0,2210,31,2024-01-17 03:54:06+00:00,2026-01-01 00:54:55+00:00,714.8755671296296,219,2208.0691666666667,0.8775408198945431
frontier01540,x2100c0s1b1n0,2100,0,1,1,0,2209,32,2024-01-17 03:54:06+00:00,2026-01-01 00:54:55+00:00,714.8755671296296,209,2297.8611111111113,0.8945934113568712
frontier05397,x2307c1s2b0n0,2307,1,2,0,0,2209,32,2024-01-17 03:54:06+00:00,2026-01-01 00:54:55+00:00,714.8755671296296,217,2214.490277777778,0.9008434113568712
frontier02852,x2110c2s1b1n0,2110,2,1,1,0,2209,32,2024-01-17 04:31:34+00:00,2026-01-01 00:54:55+00:00,714.8495486111111,216,2184.744722222222,0.9000373571643446
frontier03894,x2206c3s2b1n0,2206,3,2,1,0,2209,33,2024-01-17 00:14:14+00:00,2026-01-01 00:54:55+00:00,715.0282523148148,210,2064.674722222222,0.9205202204795618
frontier01739,x2101c4s5b0n0,2101,4,5,0,0,2208,31,2024-01-17 04:10:12+00:00,2026-01-01 00:54:55+00:00,714.864386574074,214,2111.679166666667,0.8733540330197009
frontier04487,x2211c0s3b0n0,2211,0,3,0,0,2208,32,2024-01-17 03:54:06+00:00,2026-01-01 00:54:55+00:00,714.8755671296296,207,2176.9530555555557,0.8928959417607957
frontier08856,x2510c1s3b1n0,2510,1,3,1,0,2208,31,2024-01-17 03:54:06+00:00,2026-01-01 00:54:55+00:00,714.8755671296296,209,2179.3791666666666,0.8694584417607956
frontier04142,x2208c2s6b1n0,2208,2,6,1,0,2208,31,2024-01-17 04:09:35+00:00,2026-01-01 00:54:55+00:00,714.8648148148148,211,2109.3255555555556,0.8710106912737595
frontier02997,x2111c3s2b0n0,2111,3,2,0,0,2208,31,2024-01-17 04:58:24+00:00,2026-01-01 00:54:55+00:00,714.8309143518519,210,2120.6805555555557,0.8701971229997784
frontier05017,x2303c1s4b0n0,2303,1,4,0,0,2208,31,2024-01-17 03:54:06+00:00,2026-01-01 00:54:55+00:00,714.8755671296296,209,2105.7322222222224,0.8694584417607956
frontier05403,x2307c1s5b0n0,2307,1,5,0,0,2208,31,2024-01-17 04:09:35+00:00,2026-01-01 04:03:14+00:00,714.9955902777778,213,2209.4508333333333,0.8726978632361065
frontier02993,x2111c3s0b0n0,2111,3,0,0,0,2208,31,2024-01-17 04:31:36+00:00,2026-01-01 00:54:55+00:00,714.849525462963,213,2030.7977777777778,0.8725586155004823
frontier03389,x2202c3s6b0n0,2202,3,6,0,0,2208,31,2024-01-17 04:58:24+00:00,2026-01-01 00:54:55+00:00,714.8309143518519,212,2080.1644444444446,0.8717596229997784
frontier06676,x2405c1s1b1n0,2405,1,1,1,0,2207,32,2024-01-17 03:54:06+00:00,2026-01-01 00:54:55+00:00,714.8755671296296,218,2189.633888888889,0.9013546610510229
frontier05146,x2304c1s4b1n0,2304,1,4,1,0,2207,32,2024-01-17 04:09:35+00:00,2026-01-01 00:54:55+00:00,714.8648148148148,215,2194.5452777777778,0.8990006605639869
frontier03114,x2200c2s4b1n0,2200,2,4,1,0,2207,31,2024-01-17 04:31:35+00:00,2026-01-01 00:54:55+00:00,714.8495370370371,208,2105.8347222222224,0.8685173458246029
frontier07054,x2408c0s6b1n0,2408,0,6,1,0,2207,32,2024-01-17 03:54:06+00:00,2026-01-01 00:54:55+00:00,714.8755671296296,217,2268.031388888889,0.900573411051023
frontier02984,x2111c2s3b1n0,2111,2,3,1,0,2207,31,2024-01-17 04:31:35+00:00,2026-01-01 00:54:55+00:00,714.8495370370371,211,2099.0344444444445,0.8708610958246029
frontier06419,x2403c1s1b0n0,2403,1,1,0,0,2206,31,2024-01-17 03:54:06+00:00,2026-01-01 00:54:55+00:00,714.8755671296296,220,2238.6433333333334,0.8777820691721837
frontier04378,x2210c1s4b1n0,2210,1,4,1,0,2206,31,2024-01-17 04:47:13+00:00,2026-01-01 00:54:55+00:00,714.8386805555556,214,2172.845277777778,0.8730594041536865
frontier05383,x2307c0s3b0n0,2307,0,3,0,0,2206,32,2024-01-17 03:54:46+00:00,2026-01-01 00:54:55+00:00,714.8751041666667,210,2199.0044444444443,0.8949691278164449
frontier03106,x2200c2s0b1n0,2200,2,0,1,0,2206,31,2024-01-17 04:31:34+00:00,2026-01-01 00:54:55+00:00,714.8495486111111,212,2118.9216666666666,0.8715072649796572
frontier03367,x2202c2s3b0n0,2202,2,3,0,0,2206,32,2024-01-17 04:31:34+00:00,2026-01-01 00:54:55+00:00,714.8495486111111,207,2083.5555555555557,0.8926010149796573
frontier00266,x2002c0s4b1n0,2002,0,4,1,0,2206,32,2024-01-17 03:54:06+00:00,2026-01-01 00:54:55+00:00,714.8755671296296,203,2186.157222222222,0.8895008191721837
frontier06678,x2405c1s2b1n0,2405,1,2,1,0,2206,31,2024-01-17 04:47:13+00:00,2026-01-01 00:54:55+00:00,714.8386805555556,219,2239.8519444444446,0.8769656541536865
frontier03126,x2200c3s2b1n0,2200,3,2,1,0,2205,32,2024-01-17 04:58:24+00:00,2026-01-01 00:54:55+00:00,714.8309143518519,210,2061.8947222222223,0.8947918473078158
frontier06675,x2405c1s1b0n0,2405,1,1,0,0,2205,32,2024-01-17 04:09:35+00:00,2026-01-01 00:54:55+00:00,714.8648148148148,218,2225.2705555555553,0.901074165581797
frontier04356,x2210c0s1b1n0,2210,0,1,1,0,2205,32,2024-01-17 03:51:58+00:00,2026-01-01 00:54:55+00:00,714.8770486111111,206,2151.095277777778,0.8917108284071975
frontier05140,x2304c1s1b1n0,2304,1,1,1,0,2205,32,2024-01-17 04:10:12+00:00,2026-01-01 00:54:55+00:00,714.864386574074,209,2092.797777777778,0.8940425073277385
frontier04634,x2300c1s4b1n0,2300,1,4,1,0,2205,32,2024-01-17 03:54:06+00:00,2026-01-01 00:54:55+00:00,714.8755671296296,215,2241.2555555555555,0.8987406660688331
frontier06035,x2400c1s1b0n0,2400,1,1,0,0,2205,31,2024-01-17 04:29:09+00:00,2026-01-01 00:54:55+00:00,714.8512268518518,214,2177.0555555555557,0.8729362117908601
frontier01715,x2101c3s1b0n0,2101,3,1,0,0,2205,31,2024-01-17 04:31:36+00:00,2026-01-01 00:54:55+00:00,714.849525462963,210,2086.177222222222,0.8698095898085197
frontier05265,x2306c1s0b0n0,2306,1,0,0,0,2204,31,2024-01-17 03:54:06+00:00,2026-01-01 00:54:55+00:00,714.8755671296296,216,2208.228611111111,0.8743867016854522
frontier03099,x2200c1s5b0n0,2200,1,5,0,0,2204,31,2024-01-17 03:54:07+00:00,2026-01-01 00:54:55+00:00,714.8755555555556,208,2114.574722222222,0.8681366906515586
frontier02889,x2110c4s4b0n0,2110,4,4,0,0,2204,31,2024-01-17 04:58:24+00:00,2026-01-01 00:54:55+00:00,714.8309143518519,212,2046.125,0.8712191329244349
frontier03640,x2204c3s3b1n0,2204,3,3,1,0,2204,31,2024-01-17 04:58:24+00:00,2026-01-01 00:54:55+00:00,714.8309143518519,209,2073.5202777777777,0.8688753829244349
frontier05010,x2303c1s0b1n0,2303,1,0,1,0,2204,32,2024-01-17 03:54:06+00:00,2026-01-01 00:54:55+00:00,714.8755671296296,214,2165.6375,0.8978242016854523
frontier01862,x2102c4s2b1n0,2102,4,2,1,0,2203,31,2024-01-17 04:29:09+00:00,2026-01-01 00:54:55+00:00,714.8512268518518,211,2045.871388888889,0.8703219716884716
frontier05395,x2307c1s1b0n0,2307,1,1,0,0,2203,31,2024-01-17 03:54:06+00:00,2026-01-01 00:54:55+00:00,714.8755671296296,213,2161.978888888889,0.8719076759664446
frontier02870,x2110c3s2b1n0,2110,3,2,1,0,2203,31,2024-01-17 04:58:24+00:00,2026-01-01 02:44:51+00:00,714.9072569444445,213,2022.9258333333332,0.8719378867667726
frontier02849,x2110c2s0b0n0,2110,2,0,0,0,2203,32,2024-01-17 03:54:07+00:00,2026-01-01 00:54:55+00:00,714.8755555555556,210,2146.66,0.8945639149325512
frontier00665,x2005c1s4b0n0,2005,1,4,0,0,2203,31,2024-01-17 03:54:07+00:00,2026-01-01 00:54:55+00:00,714.8755555555556,212,2205.3166666666666,0.8711264149325512
frontier06042,x2400c1s4b1n0,2400,1,4,1,0,2202,31,2024-01-17 03:54:06+00:00,2026-01-01 00:54:55+00:00,714.8755671296296,216,2208.8416666666667,0.8741160888561399
frontier00180,x2001c3s1b1n0,2001,3,1,1,0,2202,31,2024-01-17 04:58:24+00:00,2026-01-01 00:54:55+00:00,714.8309143518519,214,2127.7680555555557,0.8725110200951225
frontier03486,x2203c1s6b1n0,2203,1,6,1,0,2202,32,2024-01-17 03:54:07+00:00,2026-01-01 00:54:55+00:00,714.8755555555556,207,2176.256388888889,0.8920848278222465
frontier07185,x2409c1s0b0n0,2409,1,0,0,0,2202,31,2024-01-17 04:47:13+00:00,2026-01-01 00:54:55+00:00,714.8386805555556,214,2203.406388888889,0.8725184238376427
frontier05652,x2309c1s1b1n0,2309,1,1,1,0,2201,32,2024-01-17 04:29:09+00:00,2026-01-01 00:54:55+00:00,714.8512268518518,212,2146.0647222222224,0.8958324860208181
frontier02087,x2104c2s3b0n0,2104,2,3,0,0,2201,32,2024-01-17 04:31:35+00:00,2026-01-01 00:54:55+00:00,714.8495370370371,201,2079.910277777778,0.8872371250723712
frontier03913,x2206c4s4b0n0,2206,4,4,0,0,2201,32,2024-01-17 04:29:09+00:00,2026-01-01 00:54:55+00:00,714.8512268518518,213,2098.799722222222,0.8966137360208181
frontier05521,x2308c1s0b0n0,2308,1,0,0,0,2201,32,2024-01-17 04:29:09+00:00,2026-01-01 00:54:55+00:00,714.8512268518518,216,2227.5247222222224,0.898957486020818
frontier00049,x2000c3s0b0n0,2000,3,0,0,0,2201,32,2024-01-17 04:58:24+00:00,2026-01-01 00:54:55+00:00,714.8309143518519,209,2059.3775,0.8934693715377737
frontier08214,x2505c1s2b1n0,2505,1,2,1,0,2201,32,2024-01-17 03:54:07+00:00,2026-01-01 00:54:55+00:00,714.8755555555556,205,2206.3769444444442,0.8903869292648976
frontier00306,x2002c3s0b1n0,2002,3,0,1,0,2201,31,2024-01-17 04:58:24+00:00,2026-01-01 00:54:55+00:00,714.8309143518519,213,2127.6008333333334,0.8715943715377736
frontier05509,x2308c0s2b0n0,2308,0,2,0,0,2200,32,2024-01-17 00:14:14+00:00,2026-01-01 00:54:55+00:00,715.0282523148148,205,2128.9075,0.8903970393612657
frontier07432,x2411c0s3b1n0,2411,0,3,1,0,2200,31,2024-01-17 03:54:06+00:00,2026-01-01 00:54:55+00:00,714.8755671296296,211,2249.9283333333333,0.869938980238575
frontier02331,x2106c1s5b0n0,2106,1,5,0,0,2200,31,2024-01-17 03:54:07+00:00,2026-01-01 00:54:55+00:00,714.8755555555556,212,2218.383611111111,0.8707202192046816
frontier02978,x2111c2s0b1n0,2111,2,0,1,0,2200,32,2024-01-17 04:31:34+00:00,2026-01-01 00:54:55+00:00,714.8495486111111,207,2100.77,0.8917891760460486
frontier02219,x2105c2s5b0n0,2105,2,5,0,0,2200,31,2024-01-17 04:31:35+00:00,2026-01-01 00:54:55+00:00,714.8495370370371,208,2133.275833333333,0.867570415012155
frontier00433,x2003c3s0b0n0,2003,3,0,0,0,2200,31,2024-01-17 04:31:36+00:00,2026-01-01 00:54:55+00:00,714.849525462963,211,2106.2369444444444,0.8699141539782617
frontier01864,x2102c4s3b1n0,2102,4,3,1,0,2200,31,2024-01-17 04:58:24+00:00,2026-01-01 00:54:55+00:00,714.8309143518519,212,2108.316388888889,0.8706776614775578
frontier03018,x2111c4s4b1n0,2111,4,4,1,0,2200,31,2024-01-17 04:58:24+00:00,2026-01-01 00:54:55+00:00,714.8309143518519,213,2079.551111111111,0.8714589114775577
frontier04141,x2208c2s6b0n0,2208,2,6,0,0,2200,31,2024-01-17 04:09:35+00:00,2026-01-01 00:54:55+00:00,714.8648148148148,215,2101.2044444444446,0.8730537297515389
frontier03614,x2204c1s6b1n0,2204,1,6,1,0,2200,31,2024-01-17 03:54:07+00:00,2026-01-01 00:54:55+00:00,714.8755555555556,209,2143.6730555555555,0.8683764692046816
frontier06148,x2401c0s1b1n0,2401,0,1,1,0,2200,31,2024-01-17 03:51:22+00:00,2026-01-01 00:54:55+00:00,714.8774652777778,210,2165.098611111111,0.8691595397971045
frontier04890,x2302c1s4b1n0,2302,1,4,1,0,2200,32,2024-01-17 04:09:35+00:00,2026-01-01 00:54:55+00:00,714.8648148148148,213,2194.09,0.8964912297515389
frontier08460,x2507c0s5b1n0,2507,0,5,1,0,2200,31,2024-01-17 04:06:11+00:00,2026-01-01 00:54:55+00:00,714.867175925926,213,2240.4408333333336,0.8714934806658073
frontier03505,x2203c3s0b0n0,2203,3,0,0,0,2200,32,2024-01-17 04:31:36+00:00,2026-01-01 00:54:55+00:00,714.849525462963,207,2065.1941666666667,0.8917891539782618
frontier02509,x2107c4s6b0n0,2107,4,6,0,0,2199,31,2024-01-17 04:58:24+00:00,2026-01-01 00:54:55+00:00,714.8309143518519,209,2079.2280555555553,0.8681983898585754
frontier05640,x2309c0s3b1n0,2309,0,3,1,0,2199,32,2024-01-17 03:54:06+00:00,2026-01-01 00:54:55+00:00,714.8755671296296,206,2135.3230555555556,0.8908972086195928
frontier07314,x2410c1s0b1n0,2410,1,0,1,0,2199,31,2024-01-17 02:10:04+00:00,2026-01-01 00:54:55+00:00,714.9478125,214,2261.7833333333333,0.8722160821826488
frontier05915,x2311c1s5b0n0,2311,1,5,0,0,2199,33,2024-01-17 04:09:35+00:00,2026-01-01 00:54:55+00:00,714.8648148148148,213,2133.8944444444446,0.9213557081325567
frontier03748,x2205c2s1b1n0,2205,2,1,1,0,2199,31,2024-01-17 04:31:34+00:00,2026-01-01 00:54:55+00:00,714.8495486111111,210,2122.571388888889,0.8689974044270662
frontier06936,x2407c1s3b1n0,2407,1,3,1,0,2198,31,2024-01-17 03:54:07+00:00,2026-01-01 00:54:55+00:00,714.8755555555556,218,2283.9508333333333,0.8751366143519758
frontier06161,x2401c1s0b0n0,2401,1,0,0,0,2198,31,2024-01-17 04:29:09+00:00,2026-01-01 00:54:55+00:00,714.8512268518518,216,2156.3922222222222,0.8735509211078962
frontier00688,x2005c2s7b1n0,2005,2,7,1,0,2198,33,2024-01-17 04:31:36+00:00,2026-01-01 00:54:55+00:00,714.849525462963,207,2103.474722222222,0.916518049125556
frontier04143,x2208c2s7b0n0,2208,2,7,0,0,2198,31,2024-01-17 04:31:34+00:00,2026-01-01 00:54:55+00:00,714.8495486111111,212,2102.3372222222224,0.8704243211933428
frontier03616,x2204c1s7b1n0,2204,1,7,1,0,2198,31,2024-01-17 03:54:07+00:00,2026-01-01 00:54:55+00:00,714.8755555555556,215,2171.8463888888887,0.8727928643519758
frontier04403,x2210c3s1b0n0,2210,3,1,0,0,2198,31,2024-01-17 04:31:34+00:00,2026-01-01 00:54:55+00:00,714.8495486111111,209,2081.2891666666665,0.8680805711933428
frontier01962,x2103c2s4b1n0,2103,2,4,1,0,2198,31,2024-01-17 04:31:35+00:00,2026-01-01 02:44:51+00:00,714.9258796296297,214,2136.878888888889,0.8720595897207946
frontier01849,x2102c3s4b0n0,2102,3,4,0,0,2198,32,2024-01-17 04:58:24+00:00,2026-01-01 04:50:59+00:00,714.994849537037,213,2077.9369444444446,0.8963440906919979
frontier03638,x2204c3s2b1n0,2204,3,2,1,0,2198,31,2024-01-17 04:58:24+00:00,2026-01-01 00:54:55+00:00,714.8309143518519,210,2035.4277777777777,0.868844056624852
frontier04244,x2209c1s1b1n0,2209,1,1,1,0,2198,32,2024-01-17 03:54:06+00:00,2026-01-01 00:54:55+00:00,714.8755671296296,212,2101.090277777778,0.8954491253858693
frontier02465,x2107c2s0b0n0,2107,2,0,0,0,2198,31,2024-01-17 03:54:07+00:00,2026-01-01 00:54:55+00:00,714.8755555555556,209,2096.581111111111,0.8681053643519758
frontier07057,x2408c1s0b0n0,2408,1,0,0,0,2197,31,2024-01-17 03:54:06+00:00,2026-01-01 04:03:14+00:00,715.0063425925925,214,2248.445833333333,0.8720006524436996
frontier04889,x2302c1s4b0n0,2302,1,4,0,0,2197,32,2024-01-17 04:09:35+00:00,2026-01-01 00:54:55+00:00,714.8648148148148,215,2222.034722222222,0.8976469799943165
frontier00806,x2006c2s2b1n0,2006,2,2,1,0,2197,31,2024-01-17 04:31:35+00:00,2026-01-01 00:54:55+00:00,714.8495370370371,210,2147.1075,0.8687261652549326
frontier06045,x2400c1s6b0n0,2400,1,6,0,0,2197,31,2024-01-17 03:54:06+00:00,2026-01-01 00:54:55+00:00,714.8755671296296,218,2177.3225,0.8750009804813526
frontier00668,x2005c1s5b1n0,2005,1,5,1,0,2197,31,2024-01-17 04:29:09+00:00,2026-01-01 00:54:55+00:00,714.8512268518518,213,2163.088333333333,0.8710715262033796
frontier02732,x2109c2s5b1n0,2109,2,5,1,0,2197,32,2024-01-17 04:31:35+00:00,2026-01-01 00:54:55+00:00,714.8495370370371,208,2086.3544444444447,0.8921636652549326
frontier04636,x2300c1s5b1n0,2300,1,5,1,0,2197,32,2024-01-17 04:09:35+00:00,2026-01-01 00:54:55+00:00,714.8648148148148,211,2208.668888888889,0.8945219799943165
frontier04772,x2301c2s1b1n0,2301,2,1,1,0,2196,32,2024-01-17 04:09:37+00:00,2026-01-01 00:54:55+00:00,714.8647916666666,213,2123.916111111111,0.8959487512950918
frontier07318,x2410c1s2b1n0,2410,1,2,1,0,2196,31,2024-01-17 04:10:12+00:00,2026-01-01 00:54:55+00:00,714.864386574074,217,2266.738888888889,0.8740733651088202
frontier02510,x2107c4s6b1n0,2107,4,6,1,0,2196,31,2024-01-17 04:58:24+00:00,2026-01-01 00:54:55+00:00,714.8309143518519,209,2102.046388888889,0.8677914550888974
frontier00953,x2007c3s4b0n0,2007,3,4,0,0,2196,32,2024-01-17 04:58:24+00:00,2026-01-01 00:54:55+00:00,714.8309143518519,211,2100.176111111111,0.8943539550888975
frontier07568,x2500c0s7b1n0,2500,0,7,1,0,2196,31,2024-01-17 03:54:06+00:00,2026-01-01 00:54:55+00:00,714.8755671296296,213,2231.087777777778,0.8709590238499147
frontier01874,x2102c5s0b1n0,2102,5,0,1,0,2196,31,2024-01-17 04:58:24+00:00,2026-01-01 00:54:55+00:00,714.8309143518519,213,2093.141111111111,0.8709164550888975
frontier05004,x2303c0s5b1n0,2303,0,5,1,0,2196,31,2024-01-17 04:29:09+00:00,2026-01-01 00:54:55+00:00,714.8512268518518,211,2237.3730555555558,0.8693733195719417
frontier00687,x2005c2s7b0n0,2005,2,7,0,0,2195,32,2024-01-17 04:31:36+00:00,2026-01-01 00:54:55+00:00,714.849525462963,202,2100.5308333333332,0.887204679175038
frontier05400,x2307c1s3b1n0,2307,1,3,1,0,2195,32,2024-01-17 03:54:06+00:00,2026-01-01 00:54:55+00:00,714.8755671296296,212,2156.279722222222,0.8950420054353513
frontier05658,x2309c1s4b1n0,2309,1,4,1,0,2194,32,2024-01-17 03:54:06+00:00,2026-01-01 00:54:55+00:00,714.8755671296296,219,2218.076666666667,0.9003749251813802
frontier06544,x2404c0s7b1n0,2404,0,7,1,0,2194,31,2024-01-17 03:54:06+00:00,2026-01-01 00:54:55+00:00,714.8755671296296,220,2214.8772222222224,0.8761561751813801
frontier02253,x2105c4s6b0n0,2105,4,6,0,0,2193,31,2024-01-17 04:29:09+00:00,2026-01-01 00:54:55+00:00,714.8512268518518,219,2121.2680555555557,0.8752158287536698
frontier06052,x2400c2s1b1n0,2400,2,1,1,0,2193,32,2024-01-17 03:54:07+00:00,2026-01-01 00:54:55+00:00,714.8755555555556,217,2141.555277777778,0.8986765219977493
frontier02988,x2111c2s5b1n0,2111,2,5,1,0,2193,32,2024-01-17 04:31:35+00:00,2026-01-01 00:54:55+00:00,714.8495370370371,201,2065.5716666666667,0.8861517178052227
frontier08077,x2504c0s6b0n0,2504,0,6,0,0,2193,32,2024-01-17 03:54:06+00:00,2026-01-01 00:54:55+00:00,714.8755671296296,207,2264.6025,0.8908640330316427
frontier00923,x2007c1s5b0n0,2007,1,5,0,0,2192,32,2024-01-17 03:54:07+00:00,2026-01-01 00:54:55+00:00,714.8755555555556,204,2129.7716666666665,0.8883843178958102
frontier06300,x2402c1s5b1n0,2402,1,5,1,0,2192,31,2024-01-17 03:54:06+00:00,2026-01-01 00:54:55+00:00,714.8755671296296,213,2164.009722222222,0.8704155789297037
frontier08711,x2509c0s3b0n0,2509,0,3,0,0,2192,32,2024-01-17 03:54:06+00:00,2026-01-01 00:54:55+00:00,714.8755671296296,211,2284.8280555555557,0.8938530789297037
frontier05396,x2307c1s1b1n0,2307,1,1,1,0,2192,31,2024-01-17 03:54:06+00:00,2026-01-01 00:54:55+00:00,714.8755671296296,213,2172.6294444444443,0.8704155789297037
frontier04637,x2300c1s6b0n0,2300,1,6,0,0,2192,31,2024-01-17 04:09:35+00:00,2026-01-01 00:54:55+00:00,714.8648148148148,213,2172.581388888889,0.8704053284426676
frontier03485,x2203c1s6b0n0,2203,1,6,0,0,2192,32,2024-01-17 03:54:07+00:00,2026-01-01 00:54:55+00:00,714.8755555555556,208,2152.4355555555558,0.8915093178958102
frontier03118,x2200c2s6b1n0,2200,2,6,1,0,2192,31,2024-01-17 04:31:36+00:00,2026-01-01 00:54:55+00:00,714.849525462963,214,2122.347222222222,0.8711720026693903
frontier00905,x2007c0s4b0n0,2007,0,4,0,0,2192,32,2024-01-17 03:54:06+00:00,2026-01-01 00:54:55+00:00,714.8755671296296,203,2275.762222222222,0.8876030789297037
frontier07049,x2408c0s4b0n0,2408,0,4,0,0,2192,31,2024-01-17 03:54:06+00:00,2026-01-01 00:54:55+00:00,714.8755671296296,214,2296.1086111111113,0.8711968289297036
frontier07304,x2410c0s3b1n0,2410,0,3,1,0,2192,31,2024-01-17 04:47:13+00:00,2026-01-01 00:54:55+00:00,714.8386805555556,213,2257.866111111111,0.8703804139112065
frontier05796,x2310c2s1b1n0,2310,2,1,1,0,2191,32,2024-01-17 03:54:06+00:00,2026-01-01 00:54:55+00:00,714.8755671296296,218,2141.6641666666665,0.8991858128190501
frontier03785,x2205c4s4b0n0,2205,4,4,0,0,2191,31,2024-01-17 04:58:24+00:00,2026-01-01 00:54:55+00:00,714.8309143518519,216,2177.6358333333333,0.8725807440580328
frontier03619,x2204c2s1b0n0,2204,2,1,0,0,2191,31,2024-01-17 04:31:34+00:00,2026-01-01 00:54:55+00:00,714.8495486111111,211,2127.548888888889,0.8686922586265236
frontier07825,x2502c1s0b0n0,2502,1,0,0,0,2191,32,2024-01-17 03:54:06+00:00,2026-01-01 00:54:55+00:00,714.8755671296296,206,2213.24,0.8898108128190501
frontier08219,x2505c1s5b0n0,2505,1,5,0,0,2191,32,2024-01-17 03:56:00+00:00,2026-01-01 00:54:55+00:00,714.8742476851852,204,2168.4041666666667,0.8882470549551942
frontier03377,x2202c3s0b0n0,2202,3,0,0,0,2191,31,2024-01-17 04:31:36+00:00,2026-01-01 00:54:55+00:00,714.849525462963,210,2104.1641666666665,0.8679109865587368
frontier08705,x2509c0s0b0n0,2509,0,0,0,0,2190,33,2024-01-17 04:34:27+00:00,2026-01-01 00:54:55+00:00,714.8475462962963,207,2304.9375,0.9154292715869946
frontier07183,x2409c0s7b0n0,2409,0,7,0,0,2190,31,2024-01-17 03:54:06+00:00,2026-01-01 00:54:55+00:00,714.8755671296296,214,2254.173888888889,0.8709247346430917
frontier03495,x2203c2s3b0n0,2203,2,3,0,0,2189,32,2024-01-17 04:31:35+00:00,2026-01-01 00:54:55+00:00,714.8495370370371,210,2063.8508333333334,0.8926387791187413
frontier02717,x2109c1s6b0n0,2109,1,6,0,0,2189,32,2024-01-17 03:54:07+00:00,2026-01-01 00:54:55+00:00,714.8755555555556,203,2134.636388888889,0.8871948333112677
frontier07834,x2502c1s4b1n0,2502,1,4,1,0,2188,32,2024-01-17 03:54:07+00:00,2026-01-01 00:54:55+00:00,714.8755555555556,210,2295.5816666666665,0.892527380834619
frontier05908,x2311c1s1b1n0,2311,1,1,1,0,2188,31,2024-01-17 03:54:06+00:00,2026-01-01 00:54:55+00:00,714.8755671296296,211,2199.7080555555553,0.8683086418685125
frontier08322,x2506c0s0b1n0,2506,0,0,1,0,2188,32,2024-01-17 04:34:27+00:00,2026-01-01 00:54:55+00:00,714.8475462962963,204,2327.3675,0.8878131788124153
frontier02514,x2107c5s0b1n0,2107,5,0,1,0,2188,31,2024-01-17 04:29:09+00:00,2026-01-01 00:54:55+00:00,714.8512268518518,211,2135.1175,0.8682854375905394
frontier04258,x2209c2s0b1n0,2209,2,0,1,0,2188,31,2024-01-17 03:54:07+00:00,2026-01-01 00:54:55+00:00,714.8755555555556,212,2141.4558333333334,0.869089880834619
frontier02869,x2110c3s2b0n0,2110,3,2,0,0,2188,31,2024-01-17 04:58:24+00:00,2026-01-01 00:54:55+00:00,714.8309143518519,211,2103.0594444444446,0.8682660731074952
frontier04410,x2210c3s4b1n0,2210,3,4,1,0,2188,31,2024-01-17 04:09:37+00:00,2026-01-01 00:54:55+00:00,714.8647916666666,212,2116.3480555555557,0.8690796193136895
frontier02372,x2106c4s1b1n0,2106,4,1,1,0,2188,31,2024-01-17 04:58:24+00:00,2026-01-01 00:54:55+00:00,714.8309143518519,212,2144.9419444444443,0.8690473231074952
frontier01452,x2011c2s5b1n0,2011,2,5,1,0,2187,32,2024-01-17 04:31:35+00:00,2026-01-01 03:57:40+00:00,714.9764467592593,203,2030.621111111111,0.8870185485718303
frontier04387,x2210c2s1b0n0,2210,2,1,0,0,2187,31,2024-01-17 03:54:06+00:00,2026-01-01 00:54:55+00:00,714.8755671296296,212,2120.9752777777776,0.868953627156323
frontier04800,x2301c3s7b1n0,2301,3,7,1,0,2187,31,2024-01-17 04:09:38+00:00,2026-01-01 00:54:55+00:00,714.8647800925926,212,2131.7438888888887,0.8689433435676065
frontier01844,x2102c3s1b1n0,2102,3,1,1,0,2186,31,2024-01-17 04:31:36+00:00,2026-01-01 00:54:55+00:00,714.849525462963,211,2079.9636111111113,0.8680112238913781
frontier07941,x2503c0s2b0n0,2503,0,2,0,0,2186,32,2024-01-17 04:36:47+00:00,2026-01-01 00:54:55+00:00,714.8459259259259,204,2244.630277777778,0.8875390423505083
frontier01310,x2010c1s6b1n0,2010,1,6,1,0,2186,32,2024-01-17 03:54:07+00:00,2026-01-01 00:54:55+00:00,714.8755555555556,210,2199.4269444444444,0.8922547891177981
frontier06181,x2401c2s2b0n0,2401,2,2,0,0,2186,32,2024-01-17 03:54:07+00:00,2026-01-01 00:54:55+00:00,714.8755555555556,216,2142.4066666666668,0.896942289117798
frontier01100,x2008c4s5b1n0,2008,4,5,1,0,2186,31,2024-01-17 04:29:09+00:00,2026-01-01 00:54:55+00:00,714.8512268518518,212,2094.6097222222224,0.8687940958737186
frontier03116,x2200c2s5b1n0,2200,2,5,1,0,2186,32,2024-01-17 04:31:35+00:00,2026-01-01 00:54:55+00:00,714.8495370370371,209,2119.9066666666668,0.8914487349252718
frontier03147,x2200c4s5b0n0,2200,4,5,0,0,2186,31,2024-01-17 02:10:04+00:00,2026-01-01 00:54:55+00:00,714.9478125,217,2112.280277777778,0.8727924237147476
frontier05661,x2309c1s6b0n0,2309,1,6,0,0,2186,31,2024-01-17 04:09:35+00:00,2026-01-01 00:54:55+00:00,714.8648148148148,221,2202.067777777778,0.8758382996646554
frontier00045,x2000c2s6b0n0,2000,2,6,0,0,2186,31,2024-01-17 04:31:36+00:00,2026-01-01 00:54:55+00:00,714.849525462963,211,2125.760277777778,0.8680112238913781
frontier05399,x2307c1s3b0n0,2307,1,3,0,0,2185,32,2024-01-17 04:47:13+00:00,2026-01-01 00:54:55+00:00,714.8386805555556,219,2240.763611111111,0.8991144957791417
frontier00846,x2006c4s6b1n0,2006,4,6,1,0,2185,31,2024-01-17 04:58:24+00:00,2026-01-01 00:54:55+00:00,714.8309143518519,216,2110.2119444444443,0.8717633420366214
frontier03125,x2200c3s2b0n0,2200,3,2,0,0,2185,31,2024-01-17 04:58:24+00:00,2026-01-01 00:54:55+00:00,714.8309143518519,219,2142.0627777777777,0.8741070920366214
frontier07444,x2411c1s1b1n0,2411,1,1,1,0,2185,32,2024-01-17 04:29:09+00:00,2026-01-01 00:54:55+00:00,714.8512268518518,214,2217.9475,0.8952202065196659
frontier03630,x2204c2s6b1n0,2204,2,6,1,0,2185,31,2024-01-17 04:31:35+00:00,2026-01-01 00:54:55+00:00,714.8495370370371,215,2057.053611111111,0.8709998455712189
frontier03153,x2200c5s0b0n0,2200,5,0,0,0,2185,31,2024-01-17 04:58:24+00:00,2026-01-01 02:44:51+00:00,714.9072569444445,217,2133.9977777777776,0.8726173715979668
frontier03772,x2205c3s5b1n0,2205,3,5,1,0,2185,31,2024-01-17 04:58:24+00:00,2026-01-01 00:54:55+00:00,714.8309143518519,212,2080.446111111111,0.8686383420366215
frontier00033,x2000c2s0b0n0,2000,2,0,0,0,2185,31,2024-01-17 04:31:34+00:00,2026-01-01 00:54:55+00:00,714.8495486111111,212,2144.615,0.8686561066051124
frontier05018,x2303c1s4b1n0,2303,1,4,1,0,2185,33,2024-01-17 04:47:13+00:00,2026-01-01 00:54:55+00:00,714.8386805555556,210,2107.3463888888887,0.9170832457791417
frontier04252,x2209c1s5b1n0,2209,1,5,1,0,2185,31,2024-01-17 03:54:06+00:00,2026-01-01 00:54:55+00:00,714.8755671296296,215,2187.869722222222,0.8710246607976387
frontier02859,x2110c2s5b0n0,2110,2,5,0,0,2185,31,2024-01-17 04:31:35+00:00,2026-01-01 02:44:51+00:00,714.9258796296297,211,2022.9588888888889,0.8679476251325642
frontier07306,x2410c0s4b1n0,2410,0,4,1,0,2184,31,2024-01-17 03:54:06+00:00,2026-01-01 00:54:55+00:00,714.8755671296296,215,2291.181111111111,0.8708882090371074
frontier06301,x2402c1s6b0n0,2402,1,6,0,0,2184,32,2024-01-17 04:09:35+00:00,2026-01-01 00:54:55+00:00,714.8648148148148,219,2190.153333333333,0.8990029585500714
frontier05651,x2309c1s1b0n0,2309,1,1,0,0,2184,32,2024-01-17 03:54:06+00:00,2026-01-01 00:54:55+00:00,714.8755671296296,214,2209.8752777777777,0.8951069590371075
frontier07561,x2500c0s4b0n0,2500,0,4,0,0,2184,31,2024-01-17 04:29:09+00:00,2026-01-01 00:54:55+00:00,714.8512268518518,212,2253.8594444444443,0.8685212547591344
frontier03127,x2200c3s3b0n0,2200,3,3,0,0,2184,31,2024-01-17 04:58:24+00:00,2026-01-01 00:54:55+00:00,714.8309143518519,211,2111.0402777777776,0.8677206402760901
frontier03912,x2206c4s3b1n0,2206,4,3,1,0,2184,31,2024-01-17 00:14:14+00:00,2026-01-01 00:54:55+00:00,715.0282523148148,213,2117.683611111111,0.869471268159798
frontier06570,x2404c2s4b1n0,2404,2,4,1,0,2183,31,2024-01-17 03:54:07+00:00,2026-01-01 00:54:55+00:00,714.8755555555556,217,2114.906111111111,0.8723141837790686
frontier04118,x2208c1s2b1n0,2208,1,2,1,0,2183,32,2024-01-17 04:10:12+00:00,2026-01-01 00:54:55+00:00,714.864386574074,218,2170.911666666667,0.8980847860718674
frontier01359,x2010c4s7b0n0,2010,4,7,0,0,2183,31,2024-01-17 04:58:24+00:00,2026-01-01 00:54:55+00:00,714.8309143518519,211,2088.7072222222223,0.8675841260519447
frontier07426,x2411c0s0b1n0,2411,0,0,1,0,2183,32,2024-01-17 04:14:23+00:00,2026-01-01 00:54:55+00:00,714.8614814814815,209,2244.8394444444443,0.8910507665646059
frontier06682,x2405c1s4b1n0,2405,1,4,1,0,2183,31,2024-01-17 03:54:06+00:00,2026-01-01 00:54:55+00:00,714.8755671296296,226,2251.6580555555556,0.879345444812962
frontier05533,x2308c1s6b0n0,2308,1,6,0,0,2182,31,2024-01-17 03:54:06+00:00,2026-01-01 00:54:55+00:00,714.8755671296296,214,2177.438888888889,0.8698338680679878
frontier04257,x2209c2s0b0n0,2209,2,0,0,0,2182,32,2024-01-17 03:54:07+00:00,2026-01-01 00:54:55+00:00,714.8755555555556,207,2173.9775,0.8893651070340944
frontier03381,x2202c3s2b0n0,2202,3,2,0,0,2182,31,2024-01-17 04:58:24+00:00,2026-01-01 00:54:55+00:00,714.8309143518519,215,2117.318888888889,0.8705725493069706
frontier00030,x2000c1s6b1n0,2000,1,6,1,0,2182,32,2024-01-17 04:31:34+00:00,2026-01-01 00:54:55+00:00,714.8495486111111,207,2192.755,0.8893403138754614
frontier06684,x2405c1s5b1n0,2405,1,5,1,0,2182,31,2024-01-17 03:54:06+00:00,2026-01-01 00:54:55+00:00,714.8755671296296,216,2228.339722222222,0.8713963680679878
frontier07556,x2500c0s1b1n0,2500,0,1,1,0,2181,31,2024-01-17 03:54:06+00:00,2026-01-01 00:54:55+00:00,714.8755671296296,214,2289.473611111111,0.8696972287448927
frontier03104,x2200c1s7b1n0,2200,1,7,1,0,2181,31,2024-01-17 04:31:34+00:00,2026-01-01 00:54:55+00:00,714.8495486111111,213,2190.2838888888887,0.8688911745523662
frontier01964,x2103c2s5b1n0,2103,2,5,1,0,2180,31,2024-01-17 04:31:35+00:00,2026-01-01 00:54:55+00:00,714.8495370370371,212,2084.2208333333333,0.8679732115598846
frontier00461,x2003c4s6b0n0,2003,4,6,0,0,2180,32,2024-01-17 04:58:24+00:00,2026-01-01 00:54:55+00:00,714.8309143518519,211,2099.9483333333333,0.8921742080252872
frontier03506,x2203c3s0b1n0,2203,3,0,1,0,2180,32,2024-01-17 04:31:36+00:00,2026-01-01 00:54:55+00:00,714.849525462963,207,2076.518888888889,0.8890669505259913
frontier02728,x2109c2s3b1n0,2109,2,3,1,0,2180,32,2024-01-17 04:31:35+00:00,2026-01-01 02:44:51+00:00,714.9258796296297,214,2142.176111111111,0.89460849112123
frontier02854,x2110c2s2b1n0,2110,2,2,1,0,2179,32,2024-01-17 04:31:34+00:00,2026-01-01 00:54:55+00:00,714.8495486111111,206,2040.9227777777778,0.8881489579422464
frontier06686,x2405c1s6b1n0,2405,1,6,1,0,2179,31,2024-01-17 03:54:06+00:00,2026-01-01 00:54:55+00:00,714.8755671296296,215,2208.775277777778,0.8702050121347727
frontier04651,x2300c2s5b0n0,2300,2,5,0,0,2179,32,2024-01-17 03:54:06+00:00,2026-01-01 00:54:55+00:00,714.8755671296296,212,2155.8308333333334,0.8928612621347728
frontier06048,x2400c1s7b1n0,2400,1,7,1,0,2179,31,2024-01-17 04:09:35+00:00,2026-01-01 00:54:55+00:00,714.8648148148148,216,2191.7969444444443,0.8709760116477366
frontier04117,x2208c1s2b0n0,2208,1,2,0,0,2179,31,2024-01-17 03:54:06+00:00,2026-01-01 00:54:55+00:00,714.8755671296296,213,2093.988888888889,0.8686425121347727
frontier03103,x2200c1s7b0n0,2200,1,7,0,0,2179,31,2024-01-17 03:54:07+00:00,2026-01-01 00:54:55+00:00,714.8755555555556,215,2169.671388888889,0.8702050011008794
frontier07577,x2500c1s4b0n0,2500,1,4,0,0,2179,31,2024-01-17 03:54:07+00:00,2026-01-01 00:54:55+00:00,714.8755555555556,212,2238.415,0.8678612511008794
frontier01442,x2011c2s0b1n0,2011,2,0,1,0,2178,31,2024-01-17 04:31:34+00:00,2026-01-01 04:45:26+00:00,715.0096296296297,212,2197.0172222222222,0.8678522403208613
frontier05139,x2304c1s1b0n0,2304,1,1,0,0,2178,31,2024-01-17 03:54:06+00:00,2026-01-01 00:54:55+00:00,714.8755671296296,213,2201.3255555555556,0.8685056847327679
frontier03154,x2200c5s0b1n0,2200,5,0,1,0,2178,31,2024-01-17 04:58:24+00:00,2026-01-01 00:54:55+00:00,714.8309143518519,216,2087.4894444444444,0.8708068659717506
frontier08194,x2505c0s0b1n0,2505,0,0,1,0,2177,33,2024-01-17 04:34:27+00:00,2026-01-01 00:54:55+00:00,714.8475462962963,207,2354.170833333333,0.9136545814665836
frontier02592,x2108c1s7b1n0,2108,1,7,1,0,2177,32,2024-01-17 03:54:07+00:00,2026-01-01 04:45:58+00:00,715.0360069444445,210,2166.4591666666665,0.8911779963539982
frontier07830,x2502c1s2b1n0,2502,1,2,1,0,2177,33,2024-01-17 04:29:09+00:00,2026-01-01 00:54:55+00:00,714.8512268518518,213,2269.2094444444447,0.9183455902447079
frontier05149,x2304c1s6b0n0,2304,1,6,0,0,2177,32,2024-01-17 03:54:06+00:00,2026-01-01 00:54:55+00:00,714.8755671296296,212,2152.821111111111,0.8925875445226809
frontier01845,x2102c3s2b0n0,2102,3,2,0,0,2177,32,2024-01-17 04:58:24+00:00,2026-01-01 00:54:55+00:00,714.8309143518519,211,2028.7441666666666,0.8917637257616635
frontier05144,x2304c1s3b1n0,2304,1,3,1,0,2177,32,2024-01-17 04:47:13+00:00,2026-01-01 00:54:55+00:00,714.8386805555556,206,2074.4919444444445,0.8878648795041836
frontier07829,x2502c1s2b0n0,2502,1,2,0,0,2177,32,2024-01-17 03:54:07+00:00,2026-01-01 00:54:55+00:00,714.8755555555556,207,2229.5338888888887,0.8886812834887874
frontier02466,x2107c2s0b1n0,2107,2,0,1,0,2176,31,2024-01-17 03:54:07+00:00,2026-01-01 02:44:51+00:00,714.9518981481482,212,2166.2638888888887,0.8675233599742753
frontier08195,x2505c0s1b0n0,2505,0,1,0,0,2176,33,2024-01-17 04:34:27+00:00,2026-01-01 00:54:55+00:00,714.8475462962963,201,2359.2747222222224,0.9088301283907262
frontier00810,x2006c2s4b1n0,2006,2,4,1,0,2176,32,2024-01-17 04:31:35+00:00,2026-01-01 00:54:55+00:00,714.8495370370371,210,2122.9594444444447,0.8908632762204036
frontier01435,x2011c1s5b0n0,2011,1,5,0,0,2176,32,2024-01-17 03:54:07+00:00,2026-01-01 04:45:26+00:00,715.035636574074,212,2206.091388888889,0.8926031901935497
frontier00851,x2006c5s1b0n0,2006,5,1,0,0,2175,31,2024-01-17 04:58:24+00:00,2026-01-01 00:54:55+00:00,714.8309143518519,214,2097.9558333333334,0.8688335066864106
frontier02508,x2107c4s5b1n0,2107,4,5,1,0,2175,32,2024-01-17 04:58:24+00:00,2026-01-01 04:57:37+00:00,714.9994560185186,208,2084.9572222222223,0.8893066822431589
frontier02718,x2109c1s6b1n0,2109,1,6,1,0,2175,32,2024-01-17 03:54:07+00:00,2026-01-01 02:44:51+00:00,714.9518981481482,204,2115.3152777777777,0.88613634397488
frontier03878,x2206c2s2b1n0,2206,2,2,1,0,2174,31,2024-01-17 04:29:09+00:00,2026-01-01 00:54:55+00:00,714.8512268518518,214,2124.5363888888887,0.8687157921886741
frontier03281,x2201c5s0b0n0,2201,5,0,0,0,2174,32,2024-01-17 04:58:24+00:00,2026-01-01 00:54:55+00:00,714.8309143518519,220,2127.811111111111,0.8983839277056298
frontier08072,x2504c0s3b1n0,2504,0,3,1,0,2174,33,2024-01-17 03:54:06+00:00,2026-01-01 00:54:55+00:00,714.8755671296296,209,2261.871111111111,0.914832746466647
frontier03260,x2201c3s5b1n0,2201,3,5,1,0,2174,31,2024-01-17 04:58:24+00:00,2026-01-01 00:54:55+00:00,714.8309143518519,213,2067.8180555555555,0.8679151777056298
frontier08217,x2505c1s4b0n0,2505,1,4,0,0,2173,32,2024-01-17 03:56:00+00:00,2026-01-01 00:54:55+00:00,714.8742476851852,209,2233.3716666666664,0.8896943465826976
frontier01204,x2009c3s1b1n0,2009,3,1,1,0,2173,32,2024-01-17 04:58:24+00:00,2026-01-01 00:54:55+00:00,714.8309143518519,210,2113.083611111111,0.8904342856855361
frontier06937,x2407c1s4b0n0,2407,1,4,0,0,2173,31,2024-01-17 03:54:07+00:00,2026-01-01 00:54:55+00:00,714.8755555555556,217,2218.63,0.87094559341266
frontier05662,x2309c1s6b1n0,2309,1,6,1,0,2173,31,2024-01-17 02:10:04+00:00,2026-01-01 00:54:55+00:00,714.9478125,216,2226.6833333333334,0.8702332280096094
frontier07180,x2409c0s5b1n0,2409,0,5,1,0,2173,31,2024-01-17 03:54:06+00:00,2026-01-01 00:54:55+00:00,714.8755671296296,213,2217.9797222222223,0.8678206044465534
frontier08836,x2510c0s1b1n0,2510,0,1,1,0,2173,32,2024-01-17 04:34:27+00:00,2026-01-01 00:54:55+00:00,714.8475462962963,211,2271.403333333333,0.8912313913904562
frontier07451,x2411c1s5b0n0,2411,1,5,0,0,2173,32,2024-01-17 03:54:07+00:00,2026-01-01 00:54:55+00:00,714.8755555555556,217,2235.543888888889,0.89594559341266
frontier03721,x2205c0s4b0n0,2205,0,4,0,0,2173,32,2024-01-17 03:54:06+00:00,2026-01-01 00:54:55+00:00,714.8755671296296,201,2060.2527777777777,0.8834456044465534
frontier02258,x2105c5s0b1n0,2105,5,0,1,0,2172,31,2024-01-17 04:29:11+00:00,2026-01-01 00:54:55+00:00,714.8512037037037,217,2084.990277777778,0.8707851729833798
frontier01453,x2011c2s6b0n0,2011,2,6,0,0,2172,32,2024-01-17 04:31:35+00:00,2026-01-01 03:57:40+00:00,714.9764467592593,204,2082.6080555555554,0.8857483207446468
frontier05015,x2303c1s3b0n0,2303,1,3,0,0,2171,32,2024-01-17 04:09:35+00:00,2026-01-01 00:54:55+00:00,714.8648148148148,220,2311.5802777777776,0.8980046305692826
frontier05788,x2310c1s5b1n0,2310,1,5,1,0,2171,31,2024-01-17 04:09:35+00:00,2026-01-01 00:54:55+00:00,714.8648148148148,216,2196.327222222222,0.8698796305692825
frontier01867,x2102c4s5b0n0,2102,4,5,0,0,2171,32,2024-01-17 04:58:24+00:00,2026-01-01 00:54:55+00:00,714.8309143518519,220,2122.969722222222,0.8979723122953014
frontier03107,x2200c2s1b0n0,2200,2,1,0,0,2171,31,2024-01-17 04:31:34+00:00,2026-01-01 00:54:55+00:00,714.8495486111111,214,2171.1830555555557,0.8683025768637922
frontier03510,x2203c3s2b1n0,2203,3,2,1,0,2171,31,2024-01-17 04:58:24+00:00,2026-01-01 00:54:55+00:00,714.8309143518519,213,2056.205,0.8675035622953013
frontier07194,x2409c1s4b1n0,2409,1,4,1,0,2171,31,2024-01-17 03:54:07+00:00,2026-01-01 00:54:55+00:00,714.8755555555556,215,2221.4513888888887,0.8691086200224252
frontier01833,x2102c2s4b0n0,2102,2,4,0,0,2170,32,2024-01-17 04:31:35+00:00,2026-01-01 00:54:55+00:00,714.8495370370371,208,2088.1247222222223,0.888477734343503
frontier07340,x2410c2s5b1n0,2410,2,5,1,0,2170,31,2024-01-17 03:54:07+00:00,2026-01-01 00:54:55+00:00,714.8755555555556,217,2163.3263888888887,0.8705337885360295
frontier04891,x2302c1s5b0n0,2302,1,5,0,0,2170,32,2024-01-17 03:54:06+00:00,2026-01-01 00:54:55+00:00,714.8755671296296,216,2223.1516666666666,0.8947525495699229
frontier05801,x2310c2s4b0n0,2310,2,4,0,0,2169,32,2024-01-17 04:09:37+00:00,2026-01-01 00:54:55+00:00,714.8647916666666,220,2155.367222222222,0.8977298822568816
frontier06150,x2401c0s2b1n0,2401,0,2,1,0,2169,31,2024-01-17 04:29:09+00:00,2026-01-01 00:54:55+00:00,714.8512268518518,214,2171.4675,0.8680294505337316
frontier05792,x2310c1s7b1n0,2310,1,7,1,0,2169,32,2024-01-17 03:54:06+00:00,2026-01-01 00:54:55+00:00,714.8755671296296,225,2255.0616666666665,0.9016464048117045
frontier07942,x2503c0s2b1n0,2503,0,2,1,0,2169,32,2024-01-17 04:14:23+00:00,2026-01-01 00:54:55+00:00,714.8614814814815,204,2228.536666666667,0.8852267265633484
frontier08577,x2508c0s0b0n0,2508,0,0,0,0,2168,32,2024-01-17 04:34:27+00:00,2026-01-01 00:54:55+00:00,714.8475462962963,210,2306.731388888889,0.8897634836672377
frontier03530,x2203c4s4b1n0,2203,4,4,1,0,2168,31,2024-01-17 04:58:24+00:00,2026-01-01 00:54:55+00:00,714.8309143518519,218,2162.1069444444443,0.8709976279623175
frontier04531,x2211c3s1b0n0,2211,3,1,0,0,2168,32,2024-01-17 04:31:34+00:00,2026-01-01 00:54:55+00:00,714.8495486111111,208,2030.7969444444445,0.8882028925308084
frontier04511,x2211c1s7b0n0,2211,1,7,0,0,2168,32,2024-01-17 03:54:06+00:00,2026-01-01 00:54:55+00:00,714.8755671296296,209,2124.7530555555554,0.8890089467233349
frontier07560,x2500c0s3b1n0,2500,0,3,1,0,2167,31,2024-01-17 04:29:09+00:00,2026-01-01 00:54:55+00:00,714.8512268518518,214,2241.5255555555555,0.8677544709684317
frontier03404,x2202c4s5b1n0,2202,4,5,1,0,2167,31,2024-01-17 04:29:09+00:00,2026-01-01 00:54:55+00:00,714.8512268518518,217,2151.244166666667,0.8700982209684318
frontier05784,x2310c1s3b1n0,2310,1,3,1,0,2167,31,2024-01-17 04:47:13+00:00,2026-01-01 00:54:55+00:00,714.8386805555556,216,2152.455,0.8693050102279075
frontier06166,x2401c1s2b1n0,2401,1,2,1,0,2167,31,2024-01-17 04:29:09+00:00,2026-01-01 00:54:55+00:00,714.8512268518518,220,2217.763611111111,0.8724419709684318
frontier07705,x2501c1s4b0n0,2501,1,4,0,0,2167,31,2024-01-17 04:09:35+00:00,2026-01-01 00:54:55+00:00,714.8648148148148,216,2232.8297222222222,0.8693299247593685
frontier05532,x2308c1s5b1n0,2308,1,5,1,0,2167,31,2024-01-17 03:54:06+00:00,2026-01-01 00:54:55+00:00,714.8755671296296,216,2186.8255555555556,0.8693401752464046
frontier07576,x2500c1s3b1n0,2500,1,3,1,0,2166,31,2024-01-17 03:54:07+00:00,2026-01-01 00:54:55+00:00,714.8755555555556,215,2225.5033333333336,0.8684213292885307
frontier00689,x2005c3s0b0n0,2005,3,0,0,0,2165,32,2024-01-17 04:31:36+00:00,2026-01-01 00:54:55+00:00,714.849525462963,214,2135.360277777778,0.8924776156325087
frontier00817,x2006c3s0b0n0,2006,3,0,0,0,2165,32,2024-01-17 04:31:36+00:00,2026-01-01 00:54:55+00:00,714.849525462963,209,2108.7527777777777,0.8885713656325087
frontier03508,x2203c3s1b1n0,2203,3,1,1,0,2165,31,2024-01-17 04:29:09+00:00,2026-01-01 00:54:55+00:00,714.8512268518518,216,2104.1208333333334,0.869041737614849
frontier00307,x2002c3s1b0n0,2002,3,1,0,0,2165,32,2024-01-17 04:58:24+00:00,2026-01-01 00:54:55+00:00,714.8309143518519,208,2133.4475,0.8877723731318047
frontier00701,x2005c3s6b0n0,2005,3,6,0,0,2165,32,2024-01-17 04:58:24+00:00,2026-01-01 00:54:55+00:00,714.8309143518519,206,2053.668611111111,0.8862098731318047
frontier08839,x2510c0s3b0n0,2510,0,3,0,0,2165,32,2024-01-17 03:54:06+00:00,2026-01-01 00:54:55+00:00,714.8755671296296,216,2313.27,0.894064941892822
frontier05000,x2303c0s3b1n0,2303,0,3,1,0,2164,32,2024-01-17 03:54:06+00:00,2026-01-01 00:54:55+00:00,714.8755671296296,210,2234.64,0.8892397298989465
frontier03527,x2203c4s3b0n0,2203,4,3,0,0,2163,31,2024-01-17 04:29:09+00:00,2026-01-01 00:54:55+00:00,714.8512268518518,220,2138.3083333333334,0.8718912500040907
frontier07824,x2502c0s7b1n0,2502,0,7,1,0,2163,32,2024-01-17 04:47:13+00:00,2026-01-01 00:54:55+00:00,714.8386805555556,207,2195.4894444444444,0.8867230392635665
frontier08842,x2510c0s4b1n0,2510,0,4,1,0,2163,32,2024-01-17 03:54:06+00:00,2026-01-01 00:54:55+00:00,714.8755671296296,214,2270.9469444444444,0.8922269542820638
frontier08200,x2505c0s3b1n0,2505,0,3,1,0,2162,33,2024-01-17 03:54:06+00:00,2026-01-01 00:54:55+00:00,714.8755671296296,214,2251.915,0.9170891149833591
frontier00029,x2000c1s6b0n0,2000,1,6,0,0,2162,32,2024-01-17 04:31:34+00:00,2026-01-01 00:54:55+00:00,714.8495486111111,204,2162.3269444444445,0.8842518107908326
frontier08459,x2507c0s5b0n0,2507,0,5,0,0,2162,32,2024-01-17 03:54:06+00:00,2026-01-01 00:54:55+00:00,714.8755671296296,205,2247.246111111111,0.8850578649833591
frontier06444,x2403c2s5b1n0,2403,2,5,1,0,2162,32,2024-01-17 04:31:34+00:00,2026-01-01 00:54:55+00:00,714.8495486111111,217,2168.4466666666667,0.8944080607908327
frontier00694,x2005c3s2b1n0,2005,3,2,1,0,2162,32,2024-01-17 04:58:24+00:00,2026-01-01 00:54:55+00:00,714.8309143518519,209,2087.177222222222,0.8881402962223419
frontier01575,x2100c2s3b0n0,2100,2,3,0,0,2162,32,2024-01-17 04:31:35+00:00,2026-01-01 00:54:55+00:00,714.8495370370371,209,2133.8791666666666,0.8881580497569392
frontier07190,x2409c1s2b1n0,2409,1,2,1,0,2162,31,2024-01-17 03:54:07+00:00,2026-01-01 00:54:55+00:00,714.8755555555556,215,2261.3725,0.8678703539494657
frontier06940,x2407c1s5b1n0,2407,1,5,1,0,2162,31,2024-01-17 03:54:07+00:00,2026-01-01 00:54:55+00:00,714.8755555555556,216,2253.1119444444444,0.8686516039494656
frontier06683,x2405c1s5b0n0,2405,1,5,0,0,2162,31,2024-01-17 04:09:35+00:00,2026-01-01 00:54:55+00:00,714.8648148148148,220,2226.1483333333335,0.871766364496323
frontier06312,x2402c2s3b1n0,2402,2,3,1,0,2161,31,2024-01-17 03:54:07+00:00,2026-01-01 00:54:55+00:00,714.8755555555556,216,2146.6183333333333,0.8685137009100427
frontier05393,x2307c1s0b0n0,2307,1,0,0,0,2161,31,2024-01-17 04:10:12+00:00,2026-01-01 00:54:55+00:00,714.864386574074,217,2248.248888888889,0.8692843032028414
frontier02337,x2106c2s0b0n0,2106,2,0,0,0,2161,32,2024-01-17 04:31:34+00:00,2026-01-01 00:54:55+00:00,714.8495486111111,212,2176.2741666666666,0.8903639077514097
frontier05412,x2307c2s1b1n0,2307,2,1,1,0,2161,33,2024-01-17 04:09:35+00:00,2026-01-01 00:54:55+00:00,714.8648148148148,210,2161.450277777778,0.9138159614569
frontier05786,x2310c1s4b1n0,2310,1,4,1,0,2161,31,2024-01-17 03:54:06+00:00,2026-01-01 00:54:55+00:00,714.8755671296296,217,2181.601111111111,0.8692949619439361
frontier04022,x2207c3s2b1n0,2207,3,2,1,0,2160,32,2024-01-17 04:09:37+00:00,2026-01-01 00:54:55+00:00,714.8647916666666,206,2088.6625,0.8855529725499933
frontier03402,x2202c4s4b1n0,2202,4,4,1,0,2160,31,2024-01-17 04:29:09+00:00,2026-01-01 00:54:55+00:00,714.8512268518518,217,2136.8225,0.8691337908268434
frontier07816,x2502c0s3b1n0,2502,0,3,1,0,2160,32,2024-01-17 03:54:06+00:00,2026-01-01 00:54:55+00:00,714.8755671296296,211,2268.4408333333336,0.8894694951048163
frontier00042,x2000c2s4b1n0,2000,2,4,1,0,2160,32,2024-01-17 04:31:35+00:00,2026-01-01 00:54:55+00:00,714.8495370370371,203,2126.1480555555554,0.8831946798783964
frontier07427,x2411c0s1b0n0,2411,0,1,0,0,2159,31,2024-01-17 03:54:46+00:00,2026-01-01 00:54:55+00:00,714.8751041666667,216,2319.63,0.8682372730512009
frontier07060,x2408c1s1b1n0,2408,1,1,1,0,2159,31,2024-01-17 04:10:12+00:00,2026-01-01 00:54:55+00:00,714.864386574074,218,2216.8644444444444,0.8697895556658453
frontier01079,x2008c3s3b0n0,2008,3,3,0,0,2159,32,2024-01-17 04:58:24+00:00,2026-01-01 00:54:55+00:00,714.8309143518519,208,2087.5886111111113,0.8869451456459225
frontier07311,x2410c0s7b0n0,2410,0,7,0,0,2159,32,2024-01-17 04:29:09+00:00,2026-01-01 00:54:55+00:00,714.8512268518518,220,2300.128888888889,0.8963395101289668
frontier00945,x2007c3s0b0n0,2007,3,0,0,0,2159,32,2024-01-17 04:31:36+00:00,2026-01-01 00:54:55+00:00,714.849525462963,209,2181.0061111111113,0.8877441381466264
frontier07184,x2409c0s7b1n0,2409,0,7,1,0,2159,31,2024-01-17 03:54:06+00:00,2026-01-01 00:54:55+00:00,714.8755671296296,216,2209.9230555555555,0.8682377144069399
frontier08458,x2507c0s4b1n0,2507,0,4,1,0,2158,32,2024-01-17 03:54:06+00:00,2026-01-01 00:54:55+00:00,714.8755671296296,212,2265.165,0.8899746197911645
frontier08587,x2508c0s5b0n0,2508,0,5,0,0,2158,32,2024-01-17 03:51:22+00:00,2026-01-01 00:54:55+00:00,714.8774652777778,216,2332.4994444444446,0.8931014293496939
frontier07820,x2502c0s5b1n0,2502,0,5,1,0,2158,32,2024-01-17 03:54:06+00:00,2026-01-01 00:54:55+00:00,714.8755671296296,215,2326.760277777778,0.8923183697911645
frontier08833,x2510c0s0b0n0,2510,0,0,0,0,2157,32,2024-01-17 04:34:27+00:00,2026-01-01 00:54:55+00:00,714.8475462962963,208,2312.965,0.8866847481421685
frontier00305,x2002c3s0b0n0,2002,3,0,0,0,2157,32,2024-01-17 04:31:36+00:00,2026-01-01 00:54:55+00:00,714.849525462963,202,2129.3819444444443,0.8819991349379525
frontier04764,x2301c1s5b1n0,2301,1,5,1,0,2157,32,2024-01-17 04:09:35+00:00,2026-01-01 00:54:55+00:00,714.8648148148148,214,2197.4205555555554,0.8913887107112297
frontier05787,x2310c1s5b0n0,2310,1,5,0,0,2157,31,2024-01-17 04:09:35+00:00,2026-01-01 00:54:55+00:00,714.8648148148148,216,2160.553611111111,0.8679512107112296
frontier07436,x2411c0s5b1n0,2411,0,5,1,0,2157,31,2024-01-17 03:54:06+00:00,2026-01-01 00:54:55+00:00,714.8755671296296,218,2293.3108333333334,0.8695239611982657
frontier02730,x2109c2s4b1n0,2109,2,4,1,0,2157,32,2024-01-17 04:31:35+00:00,2026-01-01 00:54:55+00:00,714.8495370370371,211,2156.1027777777776,0.8890303959718457
frontier01846,x2102c3s2b1n0,2102,3,2,1,0,2157,32,2024-01-17 04:58:24+00:00,2026-01-01 02:44:51+00:00,714.9072569444445,212,2056.9991666666665,0.8898666719985938
frontier06430,x2403c1s6b1n0,2403,1,6,1,0,2156,31,2024-01-17 03:54:06+00:00,2026-01-01 00:54:55+00:00,714.8755671296296,219,2201.0383333333334,0.8701669885689367
frontier07312,x2410c0s7b1n0,2410,0,7,1,0,2156,31,2024-01-17 03:33:50+00:00,2026-01-01 00:54:55+00:00,714.8896412037037,216,2303.902777777778,0.8678366557833994
frontier03234,x2201c2s0b1n0,2201,2,0,1,0,2156,32,2024-01-17 04:31:34+00:00,2026-01-01 00:54:55+00:00,714.8495486111111,211,2173.3080555555557,0.8888921843764103
frontier08961,x2511c0s0b0n0,2511,0,0,0,0,2156,33,2024-01-17 04:34:27+00:00,2026-01-01 00:54:55+00:00,714.8475462962963,211,2299.132222222222,0.9138902755128395
frontier04522,x2211c2s4b1n0,2211,2,4,1,0,2156,32,2024-01-17 04:31:34+00:00,2026-01-01 00:54:55+00:00,714.8495486111111,215,2094.801111111111,0.8920171843764103
frontier01439,x2011c1s7b0n0,2011,1,7,0,0,2155,32,2024-01-17 03:54:07+00:00,2026-01-01 00:54:55+00:00,714.8755555555556,206,2122.8958333333335,0.8848724408098951
frontier03631,x2204c2s7b0n0,2204,2,7,0,0,2155,32,2024-01-17 04:31:36+00:00,2026-01-01 00:54:55+00:00,714.849525462963,208,2068.7786111111113,0.8864101255834752
frontier05277,x2306c1s6b0n0,2306,1,6,0,0,2155,32,2024-01-17 03:54:06+00:00,2026-01-01 00:54:55+00:00,714.8755671296296,214,2213.6402777777776,0.8911224518437886
frontier06036,x2400c1s1b1n0,2400,1,1,1,0,2154,32,2024-01-17 03:54:06+00:00,2026-01-01 00:54:55+00:00,714.8755671296296,217,2193.2916666666665,0.8933278509633494
frontier08207,x2505c0s7b0n0,2505,0,7,0,0,2154,32,2024-01-17 03:51:22+00:00,2026-01-01 00:54:55+00:00,714.8774652777778,205,2265.717222222222,0.8839546605218789
frontier00720,x2005c4s7b1n0,2005,4,7,1,0,2154,32,2024-01-17 04:58:24+00:00,2026-01-01 00:54:55+00:00,714.8309143518519,197,2038.9063888888888,0.877660282202332
frontier06313,x2402c2s4b0n0,2402,2,4,0,0,2154,32,2024-01-17 03:54:07+00:00,2026-01-01 00:54:55+00:00,714.8755555555556,210,2142.2716666666665,0.8878590899294558
frontier07962,x2503c1s4b1n0,2503,1,4,1,0,2154,32,2024-01-17 04:14:23+00:00,2026-01-01 00:54:55+00:00,714.8614814814815,212,2174.8880555555556,0.8894081727149933
frontier05145,x2304c1s4b0n0,2304,1,4,0,0,2153,32,2024-01-17 04:09:35+00:00,2026-01-01 00:54:55+00:00,714.8648148148148,210,2199.9841666666666,0.8877104353810282
frontier08218,x2505c1s4b1n0,2505,1,4,1,0,2153,32,2024-01-17 03:56:00+00:00,2026-01-01 00:54:55+00:00,714.8742476851852,209,2214.0975,0.8869381780042085
frontier06054,x2400c2s2b1n0,2400,2,2,1,0,2153,31,2024-01-17 03:54:07+00:00,2026-01-01 00:54:55+00:00,714.8755555555556,222,2182.9558333333334,0.8720956748341708
frontier07443,x2411c1s1b0n0,2411,1,1,0,0,2152,31,2024-01-17 03:54:06+00:00,2026-01-01 00:54:55+00:00,714.8755671296296,217,2257.224722222222,0.8680509564982954
frontier03669,x2204c5s2b0n0,2204,5,2,0,0,2152,32,2024-01-17 05:03:00+00:00,2026-01-01 00:54:55+00:00,714.8277199074074,210,2069.2291666666665,0.8875365923826797
frontier00303,x2002c2s7b0n0,2002,2,7,0,0,2152,32,2024-01-17 04:31:36+00:00,2026-01-01 00:54:55+00:00,714.849525462963,207,2110.674722222222,0.8852136302379822
frontier04130,x2208c2s0b1n0,2208,2,0,1,0,2151,32,2024-01-17 04:09:35+00:00,2026-01-01 00:54:55+00:00,714.8648148148148,206,2055.848611111111,0.8843084123072866
frontier00946,x2007c3s0b1n0,2007,3,0,1,0,2151,32,2024-01-17 04:31:36+00:00,2026-01-01 00:54:55+00:00,714.849525462963,212,2177.7375,0.8889813365340093
frontier01746,x2101c5s0b1n0,2101,5,0,1,0,2151,31,2024-01-17 04:06:11+00:00,2026-01-01 00:54:55+00:00,714.867175925926,218,2101.346666666667,0.8686856632215549
frontier05276,x2306c1s5b1n0,2306,1,5,1,0,2150,32,2024-01-17 03:54:06+00:00,2026-01-01 00:54:55+00:00,714.8755671296296,209,2122.3191666666667,0.8865238046963413
frontier03661,x2204c4s6b0n0,2204,4,6,0,0,2150,32,2024-01-17 04:29:09+00:00,2026-01-01 00:54:55+00:00,714.8512268518518,218,2099.840277777778,0.8935318504183684
frontier03529,x2203c4s4b0n0,2203,4,4,0,0,2150,31,2024-01-17 04:58:24+00:00,2026-01-01 00:54:55+00:00,714.8309143518519,219,2186.6877777777777,0.8692937359353239
frontier03536,x2203c4s7b1n0,2203,4,7,1,0,2150,31,2024-01-17 04:29:09+00:00,2026-01-01 00:54:55+00:00,714.8512268518518,219,2169.192777777778,0.8693131004183683
frontier08196,x2505c0s1b1n0,2505,0,1,1,0,2149,32,2024-01-17 04:34:27+00:00,2026-01-01 00:54:55+00:00,714.8475462962963,209,2296.016111111111,0.8863584190883669
frontier07939,x2503c0s1b0n0,2503,0,1,0,0,2148,32,2024-01-17 04:34:27+00:00,2026-01-01 00:54:55+00:00,714.8475462962963,209,2302.5830555555553,0.8862196820226229
frontier03528,x2203c4s3b1n0,2203,4,3,1,0,2148,31,2024-01-17 04:58:24+00:00,2026-01-01 00:54:55+00:00,714.8309143518519,220,2167.435,0.8697975763177027
frontier03375,x2202c2s7b0n0,2202,2,7,0,0,2147,32,2024-01-17 04:31:35+00:00,2026-01-01 00:54:55+00:00,714.8495370370371,199,2031.2875,0.8782702782126346
frontier04799,x2301c3s7b0n0,2301,3,7,0,0,2147,32,2024-01-17 04:31:35+00:00,2026-01-01 00:54:55+00:00,714.8495370370371,211,2137.1569444444444,0.8876452782126345
frontier08069,x2504c0s2b0n0,2504,0,2,0,0,2147,33,2024-01-17 04:36:47+00:00,2026-01-01 00:54:55+00:00,714.8459259259259,207,2304.333888888889,0.9095168356378711
frontier04039,x2207c4s3b0n0,2207,4,3,0,0,2147,31,2024-01-17 04:58:24+00:00,2026-01-01 00:54:55+00:00,714.8309143518519,218,2142.6780555555556,0.8680962746780372
frontier04398,x2210c2s6b1n0,2210,2,6,1,0,2147,32,2024-01-17 04:31:34+00:00,2026-01-01 00:54:55+00:00,714.8495486111111,210,2151.570833333333,0.886864039246528
frontier03844,x2206c0s1b1n0,2206,0,1,1,0,2147,32,2024-01-17 03:51:58+00:00,2026-01-01 00:54:55+00:00,714.8770486111111,191,1986.2269444444444,0.8720465057774189
frontier08580,x2508c0s1b1n0,2508,0,1,1,0,2146,32,2024-01-17 04:34:27+00:00,2026-01-01 00:54:55+00:00,714.8475462962963,214,2303.636111111111,0.8898482641092311
frontier02998,x2111c3s2b1n0,2111,3,2,1,0,2145,32,2024-01-17 04:58:24+00:00,2026-01-01 00:54:55+00:00,714.8309143518519,209,2084.6702777777778,0.8857872274363017
frontier05923,x2311c2s1b0n0,2311,2,1,0,0,2145,31,2024-01-17 04:58:24+00:00,2026-01-01 00:54:55+00:00,714.8309143518519,219,2151.0847222222224,0.8685997274363018
frontier00177,x2001c3s0b0n0,2001,3,0,0,0,2144,32,2024-01-17 04:31:36+00:00,2026-01-01 00:54:55+00:00,714.849525462963,202,2080.326111111111,0.8801972242144064
frontier06955,x2407c2s5b0n0,2407,2,5,0,0,2144,31,2024-01-17 04:58:24+00:00,2026-01-01 00:54:55+00:00,714.8309143518519,218,2174.528333333333,0.8676794817137023
frontier08071,x2504c0s3b0n0,2504,0,3,0,0,2144,33,2024-01-17 03:54:46+00:00,2026-01-01 00:54:55+00:00,714.8751041666667,210,2265.1022222222223,0.9114716091189808
frontier01053,x2008c1s6b0n0,2008,1,6,0,0,2144,32,2024-01-17 03:54:07+00:00,2026-01-01 00:54:55+00:00,714.8755555555556,217,2222.363611111111,0.8919407894408263
frontier05030,x2303c2s2b1n0,2303,2,2,1,0,2144,32,2024-01-17 03:54:06+00:00,2026-01-01 00:54:55+00:00,714.8755671296296,213,2129.6936111111113,0.8888158004747196
frontier08965,x2511c0s2b0n0,2511,0,2,0,0,2144,32,2024-01-17 03:54:46+00:00,2026-01-01 00:54:55+00:00,714.8751041666667,216,2195.2430555555557,0.8911591091189808
frontier01194,x2009c2s4b1n0,2009,2,4,1,0,2144,33,2024-01-17 04:31:35+00:00,2026-01-01 00:54:55+00:00,714.8495370370371,209,2132.8191666666667,0.9106659852482999
frontier04900,x2302c2s1b1n0,2302,2,1,1,0,2144,32,2024-01-17 04:09:37+00:00,2026-01-01 00:54:55+00:00,714.8647916666666,213,2102.0433333333335,0.8888055279198966
frontier00691,x2005c3s1b0n0,2005,3,1,0,0,2143,32,2024-01-17 04:58:24+00:00,2026-01-01 00:54:55+00:00,714.8309143518519,208,2039.6508333333334,0.8847279211761216
frontier05537,x2308c2s0b0n0,2308,2,0,0,0,2143,32,2024-01-17 03:54:07+00:00,2026-01-01 00:54:55+00:00,714.8755555555556,217,2144.026388888889,0.8918017289032455
frontier08088,x2504c1s3b1n0,2504,1,3,1,0,2142,32,2024-01-17 03:51:22+00:00,2026-01-01 00:54:55+00:00,714.8774652777778,208,2225.8791666666666,0.8846331740826304
frontier08073,x2504c0s4b0n0,2504,0,4,0,0,2142,32,2024-01-17 03:54:06+00:00,2026-01-01 00:54:55+00:00,714.8755671296296,208,2266.4313888888887,0.884631364524101
frontier07313,x2410c1s0b0n0,2410,1,0,0,0,2142,31,2024-01-17 04:29:09+00:00,2026-01-01 00:54:55+00:00,714.8512268518518,221,2310.8713888888888,0.8697644102461279
frontier07963,x2503c1s5b0n0,2503,1,5,0,0,2142,32,2024-01-17 03:54:07+00:00,2026-01-01 00:54:55+00:00,714.8755555555556,212,2186.3983333333335,0.8877563534902075
frontier08325,x2506c0s2b0n0,2506,0,2,0,0,2142,32,2024-01-17 04:34:27+00:00,2026-01-01 00:54:55+00:00,714.8475462962963,207,2287.8527777777776,0.8838234014680038
frontier04892,x2302c1s5b1n0,2302,1,5,1,0,2142,32,2024-01-17 03:54:06+00:00,2026-01-01 00:54:55+00:00,714.8755671296296,213,2246.9713888888887,0.888537614524101
frontier06310,x2402c2s2b1n0,2402,2,2,1,0,2141,31,2024-01-17 03:54:06+00:00,2026-01-01 00:54:55+00:00,714.8755671296296,222,2164.7697222222223,0.8704296741750452
frontier02349,x2106c2s6b0n0,2106,2,6,0,0,2141,32,2024-01-17 04:31:35+00:00,2026-01-01 00:54:55+00:00,714.8495370370371,212,2143.4691666666668,0.8875923589486253
frontier01721,x2101c3s4b0n0,2101,3,4,0,0,2140,32,2024-01-17 04:58:24+00:00,2026-01-01 00:54:55+00:00,714.8309143518519,210,2091.0163888888887,0.8858728500683088
frontier00941,x2007c2s6b0n0,2007,2,6,0,0,2140,32,2024-01-17 04:31:35+00:00,2026-01-01 00:54:55+00:00,714.8495370370371,215,2180.323888888889,0.8897968536029064
frontier08321,x2506c0s0b0n0,2506,0,0,0,0,2140,32,2024-01-17 04:34:27+00:00,2026-01-01 00:54:55+00:00,714.8475462962963,210,2330.6413888888887,0.885888705773229
frontier05789,x2310c1s6b0n0,2310,1,6,0,0,2140,31,2024-01-17 04:09:35+00:00,2026-01-01 00:54:55+00:00,714.8648148148148,222,2220.226388888889,0.8702801683422902
frontier04673,x2300c4s0b0n0,2300,4,0,0,0,2139,32,2024-01-17 04:09:38+00:00,2026-01-01 00:54:55+00:00,714.8647800925926,213,2095.008611111111,0.8881095648374973
frontier00304,x2002c2s7b1n0,2002,2,7,1,0,2139,32,2024-01-17 04:31:36+00:00,2026-01-01 00:54:55+00:00,714.849525462963,211,2116.3969444444447,0.8865325221659004
frontier00942,x2007c2s6b1n0,2007,2,6,1,0,2139,32,2024-01-17 04:31:35+00:00,2026-01-01 00:54:55+00:00,714.8495370370371,210,2111.6655555555553,0.8857512831997939
frontier01198,x2009c2s6b1n0,2009,2,6,1,0,2139,32,2024-01-17 04:31:36+00:00,2026-01-01 00:54:55+00:00,714.849525462963,205,2154.356111111111,0.8818450221659004
frontier03650,x2204c4s0b1n0,2204,4,0,1,0,2138,31,2024-01-17 04:58:24+00:00,2026-01-01 00:54:55+00:00,714.8309143518519,219,2096.6133333333332,0.8676253941438752
frontier05200,x2304c4s7b1n0,2304,4,7,1,0,2138,32,2024-01-17 04:09:38+00:00,2026-01-01 00:54:55+00:00,714.8647800925926,207,2131.375,0.883282679316176
frontier05154,x2304c2s0b1n0,2304,2,0,1,0,2138,32,2024-01-17 04:09:35+00:00,2026-01-01 00:54:55+00:00,714.8648148148148,217,2193.52,0.8910952124178565
frontier04040,x2207c4s3b1n0,2207,4,3,1,0,2138,32,2024-01-17 04:29:09+00:00,2026-01-01 00:54:55+00:00,714.8512268518518,217,2121.2986111111113,0.8910822586269195
frontier05020,x2303c1s5b1n0,2303,1,5,1,0,2137,32,2024-01-17 04:09:35+00:00,2026-01-01 00:54:55+00:00,714.8648148148148,217,2225.435,0.8909557617174251
frontier07192,x2409c1s3b1n0,2409,1,3,1,0,2137,32,2024-01-17 03:54:07+00:00,2026-01-01 00:54:55+00:00,714.8755555555556,220,2243.241388888889,0.8933097511705677
frontier03401,x2202c4s4b0n0,2202,4,4,0,0,2137,31,2024-01-17 04:29:09+00:00,2026-01-01 00:54:55+00:00,714.8512268518518,219,2143.096111111111,0.8675053079264881
frontier07690,x2501c0s4b1n0,2501,0,4,1,0,2136,32,2024-01-17 03:54:06+00:00,2026-01-01 00:54:55+00:00,714.8755671296296,215,2278.9241666666667,0.8892639962639337
frontier05653,x2309c1s2b0n0,2309,1,2,0,0,2136,32,2024-01-17 03:54:06+00:00,2026-01-01 00:54:55+00:00,714.8755671296296,216,2179.8302777777776,0.8900452462639337
frontier08208,x2505c0s7b1n0,2505,0,7,1,0,2135,32,2024-01-17 03:54:06+00:00,2026-01-01 00:54:55+00:00,714.8755671296296,208,2221.7705555555553,0.8836556650222384
frontier04541,x2211c3s6b0n0,2211,3,6,0,0,2135,32,2024-01-17 04:09:38+00:00,2026-01-01 00:54:55+00:00,714.8647800925926,209,2110.418888888889,0.8844266314335218
frontier07835,x2502c1s5b0n0,2502,1,5,0,0,2135,32,2024-01-17 03:54:07+00:00,2026-01-01 00:54:55+00:00,714.8755555555556,209,2247.2458333333334,0.8844369039883448
frontier08585,x2508c0s4b0n0,2508,0,4,0,0,2135,32,2024-01-17 03:54:06+00:00,2026-01-01 00:54:55+00:00,714.8755671296296,209,2284.7083333333335,0.8844369150222384
frontier08837,x2510c0s2b0n0,2510,0,2,0,0,2134,32,2024-01-17 03:54:46+00:00,2026-01-01 00:54:55+00:00,714.8751041666667,211,2248.693888888889,0.8858593270624779
frontier00948,x2007c3s1b1n0,2007,3,1,1,0,2134,32,2024-01-17 04:58:24+00:00,2026-01-01 00:54:55+00:00,714.8309143518519,211,2139.3283333333334,0.8858171996571995
frontier00690,x2005c3s0b1n0,2005,3,0,1,0,2134,32,2024-01-17 04:58:24+00:00,2026-01-01 00:54:55+00:00,714.8309143518519,208,2098.9827777777778,0.8834734496571995
frontier03758,x2205c2s6b1n0,2205,2,6,1,0,2134,32,2024-01-17 04:31:35+00:00,2026-01-01 00:54:55+00:00,714.8495370370371,213,2107.2055555555557,0.8873974531917971
frontier00695,x2005c3s3b0n0,2005,3,3,0,0,2133,32,2024-01-17 04:58:24+00:00,2026-01-01 00:54:55+00:00,714.8309143518519,214,2117.826111111111,0.8880212376296088
frontier05019,x2303c1s5b0n0,2303,1,5,0,0,2133,32,2024-01-17 04:09:35+00:00,2026-01-01 00:54:55+00:00,714.8648148148148,209,2235.5891666666666,0.88414730590359
frontier01205,x2009c3s2b0n0,2009,3,2,0,0,2133,32,2024-01-17 04:58:24+00:00,2026-01-01 00:54:55+00:00,714.8309143518519,204,2079.4230555555555,0.8802087376296088
frontier04775,x2301c2s3b0n0,2301,2,3,0,0,2133,32,2024-01-17 03:54:06+00:00,2026-01-01 00:54:55+00:00,714.8755671296296,217,2095.4425,0.8904075563906261
frontier03665,x2204c5s0b0n0,2204,5,0,0,0,2132,32,2024-01-17 04:58:24+00:00,2026-01-01 00:54:55+00:00,714.8309143518519,213,2111.071111111111,0.8871002101171185
frontier10119,x2609c0s3b0n0,2609,0,3,0,0,2132,32,2024-01-17 03:51:22+00:00,2026-01-01 00:54:55+00:00,714.8774652777778,218,2328.5630555555554,0.8910508384366652
frontier05541,x2308c2s2b0n0,2308,2,2,0,0,2132,32,2024-01-17 03:54:07+00:00,2026-01-01 00:54:55+00:00,714.8755555555556,215,2178.0152777777776,0.8887052678442424
frontier01868,x2102c4s5b1n0,2102,4,5,1,0,2132,32,2024-01-17 04:10:12+00:00,2026-01-01 00:54:55+00:00,714.864386574074,210,2114.6847222222223,0.8847883701370411
frontier08718,x2509c0s6b1n0,2509,0,6,1,0,2131,32,2024-01-17 04:14:23+00:00,2026-01-01 00:54:55+00:00,714.8614814814815,207,2239.735,0.8823020075709741
frontier01183,x2009c1s7b0n0,2009,1,7,0,0,2131,32,2024-01-17 04:31:34+00:00,2026-01-01 00:54:55+00:00,714.8495486111111,202,2123.2252777777776,0.8783843816268038
frontier01322,x2010c2s4b1n0,2010,2,4,1,0,2131,32,2024-01-17 04:31:35+00:00,2026-01-01 00:54:55+00:00,714.8495370370371,209,2075.8280555555557,0.8838531205929103
frontier01831,x2102c2s3b0n0,2102,2,3,0,0,2131,32,2024-01-17 04:31:34+00:00,2026-01-01 02:44:51+00:00,714.9258912037037,204,2033.066388888889,0.8800196611881492
frontier02217,x2105c2s4b0n0,2105,2,4,0,0,2131,32,2024-01-17 04:31:35+00:00,2026-01-01 00:54:55+00:00,714.8495370370371,208,2056.380833333333,0.8830718705929103
frontier02855,x2110c2s3b0n0,2110,2,3,0,0,2130,32,2024-01-17 04:31:34+00:00,2026-01-01 00:54:55+00:00,714.8495486111111,207,2096.3641666666667,0.8821507229601803
frontier00947,x2007c3s1b0n0,2007,3,1,0,0,2130,32,2024-01-17 04:31:36+00:00,2026-01-01 00:54:55+00:00,714.849525462963,214,2149.3347222222224,0.8876194508923934
frontier08068,x2504c0s1b1n0,2504,0,1,1,0,2130,33,2024-01-17 04:34:27+00:00,2026-01-01 00:54:55+00:00,714.8475462962963,212,2283.003888888889,0.9110550640966095
frontier00312,x2002c3s3b1n0,2002,3,3,1,0,2130,32,2024-01-17 04:58:24+00:00,2026-01-01 00:54:55+00:00,714.8309143518519,202,2058.891666666667,0.8782267083916894
frontier03618,x2204c2s0b1n0,2204,2,0,1,0,2130,32,2024-01-17 04:31:34+00:00,2026-01-01 00:54:55+00:00,714.8495486111111,219,2132.9088888888887,0.8915257229601803
frontier02894,x2110c4s6b1n0,2110,4,6,1,0,2130,32,2024-01-17 04:58:24+00:00,2026-01-01 00:54:55+00:00,714.8309143518519,217,2064.8275,0.8899454583916894
frontier07209,x2409c2s4b0n0,2409,2,4,0,0,2128,32,2024-01-17 04:31:35+00:00,2026-01-01 00:54:55+00:00,714.8495370370371,207,2166.58,0.8818706975231426
frontier01830,x2102c2s2b1n0,2102,2,2,1,0,2128,32,2024-01-17 04:31:34+00:00,2026-01-01 02:44:51+00:00,714.9258912037037,211,2127.882222222222,0.8850684881183815
frontier06053,x2400c2s2b0n0,2400,2,2,0,0,2128,32,2024-01-17 03:54:07+00:00,2026-01-01 00:54:55+00:00,714.8755555555556,217,2183.7433333333333,0.8897080017156691
frontier05793,x2310c2s0b0n0,2310,2,0,0,0,2127,31,2024-01-17 04:09:35+00:00,2026-01-01 00:54:55+00:00,714.8648148148148,223,2175.615277777778,0.8692451564025672
frontier10118,x2609c0s2b1n0,2609,0,2,1,0,2127,32,2024-01-17 03:54:06+00:00,2026-01-01 00:54:55+00:00,714.8755671296296,214,2304.0002777777777,0.8872241568896033
frontier04543,x2211c3s7b0n0,2211,3,7,0,0,2126,32,2024-01-17 04:31:35+00:00,2026-01-01 00:54:55+00:00,714.8495370370371,216,2145.1580555555556,0.8886216699485283
frontier06575,x2404c2s7b0n0,2404,2,7,0,0,2126,32,2024-01-17 02:10:04+00:00,2026-01-01 00:54:55+00:00,714.9478125,213,2096.1455555555553,0.8863716087380044
frontier03376,x2202c2s7b1n0,2202,2,7,1,0,2126,32,2024-01-17 04:31:35+00:00,2026-01-01 00:54:55+00:00,714.8495370370371,201,2028.7977777777778,0.8769029199485283
frontier08838,x2510c0s2b1n0,2510,0,2,1,0,2126,32,2024-01-17 04:14:23+00:00,2026-01-01 00:54:55+00:00,714.8614814814815,210,2231.512222222222,0.8839455569265922
frontier08454,x2507c0s2b1n0,2507,0,2,1,0,2126,32,2024-01-17 04:06:11+00:00,2026-01-01 00:54:55+00:00,714.867175925926,210,2239.708611111111,0.8839509856021807
frontier01465,x2011c3s4b0n0,2011,3,4,0,0,2125,32,2024-01-17 04:58:24+00:00,2026-01-01 00:54:55+00:00,714.8309143518519,209,2064.9108333333334,0.8829949287826429
frontier05153,x2304c2s0b0n0,2304,2,0,0,0,2125,32,2024-01-17 03:54:06+00:00,2026-01-01 00:54:55+00:00,714.8755671296296,215,2139.2519444444442,0.8877249975436603
frontier06441,x2403c2s4b0n0,2403,2,4,0,0,2125,32,2024-01-17 04:31:34+00:00,2026-01-01 00:54:55+00:00,714.8495486111111,205,2153.5044444444443,0.8798876933511337
frontier08076,x2504c0s5b1n0,2504,0,5,1,0,2125,32,2024-01-17 03:54:06+00:00,2026-01-01 00:54:55+00:00,714.8755671296296,205,2232.9019444444443,0.8799124975436603
frontier08212,x2505c1s1b1n0,2505,1,1,1,0,2124,32,2024-01-17 03:54:06+00:00,2026-01-01 00:54:55+00:00,714.8755671296296,215,2207.653333333333,0.8875846939337148
frontier03628,x2204c2s5b1n0,2204,2,5,1,0,2123,32,2024-01-17 04:31:35+00:00,2026-01-01 00:54:55+00:00,714.8495370370371,210,2106.110833333333,0.88351325905658
frontier00427,x2003c2s5b0n0,2003,2,5,0,0,2123,32,2024-01-17 04:31:35+00:00,2026-01-01 00:54:55+00:00,714.8495370370371,204,2077.4555555555557,0.87882575905658
frontier06185,x2401c2s4b0n0,2401,2,4,0,0,2123,32,2024-01-17 03:54:07+00:00,2026-01-01 00:54:55+00:00,714.8755555555556,214,2114.4475,0.8866630632491064
frontier08719,x2509c0s7b0n0,2509,0,7,0,0,2123,32,2024-01-17 04:14:23+00:00,2026-01-01 00:54:55+00:00,714.8614814814815,210,2285.660277777778,0.8835246460346438
frontier07699,x2501c1s1b0n0,2501,1,1,0,0,2122,32,2024-01-17 04:34:27+00:00,2026-01-01 00:54:55+00:00,714.8475462962963,209,2176.991111111111,0.8825896754732179
frontier03621,x2204c2s2b0n0,2204,2,2,0,0,2122,32,2024-01-17 04:31:34+00:00,2026-01-01 00:54:55+00:00,714.8495486111111,208,2133.9258333333332,0.8818103343367887
frontier01586,x2100c3s0b1n0,2100,3,0,1,0,2122,32,2024-01-17 04:58:24+00:00,2026-01-01 00:54:55+00:00,714.8309143518519,210,2104.2816666666668,0.8833550697682979
frontier08067,x2504c0s1b0n0,2504,0,1,0,0,2121,32,2024-01-17 04:34:27+00:00,2026-01-01 00:54:55+00:00,714.8475462962963,212,2368.7505555555554,0.8847929235542759
frontier00820,x2006c3s1b1n0,2006,3,1,1,0,2121,32,2024-01-17 04:58:24+00:00,2026-01-01 00:54:55+00:00,714.8309143518519,218,2144.8875,0.8894645678493557
frontier00032,x2000c1s7b1n0,2000,1,7,1,0,2121,32,2024-01-17 04:31:34+00:00,2026-01-01 00:54:55+00:00,714.8495486111111,205,2162.061111111111,0.8793260824178466
frontier06442,x2403c2s4b1n0,2403,2,4,1,0,2121,32,2024-01-17 04:09:37+00:00,2026-01-01 00:54:55+00:00,714.8647916666666,215,2166.8786111111112,0.88715311405555
frontier04529,x2211c3s0b0n0,2211,3,0,0,0,2120,32,2024-01-17 04:31:34+00:00,2026-01-01 00:54:55+00:00,714.8495486111111,212,2128.842222222222,0.8846542642712711
frontier02351,x2106c2s7b0n0,2106,2,7,0,0,2120,32,2024-01-17 04:31:36+00:00,2026-01-01 00:54:55+00:00,714.849525462963,206,2126.381388888889,0.8799667422034843
frontier08070,x2504c0s2b1n0,2504,0,2,1,0,2120,33,2024-01-17 04:14:23+00:00,2026-01-01 00:54:55+00:00,714.8614814814815,211,2254.1516666666666,0.9088843902154414
frontier00818,x2006c3s0b1n0,2006,3,0,1,0,2120,32,2024-01-17 04:58:24+00:00,2026-01-01 00:54:55+00:00,714.8309143518519,211,2156.9319444444445,0.8838552497027803
frontier04382,x2210c1s6b1n0,2210,1,6,1,0,2120,32,2024-01-17 04:09:35+00:00,2026-01-01 00:54:55+00:00,714.8648148148148,214,2258.4025,0.8862313179767616
frontier01824,x2102c1s7b1n0,2102,1,7,1,0,2119,32,2024-01-17 03:54:07+00:00,2026-01-01 00:54:55+00:00,714.8755555555556,211,2142.9919444444445,0.8837571729932313
frontier01197,x2009c2s6b0n0,2009,2,6,0,0,2119,32,2024-01-17 04:31:36+00:00,2026-01-01 00:54:55+00:00,714.849525462963,207,2124.8405555555555,0.8806073577668115
frontier06302,x2402c1s6b1n0,2402,1,6,1,0,2119,33,2024-01-17 04:09:35+00:00,2026-01-01 00:54:55+00:00,714.8648148148148,217,2188.199722222222,0.9134344335400888
frontier04421,x2210c4s2b0n0,2210,4,2,0,0,2119,32,2024-01-17 04:09:37+00:00,2026-01-01 00:54:55+00:00,714.8647916666666,213,2090.746111111111,0.8853094114723018
frontier08582,x2508c0s2b1n0,2508,0,2,1,0,2118,32,2024-01-17 04:06:11+00:00,2026-01-01 00:54:55+00:00,714.867175925926,208,2275.0486111111113,0.8812647336650342
frontier04018,x2207c3s0b1n0,2207,3,0,1,0,2117,32,2024-01-17 04:31:34+00:00,2026-01-01 00:54:55+00:00,714.8495486111111,207,2104.927777777778,0.8803259118406611
frontier07951,x2503c0s7b0n0,2503,0,7,0,0,2117,33,2024-01-17 03:54:06+00:00,2026-01-01 00:54:55+00:00,714.8755671296296,204,2192.364722222222,0.9030069660331874
frontier04797,x2301c3s6b0n0,2301,3,6,0,0,2117,32,2024-01-17 04:31:34+00:00,2026-01-01 00:54:55+00:00,714.8495486111111,213,2145.465277777778,0.8850134118406611
frontier00821,x2006c3s2b0n0,2006,3,2,0,0,2117,32,2024-01-17 04:58:24+00:00,2026-01-01 00:54:55+00:00,714.8309143518519,210,2085.648888888889,0.8826518972721702
frontier08335,x2506c0s7b0n0,2506,0,7,0,0,2117,32,2024-01-17 04:06:11+00:00,2026-01-01 00:54:55+00:00,714.867175925926,202,2211.1758333333332,0.87643646646042
frontier05050,x2303c3s4b1n0,2303,3,4,1,0,2117,32,2024-01-17 04:09:38+00:00,2026-01-01 00:54:55+00:00,714.8647800925926,208,2120.632777777778,0.881121682444471
frontier01209,x2009c3s4b0n0,2009,3,4,0,0,2117,32,2024-01-17 04:58:24+00:00,2026-01-01 00:54:55+00:00,714.8309143518519,213,2095.7991666666667,0.8849956472721702
frontier07704,x2501c1s3b1n0,2501,1,3,1,0,2116,32,2024-01-17 04:10:12+00:00,2026-01-01 00:54:55+00:00,714.864386574074,209,2225.1994444444445,0.8817617236094575
frontier01447,x2011c2s3b0n0,2011,2,3,0,0,2116,32,2024-01-17 04:31:35+00:00,2026-01-01 04:35:54+00:00,715.0029976851852,203,2079.94,0.8772063655176855
frontier01590,x2100c3s2b1n0,2100,3,2,1,0,2115,32,2024-01-17 04:58:24+00:00,2026-01-01 00:54:55+00:00,714.8309143518519,210,2103.2680555555557,0.8823701633660592
frontier04260,x2209c2s1b1n0,2209,2,1,1,0,2115,32,2024-01-17 03:54:07+00:00,2026-01-01 00:54:55+00:00,714.8755555555556,208,2110.1047222222223,0.8808502210931831
frontier04771,x2301c2s1b0n0,2301,2,1,0,0,2114,32,2024-01-17 03:54:06+00:00,2026-01-01 00:54:55+00:00,714.8755671296296,213,2073.162222222222,0.884615515299853
frontier04655,x2300c2s7b0n0,2300,2,7,0,0,2114,32,2024-01-17 03:54:07+00:00,2026-01-01 00:54:55+00:00,714.8755555555556,218,2184.643888888889,0.8885217542659596
frontier00429,x2003c2s6b0n0,2003,2,6,0,0,2114,32,2024-01-17 04:31:35+00:00,2026-01-01 00:54:55+00:00,714.8495370370371,201,2041.5233333333333,0.8752157000734331
frontier04385,x2210c2s0b0n0,2210,2,0,0,0,2114,32,2024-01-17 03:54:06+00:00,2026-01-01 00:54:55+00:00,714.8755671296296,209,2148.581388888889,0.8814905152998531
frontier00058,x2000c3s4b1n0,2000,3,4,1,0,2114,32,2024-01-17 04:58:24+00:00,2026-01-01 00:54:55+00:00,714.8309143518519,204,2006.2716666666668,0.8775416965388358
frontier08465,x2507c1s0b0n0,2507,1,0,0,0,2113,32,2024-01-17 04:06:11+00:00,2026-01-01 00:54:55+00:00,714.867175925926,207,2231.0416666666665,0.8797789822331171
frontier05049,x2303c3s4b0n0,2303,3,4,0,0,2112,33,2024-01-17 04:09:38+00:00,2026-01-01 00:54:55+00:00,714.8647800925926,209,2087.785277777778,0.9061980979933679
frontier08089,x2504c1s4b0n0,2504,1,4,0,0,2112,32,2024-01-17 04:14:23+00:00,2026-01-01 00:54:55+00:00,714.8614814814815,207,2197.6744444444444,0.8796324533337283
frontier08457,x2507c0s4b0n0,2507,0,4,0,0,2112,32,2024-01-17 03:54:06+00:00,2026-01-01 00:54:55+00:00,714.8755671296296,206,2266.6155555555556,0.8788646315820844
frontier08198,x2505c0s2b1n0,2505,0,2,1,0,2111,33,2024-01-17 03:54:06+00:00,2026-01-01 00:54:55+00:00,714.8755671296296,203,2259.067777777778,0.9013797145652765
frontier00944,x2007c2s7b1n0,2007,2,7,1,0,2110,32,2024-01-17 04:31:36+00:00,2026-01-01 00:54:55+00:00,714.849525462963,212,2187.0872222222224,0.8832449044318813
frontier04540,x2211c3s5b1n0,2211,3,5,1,0,2110,32,2024-01-17 04:31:35+00:00,2025-12-31 08:26:06+00:00,714.1628587962963,210,2120.089722222222,0.881027785599938
frontier06322,x2402c3s0b1n0,2402,3,0,1,0,2110,32,2024-01-17 04:31:35+00:00,2026-01-01 00:54:55+00:00,714.8495370370371,213,2124.9469444444444,0.8840261654657747
frontier00981,x2007c5s2b0n0,2007,5,2,0,0,2110,33,2024-01-17 04:58:24+00:00,2026-01-01 00:54:55+00:00,714.8309143518519,217,2070.1058333333335,0.9121334119311774
frontier01823,x2102c1s7b0n0,2102,1,7,0,0,2109,32,2024-01-17 04:29:09+00:00,2026-01-01 00:54:55+00:00,714.8512268518518,212,2150.05,0.8831052256215105
frontier04182,x2208c5s2b1n0,2208,5,2,1,0,2109,32,2024-01-17 04:58:24+00:00,2026-01-01 00:54:55+00:00,714.8309143518519,203,1979.3136111111112,0.876054611138466
frontier01056,x2008c1s7b1n0,2008,1,7,1,0,2109,32,2024-01-17 04:31:34+00:00,2026-01-01 00:54:55+00:00,714.8495486111111,210,2121.806111111111,0.881541125706957
frontier00567,x2004c3s3b0n0,2004,3,3,0,0,2108,33,2024-01-17 04:58:24+00:00,2026-01-01 00:54:55+00:00,714.8309143518519,212,2118.4830555555554,0.907944493362679
frontier00822,x2006c3s2b1n0,2006,3,2,1,0,2108,32,2024-01-17 04:58:24+00:00,2026-01-01 00:54:55+00:00,714.8309143518519,208,2078.5402777777776,0.879819493362679
frontier00825,x2006c3s4b0n0,2006,3,4,0,0,2108,33,2024-01-17 04:58:24+00:00,2026-01-01 00:54:55+00:00,714.8309143518519,210,2102.987222222222,0.906381993362679
frontier04261,x2209c2s2b0n0,2209,2,2,0,0,2107,32,2024-01-17 04:10:12+00:00,2026-01-01 00:54:55+00:00,714.864386574074,217,2182.7069444444446,0.8867412185602029
frontier05033,x2303c2s4b0n0,2303,2,4,0,0,2107,32,2024-01-17 03:54:07+00:00,2026-01-01 00:54:55+00:00,714.8755555555556,201,2049.650833333333,0.874251866267404
frontier01338,x2010c3s4b1n0,2010,3,4,1,0,2107,32,2024-01-17 04:58:24+00:00,2026-01-01 00:54:55+00:00,714.8309143518519,201,2009.6255555555556,0.8742093085402802
frontier00311,x2002c3s3b0n0,2002,3,3,0,0,2107,32,2024-01-17 04:58:24+00:00,2026-01-01 00:54:55+00:00,714.8309143518519,210,2079.3772222222224,0.8812405585402803
frontier01720,x2101c3s3b1n0,2101,3,3,1,0,2107,32,2024-01-17 04:58:24+00:00,2026-01-01 00:54:55+00:00,714.8309143518519,198,2018.2591666666667,0.8718655585402802
frontier01333,x2010c3s2b0n0,2010,3,2,0,0,2106,32,2024-01-17 04:58:24+00:00,2026-01-01 00:54:55+00:00,714.8309143518519,207,2091.758611111111,0.8787553066076427
frontier02604,x2108c2s5b1n0,2108,2,5,1,0,2106,32,2024-01-17 04:31:35+00:00,2026-01-01 00:54:55+00:00,714.8495370370371,198,2076.2308333333335,0.8717418101422402
frontier04675,x2300c4s1b0n0,2300,4,1,0,0,2106,33,2024-01-17 04:31:35+00:00,2026-01-01 00:54:55+00:00,714.8495370370371,218,2063.6275,0.9123668101422402
frontier08213,x2505c1s2b0n0,2505,1,2,0,0,2106,32,2024-01-17 03:54:07+00:00,2026-01-01 00:54:55+00:00,714.8755555555556,210,2216.8866666666668,0.8811416143347666
frontier08197,x2505c0s2b0n0,2505,0,2,0,0,2106,33,2024-01-17 03:54:46+00:00,2026-01-01 00:54:55+00:00,714.8751041666667,207,2287.458888888889,0.9037974340129211
frontier02603,x2108c2s5b0n0,2108,2,5,0,0,2105,32,2024-01-17 04:31:35+00:00,2026-01-01 00:54:55+00:00,714.8495370370371,207,2154.2105555555554,0.878631491035647
frontier03749,x2205c2s2b0n0,2205,2,2,0,0,2105,32,2024-01-17 04:31:34+00:00,2026-01-01 00:54:55+00:00,714.8495486111111,207,2058.003888888889,0.8786315020695404
frontier00568,x2004c3s3b1n0,2004,3,3,1,0,2105,32,2024-01-17 04:58:24+00:00,2026-01-01 00:54:55+00:00,714.8309143518519,212,2064.856388888889,0.8825199875010495
frontier04256,x2209c1s7b1n0,2209,1,7,1,0,2105,32,2024-01-17 03:54:07+00:00,2026-01-01 00:54:55+00:00,714.8755555555556,211,2129.5602777777776,0.8817812952281734
frontier08339,x2506c1s1b0n0,2506,1,1,0,0,2105,32,2024-01-17 04:06:11+00:00,2026-01-01 00:54:55+00:00,714.867175925926,206,2231.907777777778,0.8778670566892992
frontier07081,x2408c2s4b0n0,2408,2,4,0,0,2105,32,2024-01-17 04:31:34+00:00,2026-01-01 00:54:55+00:00,714.8495486111111,210,2125.4425,0.8809752520695404
frontier05540,x2308c2s1b1n0,2308,2,1,1,0,2105,32,2024-01-17 03:54:07+00:00,2026-01-01 00:54:55+00:00,714.8755555555556,217,2135.6252777777777,0.8864687952281735
frontier01203,x2009c3s1b0n0,2009,3,1,0,0,2105,32,2024-01-17 04:58:24+00:00,2026-01-01 00:54:55+00:00,714.8309143518519,212,2130.557222222222,0.8825199875010495
frontier04781,x2301c2s6b0n0,2301,2,6,0,0,2105,32,2024-01-17 03:54:06+00:00,2026-01-01 00:54:55+00:00,714.8755671296296,206,2053.3580555555554,0.8778750562620667
frontier08450,x2507c0s0b1n0,2507,0,0,1,0,2104,33,2024-01-17 04:34:27+00:00,2026-01-01 00:54:55+00:00,714.8475462962963,203,2342.3058333333333,0.9003629568616124
frontier06445,x2403c2s6b0n0,2403,2,6,0,0,2104,33,2024-01-17 04:09:37+00:00,2026-01-01 00:54:55+00:00,714.8647916666666,214,2153.048333333333,0.9089731473628866
frontier05942,x2311c3s2b1n0,2311,3,2,1,0,2104,32,2024-01-17 03:54:07+00:00,2026-01-01 00:54:55+00:00,714.8755555555556,212,2137.762777777778,0.8824209088838162
frontier08327,x2506c0s3b0n0,2506,0,3,0,0,2104,32,2024-01-17 03:54:06+00:00,2026-01-01 00:54:55+00:00,714.8755671296296,207,2274.3386111111113,0.8785146699177097
frontier03150,x2200c4s6b1n0,2200,4,6,1,0,2104,32,2024-01-17 04:29:09+00:00,2026-01-01 00:54:55+00:00,714.8512268518518,214,2100.1283333333336,0.8839602156397366
frontier01339,x2010c3s5b0n0,2010,3,5,0,0,2104,32,2024-01-17 04:58:24+00:00,2026-01-01 00:54:55+00:00,714.8309143518519,210,2061.757222222222,0.8808158511566924
frontier04773,x2301c2s2b0n0,2301,2,2,0,0,2103,32,2024-01-17 03:54:06+00:00,2026-01-01 00:54:55+00:00,714.8755671296296,212,2141.9225,0.8822792162716898
frontier04388,x2210c2s1b1n0,2210,2,1,1,0,2103,32,2024-01-17 03:54:06+00:00,2026-01-01 00:54:55+00:00,714.8755671296296,205,2150.1769444444444,0.8768104662716898
frontier01337,x2010c3s4b0n0,2010,3,4,0,0,2103,32,2024-01-17 04:58:24+00:00,2026-01-01 00:54:55+00:00,714.8309143518519,207,2112.683611111111,0.8783303975106725
frontier07822,x2502c0s6b1n0,2502,0,6,1,0,2103,33,2024-01-17 03:54:06+00:00,2026-01-01 00:54:55+00:00,714.8755671296296,205,2265.8094444444446,0.9018104662716898
frontier04676,x2300c4s1b1n0,2300,4,1,1,0,2103,32,2024-01-17 04:09:38+00:00,2026-01-01 00:54:55+00:00,714.8647800925926,216,2089.9319444444445,0.8853939326829732
frontier04638,x2300c1s6b1n0,2300,1,6,1,0,2102,32,2024-01-17 04:09:37+00:00,2026-01-01 00:54:55+00:00,714.8647916666666,209,2147.173888888889,0.8797834227051935
frontier07326,x2410c1s6b1n0,2410,1,6,1,0,2102,32,2024-01-17 03:54:07+00:00,2026-01-01 00:54:55+00:00,714.8755555555556,213,2183.1575,0.882918684226123
frontier01713,x2101c3s0b0n0,2101,3,0,0,0,2102,32,2024-01-17 04:31:36+00:00,2026-01-01 00:54:55+00:00,714.849525462963,212,2111.4058333333332,0.8821126189997032
frontier00083,x2000c5s1b0n0,2000,5,1,0,0,2102,32,2024-01-17 04:34:27+00:00,2026-01-01 00:54:55+00:00,714.8475462962963,212,2069.3019444444444,0.8821107322039192
frontier08976,x2511c0s7b1n0,2511,0,7,1,0,2101,32,2024-01-17 04:06:11+00:00,2026-01-01 00:54:55+00:00,714.867175925926,215,2318.682222222222,0.884331357245841
frontier06446,x2403c2s6b1n0,2403,2,6,1,0,2101,32,2024-01-17 04:31:35+00:00,2026-01-01 00:54:55+00:00,714.8495370370371,215,2151.768888888889,0.8843145415921887
frontier01719,x2101c3s3b0n0,2101,3,3,0,0,2101,32,2024-01-17 04:58:24+00:00,2026-01-01 00:54:55+00:00,714.8309143518519,205,2035.7841666666666,0.8764842880575914
frontier05152,x2304c1s7b1n0,2304,1,7,1,0,2101,32,2024-01-17 03:54:06+00:00,2026-01-01 00:54:55+00:00,714.8755671296296,209,2176.150277777778,0.8796518568186087
frontier00716,x2005c4s5b1n0,2005,4,5,1,0,2101,32,2024-01-17 04:58:24+00:00,2026-01-01 00:54:55+00:00,714.8309143518519,206,2118.4744444444445,0.8772655380575913
frontier08074,x2504c0s4b1n0,2504,0,4,1,0,2101,32,2024-01-17 03:54:06+00:00,2026-01-01 00:54:55+00:00,714.8755671296296,212,2262.665,0.8819956068186087
frontier08205,x2505c0s6b0n0,2505,0,6,0,0,2101,33,2024-01-17 03:54:06+00:00,2026-01-01 00:54:55+00:00,714.8755671296296,208,2226.6441666666665,0.9038706068186086
frontier00943,x2007c2s7b0n0,2007,2,7,0,0,2100,32,2024-01-17 04:31:35+00:00,2026-01-01 00:54:55+00:00,714.8495370370371,208,2158.5325,0.8787038856568733
frontier03233,x2201c2s0b0n0,2201,2,0,0,0,2100,32,2024-01-17 03:54:07+00:00,2026-01-01 00:54:55+00:00,714.8755555555556,212,2180.243611111111,0.8818536898493997
frontier08578,x2508c0s0b1n0,2508,0,0,1,0,2100,33,2024-01-17 04:34:27+00:00,2026-01-01 00:54:55+00:00,714.8475462962963,208,2382.3830555555555,0.9037019878271959
frontier06050,x2400c2s0b1n0,2400,2,0,1,0,2100,32,2024-01-17 03:54:07+00:00,2026-01-01 00:54:55+00:00,714.8755555555556,218,2189.0741666666668,0.8865411898493997
frontier01591,x2100c3s3b0n0,2100,3,3,0,0,2100,32,2024-01-17 04:58:24+00:00,2026-01-01 00:54:55+00:00,714.8309143518519,208,2060.6294444444443,0.8786861321222759
frontier03503,x2203c2s7b0n0,2203,2,7,0,0,2099,32,2024-01-17 04:31:36+00:00,2026-01-01 00:54:55+00:00,714.849525462963,210,2176.8658333333333,0.8801244011294922
frontier01463,x2011c3s3b0n0,2011,3,3,0,0,2099,32,2024-01-17 04:58:24+00:00,2026-01-01 00:54:55+00:00,714.8309143518519,208,2082.7727777777777,0.8785441586287882
frontier03494,x2203c2s2b1n0,2203,2,2,1,0,2099,32,2024-01-17 04:31:34+00:00,2026-01-01 00:54:55+00:00,714.8495486111111,206,2121.4680555555556,0.8769994231972791
frontier00308,x2002c3s1b1n0,2002,3,1,1,0,2099,32,2024-01-17 04:58:24+00:00,2026-01-01 00:54:55+00:00,714.8309143518519,214,2110.4525,0.8832316586287883
frontier05666,x2309c2s0b1n0,2309,2,0,1,0,2098,32,2024-01-17 04:09:35+00:00,2026-01-01 00:54:55+00:00,714.8648148148148,216,2129.722222222222,0.8846844357867533
frontier04262,x2209c2s2b1n0,2209,2,2,1,0,2098,32,2024-01-17 03:54:07+00:00,2026-01-01 00:54:55+00:00,714.8755555555556,211,2153.3825,0.8807884252398959
frontier01848,x2102c3s3b1n0,2102,3,3,1,0,2098,32,2024-01-17 04:58:24+00:00,2026-01-01 00:54:55+00:00,714.8309143518519,214,2128.3122222222223,0.883089617512772
frontier04679,x2300c4s3b0n0,2300,4,3,0,0,2097,33,2024-01-17 04:31:35+00:00,2026-01-01 00:54:55+00:00,714.8495370370371,209,2084.3747222222223,0.9040590122443761
frontier06581,x2404c3s2b0n0,2404,3,2,0,0,2097,32,2024-01-17 04:31:35+00:00,2026-01-01 00:54:55+00:00,714.8495370370371,213,2102.0911111111113,0.8821840122443761
frontier04901,x2302c2s2b0n0,2302,2,2,0,0,2097,32,2024-01-17 04:09:37+00:00,2026-01-01 00:54:55+00:00,714.8647916666666,214,2088.631388888889,0.8829798049159732
frontier00265,x2002c0s4b0n0,2002,0,4,0,0,2097,32,2024-01-17 03:54:06+00:00,2026-01-01 00:54:55+00:00,714.8755671296296,201,2161.887777777778,0.8728338274707961
frontier01714,x2101c3s0b1n0,2101,3,0,1,0,2096,32,2024-01-17 04:31:36+00:00,2026-01-01 04:03:14+00:00,714.9803009259259,210,2079.4622222222224,0.8798227466183188
frontier08962,x2511c0s0b1n0,2511,0,0,1,0,2096,32,2024-01-17 04:34:27+00:00,2026-01-01 00:54:55+00:00,714.8475462962963,205,2341.4758333333334,0.8757899378601879
frontier04293,x2209c4s2b0n0,2209,4,2,0,0,2096,32,2024-01-17 04:58:24+00:00,2026-01-01 00:54:55+00:00,714.8309143518519,210,2085.771111111111,0.8796803321552678
frontier08708,x2509c0s1b1n0,2509,0,1,1,0,2096,32,2024-01-17 04:34:27+00:00,2026-01-01 00:54:55+00:00,714.8475462962963,208,2244.717222222222,0.8781336878601879
frontier04519,x2211c2s3b0n0,2211,2,3,0,0,2096,32,2024-01-17 03:54:07+00:00,2026-01-01 00:54:55+00:00,714.8755555555556,209,2088.505833333333,0.8789416398823917
frontier04532,x2211c3s1b1n0,2211,3,1,1,0,2096,32,2024-01-17 04:09:37+00:00,2026-01-01 00:54:55+00:00,714.8647916666666,209,2056.0516666666667,0.8789313783614621
frontier02254,x2105c4s6b1n0,2105,4,6,1,0,2096,32,2024-01-17 04:58:24+00:00,2026-01-01 00:54:55+00:00,714.8309143518519,212,2042.0608333333332,0.8812428321552678
frontier01492,x2011c5s1b1n0,2011,5,1,1,0,2095,32,2024-01-17 04:58:24+00:00,2026-01-01 00:54:55+00:00,714.8309143518519,208,2026.1752777777779,0.8779755877846062
frontier08963,x2511c0s1b0n0,2511,0,1,0,0,2095,32,2024-01-17 04:34:27+00:00,2026-01-01 00:54:55+00:00,714.8475462962963,205,2297.410277777778,0.8756476934895262
frontier07696,x2501c0s7b1n0,2501,0,7,1,0,2094,32,2024-01-17 04:34:27+00:00,2026-01-01 00:54:55+00:00,714.8475462962963,211,2288.7297222222223,0.8801928812379882
frontier08581,x2508c0s2b0n0,2508,0,2,0,0,2093,32,2024-01-17 03:54:46+00:00,2026-01-01 00:54:55+00:00,714.8751041666667,211,2300.2855555555557,0.8800767727411144
frontier08847,x2510c0s7b0n0,2510,0,7,0,0,2093,32,2024-01-17 04:29:09+00:00,2026-01-01 00:54:55+00:00,714.8512268518518,213,2287.8063888888887,0.8816165098188803
frontier04798,x2301c3s6b1n0,2301,3,6,1,0,2093,32,2024-01-17 04:31:35+00:00,2026-01-01 00:54:55+00:00,714.8495370370371,209,2067.456111111111,0.8784898988704335
frontier07708,x2501c1s5b1n0,2501,1,5,1,0,2092,32,2024-01-17 02:10:04+00:00,2026-01-01 00:54:55+00:00,714.9478125,212,2231.7877777777776,0.8807848894520715
frontier04514,x2211c2s0b1n0,2211,2,0,1,0,2092,32,2024-01-17 04:09:35+00:00,2026-01-01 00:54:55+00:00,714.8648148148148,210,2197.8922222222222,0.8791432654019793
frontier05150,x2304c1s6b1n0,2304,1,6,1,0,2092,32,2024-01-17 03:54:06+00:00,2026-01-01 00:54:55+00:00,714.8755671296296,209,2231.887777777778,0.8783722658890154
frontier00437,x2003c3s2b0n0,2003,3,2,0,0,2091,32,2024-01-17 04:58:24+00:00,2026-01-01 00:54:55+00:00,714.8309143518519,209,2068.508888888889,0.8781871808445507
frontier08323,x2506c0s1b0n0,2506,0,1,0,0,2091,32,2024-01-17 04:34:27+00:00,2026-01-01 00:54:55+00:00,714.8475462962963,205,2283.2925,0.8750780365494707
frontier01080,x2008c3s3b1n0,2008,3,3,1,0,2091,32,2024-01-17 04:58:24+00:00,2026-01-01 00:54:55+00:00,714.8309143518519,203,2079.696388888889,0.8734996808445507
frontier01461,x2011c3s2b0n0,2011,3,2,0,0,2091,32,2024-01-17 04:58:24+00:00,2026-01-01 00:54:55+00:00,714.8309143518519,207,2088.3958333333335,0.8766246808445507
frontier07818,x2502c0s4b1n0,2502,0,4,1,0,2091,32,2024-01-17 03:54:06+00:00,2026-01-01 00:54:55+00:00,714.8755671296296,206,2274.0875,0.8758859996055679
frontier03670,x2204c5s2b1n0,2204,5,2,1,0,2090,32,2024-01-17 04:14:23+00:00,2026-01-01 00:54:55+00:00,714.8614814814815,209,2097.7463888888888,0.8780737369330573
frontier02633,x2108c4s4b0n0,2108,4,4,0,0,2090,32,2024-01-17 04:58:24+00:00,2026-01-01 00:54:55+00:00,714.8309143518519,208,2052.473611111111,0.877263346420396
frontier03672,x2204c5s3b1n0,2204,5,3,1,0,2089,33,2024-01-17 04:34:27+00:00,2026-01-01 00:54:55+00:00,714.8475462962963,206,2061.929722222222,0.9005740494952638
frontier04778,x2301c2s4b1n0,2301,2,4,1,0,2089,32,2024-01-17 04:09:37+00:00,2026-01-01 00:54:55+00:00,714.8647916666666,207,2086.089722222222,0.876371739996538
frontier06210,x2401c4s0b1n0,2401,4,0,1,0,2089,32,2024-01-17 04:58:24+00:00,2026-01-01 00:54:55+00:00,714.8309143518519,215,2126.7808333333332,0.8825894437903437
frontier06224,x2401c4s7b1n0,2401,4,7,1,0,2088,32,2024-01-17 04:58:24+00:00,2026-01-01 00:54:55+00:00,714.8309143518519,211,2090.6227777777776,0.8793217228891088
frontier05151,x2304c1s7b0n0,2304,1,7,0,0,2088,32,2024-01-17 04:09:35+00:00,2026-01-01 00:54:55+00:00,714.8648148148148,211,2154.9866666666667,0.87935404116309
frontier08712,x2509c0s3b1n0,2509,0,3,1,0,2088,32,2024-01-17 03:54:06+00:00,2026-01-01 00:54:55+00:00,714.8755671296296,214,2288.7833333333333,0.8817080416501262
frontier00824,x2006c3s3b1n0,2006,3,3,1,0,2088,32,2024-01-17 04:58:24+00:00,2026-01-01 00:54:55+00:00,714.8309143518519,205,2056.7941666666666,0.8746342228891089
frontier07728,x2501c2s7b1n0,2501,2,7,1,0,2088,32,2024-01-17 03:54:07+00:00,2026-01-01 00:54:55+00:00,714.8755555555556,213,2173.886388888889,0.8809267806162326
frontier07819,x2502c0s5b0n0,2502,0,5,0,0,2087,32,2024-01-17 03:54:06+00:00,2026-01-01 00:54:55+00:00,714.8755671296296,210,2278.4275,0.8784402524123307
frontier04652,x2300c2s5b1n0,2300,2,5,1,0,2086,32,2024-01-17 03:54:07+00:00,2026-01-01 00:54:55+00:00,714.8755555555556,209,2177.65,0.8775161337386093
frontier01865,x2102c4s4b0n0,2102,4,4,0,0,2086,32,2024-01-17 04:29:09+00:00,2026-01-01 00:54:55+00:00,714.8512268518518,209,2032.1383333333333,0.8774929404945297
frontier03750,x2205c2s2b1n0,2205,2,2,1,0,2086,32,2024-01-17 04:31:34+00:00,2026-01-01 04:03:14+00:00,714.980324074074,206,2042.6533333333334,0.8752722625423233
frontier08328,x2506c0s3b1n0,2506,0,3,1,0,2086,32,2024-01-17 03:54:06+00:00,2026-01-01 00:54:55+00:00,714.8755671296296,208,2247.6427777777776,0.8767348947725028
frontier01366,x2010c5s2b1n0,2010,5,2,1,0,2086,32,2024-01-17 04:34:27+00:00,2026-01-01 00:54:55+00:00,714.8475462962963,200,1952.3241666666668,0.8704581817164054
frontier00175,x2001c2s7b0n0,2001,2,7,0,0,2086,32,2024-01-17 04:31:36+00:00,2026-01-01 00:54:55+00:00,714.849525462963,203,2098.3944444444446,0.8728038185121894
frontier04646,x2300c2s2b1n0,2300,2,2,1,0,2085,32,2024-01-17 03:54:06+00:00,2026-01-01 00:54:55+00:00,714.8755671296296,208,2166.364722222222,0.8765919686650758
frontier04515,x2211c2s1b0n0,2211,2,1,0,0,2085,32,2024-01-17 04:09:35+00:00,2026-01-01 00:54:55+00:00,714.8648148148148,208,2121.411111111111,0.8765817181780398
frontier04792,x2301c3s3b1n0,2301,3,3,1,0,2085,32,2024-01-17 04:09:38+00:00,2026-01-01 00:54:55+00:00,714.8647800925926,210,2085.0025,0.8781441850763594
frontier04259,x2209c2s1b0n0,2209,2,1,0,0,2084,32,2024-01-17 04:10:12+00:00,2026-01-01 00:54:55+00:00,714.864386574074,211,2188.614722222222,0.8787820652832945
frontier04383,x2210c1s7b0n0,2210,1,7,0,0,2084,32,2024-01-17 03:54:06+00:00,2026-01-01 00:54:55+00:00,714.8755671296296,211,2145.8869444444445,0.8787927240243891
frontier08209,x2505c1s0b0n0,2505,1,0,0,0,2083,32,2024-01-17 03:54:06+00:00,2026-01-01 00:54:55+00:00,714.8755671296296,206,2185.7816666666668,0.8747434107846878
frontier04801,x2301c4s0b0n0,2301,4,0,0,0,2083,33,2024-01-17 04:09:38+00:00,2026-01-01 00:54:55+00:00,714.8647800925926,212,2088.1705555555554,0.9044206271959714
frontier08075,x2504c0s5b0n0,2504,0,5,0,0,2083,32,2024-01-17 03:54:06+00:00,2026-01-01 00:54:55+00:00,714.8755671296296,206,2257.211111111111,0.8747434107846878
frontier01071,x2008c2s7b0n0,2008,2,7,0,0,2082,32,2024-01-17 04:31:36+00:00,2026-01-01 00:54:55+00:00,714.849525462963,207,2121.0588888888888,0.8753567026198085
frontier08366,x2506c2s6b1n0,2506,2,6,1,0,2082,32,2024-01-17 04:29:09+00:00,2026-01-01 00:54:55+00:00,714.8512268518518,209,2139.6966666666667,0.8769208246021487
frontier04793,x2301c3s4b0n0,2301,3,4,0,0,2082,32,2024-01-17 04:31:34+00:00,2026-01-01 00:54:55+00:00,714.8495486111111,205,2086.2733333333335,0.8737942246875953
frontier07220,x2409c3s1b1n0,2409,3,1,1,0,2081,32,2024-01-17 04:58:24+00:00,2026-01-01 00:54:55+00:00,714.8309143518519,214,2162.0091666666667,0.8806645094837295
frontier05023,x2303c1s7b0n0,2303,1,7,0,0,2080,32,2024-01-17 03:54:06+00:00,2026-01-01 00:54:55+00:00,714.8755671296296,205,2113.991666666667,0.8735325588125229
frontier04048,x2207c4s7b1n0,2207,4,7,1,0,2080,32,2024-01-17 04:31:36+00:00,2026-01-01 00:54:55+00:00,714.849525462963,208,2088.995,0.8758514825522096
frontier10120,x2609c0s3b1n0,2609,0,3,1,0,2079,32,2024-01-17 03:51:22+00:00,2026-01-01 00:54:55+00:00,714.8774652777778,209,2300.3030555555556,0.876516030075845
frontier05575,x2308c4s3b0n0,2308,4,3,0,0,2079,32,2024-01-17 04:58:24+00:00,2026-01-01 00:54:55+00:00,714.8309143518519,211,2063.3386111111113,0.8780341517562981
frontier04174,x2208c4s6b1n0,2208,4,6,1,0,2079,32,2024-01-17 04:31:36+00:00,2026-01-01 00:54:55+00:00,714.849525462963,208,2064.7669444444446,0.875708144257002
frontier06437,x2403c2s2b0n0,2403,2,2,0,0,2079,32,2024-01-17 03:54:07+00:00,2026-01-01 00:54:55+00:00,714.8755555555556,209,2175.4183333333335,0.876514209483422
frontier08220,x2505c1s5b1n0,2505,1,5,1,0,2079,32,2024-01-17 04:14:23+00:00,2026-01-01 00:54:55+00:00,714.8614814814815,205,2171.3611111111113,0.8733757922689593
frontier04549,x2211c4s2b0n0,2211,4,2,0,0,2079,32,2024-01-17 04:09:38+00:00,2026-01-01 00:54:55+00:00,714.8647800925926,209,2101.7244444444445,0.876503936928599
frontier03671,x2204c5s3b0n0,2204,5,3,0,0,2078,32,2024-01-17 04:10:12+00:00,2026-01-01 00:54:55+00:00,714.864386574074,215,2118.3713888888888,0.8810476545517991
frontier04776,x2301c2s3b1n0,2301,2,3,1,0,2078,32,2024-01-17 04:09:37+00:00,2026-01-01 00:54:55+00:00,714.8647916666666,213,2137.1244444444446,0.8794855407380707
frontier08713,x2509c0s4b0n0,2509,0,4,0,0,2078,32,2024-01-17 03:54:06+00:00,2026-01-01 00:54:55+00:00,714.8755671296296,211,2336.486388888889,0.8779333132928937
frontier04177,x2208c5s0b0n0,2208,5,0,0,0,2077,32,2024-01-17 04:58:24+00:00,2026-01-01 00:54:55+00:00,714.8309143518519,209,2027.4547222222222,0.8761847683119146
frontier01334,x2010c3s2b1n0,2010,3,2,1,0,2077,32,2024-01-17 04:58:24+00:00,2026-01-01 00:54:55+00:00,714.8309143518519,206,2043.9297222222222,0.8738410183119145
frontier08203,x2505c0s5b0n0,2505,0,5,0,0,2077,34,2024-01-17 03:54:06+00:00,2026-01-01 00:54:55+00:00,714.8755671296296,211,2293.6205555555557,0.9277898370729317
frontier08744,x2509c2s3b1n0,2509,2,3,1,0,2077,33,2024-01-17 03:56:00+00:00,2026-01-01 00:54:55+00:00,714.8742476851852,208,2152.0625,0.9004448292090759
frontier01464,x2011c3s3b1n0,2011,3,3,1,0,2077,32,2024-01-17 04:58:24+00:00,2026-01-01 04:45:26+00:00,714.9909953703703,201,2019.433888888889,0.8700873780925341
frontier00595,x2004c5s1b0n0,2004,5,1,0,0,2077,32,2024-01-17 04:58:24+00:00,2026-01-01 00:54:55+00:00,714.8309143518519,211,2120.9166666666665,0.8777472683119145
frontier08579,x2508c0s1b0n0,2508,0,1,0,0,2076,33,2024-01-17 04:34:27+00:00,2026-01-01 00:54:55+00:00,714.8475462962963,205,2401.866666666667,0.8979320787349111
frontier01968,x2103c2s7b1n0,2103,2,7,1,0,2076,32,2024-01-17 04:31:36+00:00,2026-01-01 00:54:55+00:00,714.849525462963,201,2072.116666666667,0.8698089655306949
frontier00819,x2006c3s1b0n0,2006,3,1,0,0,2076,32,2024-01-17 04:58:24+00:00,2026-01-01 00:54:55+00:00,714.8309143518519,212,2152.6069444444443,0.878384973029991
frontier05202,x2304c5s0b1n0,2304,5,0,1,0,2076,32,2024-01-17 04:09:38+00:00,2026-01-01 00:54:55+00:00,714.8647800925926,220,2139.295,0.8846672582022918
frontier05803,x2310c2s5b0n0,2310,2,5,0,0,2075,32,2024-01-17 03:54:07+00:00,2026-01-01 00:54:55+00:00,714.8755555555556,208,2116.5886111111113,0.875158916346712
frontier07619,x2500c4s1b0n0,2500,4,1,0,0,2074,32,2024-01-17 04:58:24+00:00,2026-01-01 00:54:55+00:00,714.8309143518519,210,2124.8425,0.876535175014092
frontier00313,x2002c3s4b0n0,2002,3,4,0,0,2074,32,2024-01-17 04:58:24+00:00,2026-01-01 00:54:55+00:00,714.8309143518519,206,2035.8658333333333,0.8734101750140919
frontier04669,x2300c3s6b0n0,2300,3,6,0,0,2074,32,2024-01-17 04:31:34+00:00,2026-01-01 00:54:55+00:00,714.8495486111111,204,2051.626111111111,0.8718654395825827
frontier03752,x2205c2s3b1n0,2205,2,3,1,0,2074,32,2024-01-17 04:31:34+00:00,2026-01-01 00:54:55+00:00,714.8495486111111,207,2006.9372222222223,0.8742091895825828
frontier05925,x2311c2s2b0n0,2311,2,2,0,0,2073,32,2024-01-17 04:09:37+00:00,2026-01-01 00:54:55+00:00,714.8647916666666,215,2162.2027777777776,0.8803299683529868
frontier05155,x2304c2s1b0n0,2304,2,1,0,0,2073,32,2024-01-17 03:54:06+00:00,2026-01-01 00:54:55+00:00,714.8755671296296,212,2064.761388888889,0.87799649090781
frontier00951,x2007c3s3b0n0,2007,3,3,0,0,2072,32,2024-01-17 04:58:24+00:00,2026-01-01 00:54:55+00:00,714.8309143518519,210,2112.7291666666665,0.876247599950883
frontier00949,x2007c3s2b0n0,2007,3,2,0,0,2072,32,2024-01-17 04:58:24+00:00,2026-01-01 00:54:55+00:00,714.8309143518519,213,2076.5852777777777,0.878591349950883
frontier00854,x2006c5s2b1n0,2006,5,2,1,0,2072,32,2024-01-17 04:34:27+00:00,2026-01-01 00:54:55+00:00,714.8475462962963,205,2111.8127777777777,0.8723572056558031
frontier00950,x2007c3s2b1n0,2007,3,2,1,0,2072,32,2024-01-17 04:58:24+00:00,2026-01-01 00:54:55+00:00,714.8309143518519,204,2110.676111111111,0.871560099950883
frontier08586,x2508c0s4b1n0,2508,0,4,1,0,2072,32,2024-01-17 03:54:06+00:00,2026-01-01 00:54:55+00:00,714.8755671296296,208,2263.0802777777776,0.8747276687119002
frontier06443,x2403c2s5b0n0,2403,2,5,0,0,2071,33,2024-01-17 04:31:34+00:00,2026-01-01 00:54:55+00:00,714.8495486111111,217,2215.1213888888888,0.906590222927951
frontier04639,x2300c1s7b0n0,2300,1,7,0,0,2071,32,2024-01-17 03:54:06+00:00,2026-01-01 00:54:55+00:00,714.8755671296296,213,2209.2394444444444,0.8784900271204775
frontier04180,x2208c5s1b1n0,2208,5,1,1,0,2071,32,2024-01-17 04:58:24+00:00,2026-01-01 00:54:55+00:00,714.8309143518519,209,2032.4258333333332,0.8753224583594601
frontier00816,x2006c2s7b1n0,2006,2,7,1,0,2071,32,2024-01-17 04:31:36+00:00,2026-01-01 00:54:55+00:00,714.849525462963,212,2140.2244444444445,0.8776839508601642
frontier04271,x2209c2s7b0n0,2209,2,7,0,0,2070,32,2024-01-17 04:31:34+00:00,2026-01-01 00:54:55+00:00,714.8495486111111,204,1998.756111111111,0.8712900118740146
frontier07817,x2502c0s4b0n0,2502,0,4,0,0,2070,32,2024-01-17 03:54:06+00:00,2026-01-01 00:54:55+00:00,714.8755671296296,211,2284.285277777778,0.8767835660665411
frontier01445,x2011c2s2b0n0,2011,2,2,0,0,2070,32,2024-01-17 04:31:34+00:00,2026-01-01 04:45:26+00:00,715.0096296296297,206,2110.081388888889,0.8730051216546344
frontier01593,x2100c3s4b0n0,2100,3,4,0,0,2070,32,2024-01-17 04:58:24+00:00,2026-01-01 00:54:55+00:00,714.8309143518519,211,2071.983333333333,0.8767409973055238
frontier10124,x2609c0s5b1n0,2609,0,5,1,0,2070,32,2024-01-17 03:33:50+00:00,2026-01-01 00:54:55+00:00,714.8896412037037,207,2324.5847222222224,0.8736719832810038
frontier07554,x2500c0s0b1n0,2500,0,0,1,0,2070,32,2024-01-17 03:51:22+00:00,2026-01-01 00:54:55+00:00,714.8774652777778,203,2319.471666666667,0.8705353756250706
frontier04292,x2209c4s1b1n0,2209,4,1,1,0,2069,32,2024-01-17 04:29:09+00:00,2026-01-01 00:54:55+00:00,714.8512268518518,208,2113.5980555555557,0.8742725812050205
frontier01718,x2101c3s2b1n0,2101,3,2,1,0,2068,32,2024-01-17 04:58:24+00:00,2026-01-01 00:54:55+00:00,714.8309143518519,208,2054.068888888889,0.8741091165416229
frontier00566,x2004c3s2b1n0,2004,3,2,1,0,2068,32,2024-01-17 04:58:24+00:00,2026-01-01 00:54:55+00:00,714.8309143518519,215,2120.8769444444442,0.879577866541623
frontier07083,x2408c2s5b0n0,2408,2,5,0,0,2068,32,2024-01-17 04:31:34+00:00,2026-01-01 00:54:55+00:00,714.8495486111111,213,2157.0472222222224,0.8780331311101138
frontier03792,x2205c4s7b1n0,2205,4,7,1,0,2068,32,2024-01-17 04:58:24+00:00,2026-01-01 00:54:55+00:00,714.8309143518519,208,2063.931111111111,0.8741091165416229
frontier06564,x2404c2s1b1n0,2404,2,1,1,0,2067,32,2024-01-17 03:54:06+00:00,2026-01-01 00:54:55+00:00,714.8755671296296,214,2142.054166666667,0.8786950154581898
frontier06309,x2402c2s2b0n0,2402,2,2,0,0,2067,32,2024-01-17 04:09:37+00:00,2026-01-01 00:54:55+00:00,714.8647916666666,206,2126.9880555555555,0.8724347429033668
frontier06957,x2407c2s6b0n0,2407,2,6,0,0,2067,32,2024-01-17 04:58:24+00:00,2026-01-01 00:54:55+00:00,714.8309143518519,212,2182.7766666666666,0.8770899466971726
frontier08583,x2508c0s3b0n0,2508,0,3,0,0,2067,32,2024-01-17 03:54:06+00:00,2026-01-01 00:54:55+00:00,714.8755671296296,211,2303.8955555555553,0.8763512654581898
frontier07595,x2500c2s5b0n0,2500,2,5,0,0,2067,32,2024-01-17 04:31:34+00:00,2026-01-01 00:54:55+00:00,714.8495486111111,209,2150.1469444444447,0.8747639612656632
frontier04805,x2301c4s2b0n0,2301,4,2,0,0,2066,32,2024-01-17 04:31:35+00:00,2026-01-01 00:54:55+00:00,714.8495370370371,214,2140.716388888889,0.8785259606558318
frontier04643,x2300c2s1b0n0,2300,2,1,0,0,2066,32,2024-01-17 03:54:06+00:00,2026-01-01 00:54:55+00:00,714.8755671296296,203,2102.0872222222224,0.8699570258822515
frontier07346,x2410c3s0b1n0,2410,3,0,1,0,2066,32,2024-01-17 04:09:37+00:00,2026-01-01 00:54:55+00:00,714.8647916666666,204,2119.413888888889,0.8707280033274285
frontier03796,x2205c5s1b1n0,2205,5,1,1,0,2066,32,2024-01-17 04:58:24+00:00,2026-01-01 00:54:55+00:00,714.8309143518519,210,2060.736388888889,0.8753832071212342
frontier04671,x2300c3s7b0n0,2300,3,7,0,0,2066,33,2024-01-17 04:09:38+00:00,2026-01-01 00:54:55+00:00,714.8647800925926,213,2097.5233333333335,0.9027592422935351
frontier03149,x2200c4s6b0n0,2200,4,6,0,0,2065,32,2024-01-17 04:29:09+00:00,2026-01-01 00:54:55+00:00,714.8512268518518,214,2107.9869444444444,0.8783832622293659
frontier04786,x2301c3s0b1n0,2301,3,0,1,0,2065,32,2024-01-17 03:54:07+00:00,2026-01-01 00:54:55+00:00,714.8755555555556,210,2109.6858333333334,0.8752814554734454
frontier04046,x2207c4s6b1n0,2207,4,6,1,0,2065,32,2024-01-17 04:29:11+00:00,2026-01-01 00:54:55+00:00,714.8512037037037,214,2133.963888888889,0.878383240161579
frontier00182,x2001c3s2b1n0,2001,3,2,1,0,2065,32,2024-01-17 04:58:24+00:00,2026-01-01 00:54:55+00:00,714.8309143518519,213,2141.0380555555557,0.8775826477463214
frontier04301,x2209c4s6b0n0,2209,4,6,0,0,2064,32,2024-01-17 04:58:24+00:00,2026-01-01 00:54:55+00:00,714.8309143518519,213,2129.161111111111,0.877438268504848
frontier08706,x2509c0s0b1n0,2509,0,0,1,0,2064,33,2024-01-17 04:34:27+00:00,2026-01-01 00:54:55+00:00,714.8475462962963,205,2321.1583333333333,0.8962041242097681
frontier04666,x2300c3s4b1n0,2300,3,4,1,0,2064,33,2024-01-17 04:09:38+00:00,2026-01-01 00:54:55+00:00,714.8647800925926,203,2085.5358333333334,0.8946580536771488
frontier00952,x2007c3s3b1n0,2007,3,3,1,0,2063,32,2024-01-17 04:58:24+00:00,2026-01-01 00:54:55+00:00,714.8309143518519,206,2106.3283333333334,0.8718250693291305
frontier04304,x2209c4s7b1n0,2209,4,7,1,0,2062,32,2024-01-17 04:58:24+00:00,2026-01-01 00:54:55+00:00,714.8309143518519,210,2101.7325,0.8748055501513867
frontier01581,x2100c2s6b0n0,2100,2,6,0,0,2062,32,2024-01-17 04:31:35+00:00,2026-01-01 00:54:55+00:00,714.8495370370371,201,2098.2530555555554,0.867792053685984
frontier01067,x2008c2s5b0n0,2008,2,5,0,0,2061,32,2024-01-17 04:31:35+00:00,2026-01-01 00:54:55+00:00,714.8495370370371,209,2101.842777777778,0.8738974644383333
frontier02612,x2108c3s1b1n0,2108,3,1,1,0,2061,32,2024-01-17 04:58:24+00:00,2026-01-01 02:44:51+00:00,714.9072569444445,204,2075.441388888889,0.8700462404650813
frontier07350,x2410c3s2b1n0,2410,3,2,1,0,2061,33,2024-01-17 04:31:34+00:00,2026-01-01 00:54:55+00:00,714.8495486111111,214,2145.3641666666667,0.9028037254722268
frontier10126,x2609c0s6b1n0,2609,0,6,1,0,2060,33,2024-01-17 03:54:06+00:00,2026-01-01 00:54:55+00:00,714.8755671296296,213,2289.2330555555554,0.9019026202792155
frontier04645,x2300c2s2b0n0,2300,2,2,0,0,2060,32,2024-01-17 03:54:06+00:00,2026-01-01 00:54:55+00:00,714.8755671296296,209,2130.5430555555554,0.8737776202792156
frontier10114,x2609c0s0b1n0,2609,0,0,1,0,2060,32,2024-01-17 04:34:27+00:00,2026-01-01 00:54:55+00:00,714.8475462962963,202,2260.575277777778,0.8682821572231182
frontier06177,x2401c2s0b0n0,2401,2,0,0,0,2060,32,2024-01-17 04:09:35+00:00,2026-01-01 00:54:55+00:00,714.8648148148148,212,2103.686111111111,0.8761111197921795
frontier08717,x2509c0s6b0n0,2509,0,6,0,0,2060,32,2024-01-17 04:14:23+00:00,2026-01-01 00:54:55+00:00,714.8614814814815,209,2237.1827777777776,0.8737641920308594
frontier10117,x2609c0s2b0n0,2609,0,2,0,0,2058,32,2024-01-17 03:54:46+00:00,2026-01-01 00:54:55+00:00,714.8751041666667,219,2336.9094444444445,0.881300149466328
frontier00726,x2005c5s2b1n0,2005,5,2,1,0,2058,32,2024-01-17 04:34:27+00:00,2026-01-01 00:54:55+00:00,714.8475462962963,210,2035.6038888888888,0.8742426277659696
frontier08843,x2510c0s5b0n0,2510,0,5,0,0,2058,32,2024-01-17 03:54:06+00:00,2026-01-01 00:54:55+00:00,714.8755671296296,206,2181.343611111111,0.8711443408220669
frontier07815,x2502c0s3b0n0,2502,0,3,0,0,2057,32,2024-01-17 03:54:46+00:00,2026-01-01 00:54:55+00:00,714.8751041666667,208,2264.528333333333,0.8725615292582626
frontier00772,x2006c0s1b1n0,2006,0,1,1,0,2057,33,2024-01-17 03:54:06+00:00,2026-01-01 00:54:55+00:00,714.8755671296296,203,2226.0180555555557,0.8936557206140014
frontier05048,x2303c3s3b1n0,2303,3,3,1,0,2057,32,2024-01-17 04:31:34+00:00,2026-01-01 00:54:55+00:00,714.8495486111111,207,2046.8358333333333,0.871755916421475
frontier07069,x2408c1s6b0n0,2408,1,6,0,0,2057,32,2024-01-17 03:54:07+00:00,2026-01-01 00:54:55+00:00,714.8755555555556,218,2231.592777777778,0.880374459580108
frontier10127,x2609c0s7b0n0,2609,0,7,0,0,2056,32,2024-01-17 04:29:09+00:00,2026-01-01 00:54:55+00:00,714.8512268518518,208,2270.7858333333334,0.8723938257171666
frontier04640,x2300c1s7b1n0,2300,1,7,1,0,2056,32,2024-01-17 04:47:13+00:00,2026-01-01 00:54:55+00:00,714.8386805555556,212,2172.9530555555557,0.8755068649766424
frontier10125,x2609c0s6b0n0,2609,0,6,0,0,2056,32,2024-01-17 03:54:06+00:00,2026-01-01 00:54:55+00:00,714.8755671296296,211,2259.1330555555555,0.8747607799951396
frontier00823,x2006c3s3b0n0,2006,3,3,0,0,2056,32,2024-01-17 04:58:24+00:00,2026-01-01 00:54:55+00:00,714.8309143518519,207,2117.7122222222224,0.8715932112341224
frontier00692,x2005c3s1b1n0,2005,3,1,1,0,2055,32,2024-01-17 04:58:24+00:00,2026-01-01 00:54:55+00:00,714.8309143518519,208,2100.0886111111113,0.8722294501359872
frontier06314,x2402c2s4b1n0,2402,2,4,1,0,2055,32,2024-01-17 03:54:07+00:00,2026-01-01 00:54:55+00:00,714.8755555555556,213,2159.2838888888887,0.8761782578631111
frontier05931,x2311c2s5b0n0,2311,2,5,0,0,2055,32,2024-01-17 03:54:06+00:00,2026-01-01 00:54:55+00:00,714.8755671296296,207,2089.108888888889,0.8714907688970046
frontier04430,x2210c4s6b1n0,2210,4,6,1,0,2054,32,2024-01-17 00:14:14+00:00,2026-01-01 00:54:55+00:00,715.0282523148148,212,2119.751388888889,0.8753974963737113
frontier08964,x2511c0s1b1n0,2511,0,1,1,0,2054,32,2024-01-17 04:34:27+00:00,2026-01-01 00:54:55+00:00,714.8475462962963,209,2275.2291666666665,0.8728814741949233
frontier08211,x2505c1s1b0n0,2505,1,1,0,0,2054,32,2024-01-17 03:54:06+00:00,2026-01-01 00:54:55+00:00,714.8755671296296,212,2262.0575,0.8752519372510207
frontier08709,x2509c0s2b0n0,2509,0,2,0,0,2054,32,2024-01-17 03:54:46+00:00,2026-01-01 00:54:55+00:00,714.8751041666667,207,2233.680277777778,0.8713452458952818
frontier08845,x2510c0s6b0n0,2510,0,6,0,0,2053,32,2024-01-17 04:14:23+00:00,2026-01-01 00:54:55+00:00,714.8614814814815,209,2264.3758333333335,0.872749606740155
frontier01879,x2102c5s3b0n0,2102,5,3,0,0,2052,32,2024-01-17 04:58:24+00:00,2026-01-01 00:54:55+00:00,714.8309143518519,215,2068.9105555555557,0.8772627432796822
frontier07812,x2502c0s1b1n0,2502,0,1,1,0,2052,32,2024-01-17 04:34:27+00:00,2026-01-01 00:54:55+00:00,714.8475462962963,206,2225.0783333333334,0.8702473489846023
frontier03148,x2200c4s5b1n0,2200,4,5,1,0,2051,32,2024-01-17 04:58:24+00:00,2026-01-01 00:54:55+00:00,714.8309143518519,214,2094.4133333333334,0.8763361995776908
frontier07967,x2503c1s7b0n0,2503,1,7,0,0,2051,32,2024-01-17 00:14:14+00:00,2026-01-01 00:54:55+00:00,715.0282523148148,211,2200.588888888889,0.8741805774613989
frontier01235,x2009c5s1b0n0,2009,5,1,0,0,2049,32,2024-01-17 04:58:24+00:00,2026-01-01 00:54:55+00:00,714.8309143518519,205,2036.0858333333333,0.8690141496351564
frontier08105,x2504c2s4b0n0,2504,2,4,0,0,2049,32,2024-01-17 03:54:06+00:00,2026-01-01 00:54:55+00:00,714.8755671296296,210,2168.125,0.8729629683961737
frontier03927,x2206c5s3b0n0,2206,5,3,0,0,2049,32,2024-01-17 04:58:24+00:00,2026-01-01 00:54:55+00:00,714.8309143518519,213,2101.2297222222223,0.8752641496351564
frontier08202,x2505c0s4b1n0,2505,0,4,1,0,2049,32,2024-01-17 03:54:06+00:00,2026-01-01 00:54:55+00:00,714.8755671296296,208,2257.036111111111,0.8714004683961737
frontier05330,x2306c5s0b1n0,2306,5,0,1,0,2049,32,2024-01-17 04:58:24+00:00,2026-01-01 00:54:55+00:00,714.8309143518519,210,2074.1305555555555,0.8729203996351564
frontier08710,x2509c0s2b1n0,2509,0,2,1,0,2049,32,2024-01-17 04:14:23+00:00,2026-01-01 00:54:55+00:00,714.8614814814815,208,2241.7275,0.8713870401478175
frontier04389,x2210c2s2b0n0,2210,2,2,0,0,2048,32,2024-01-17 03:54:06+00:00,2026-01-01 00:54:55+00:00,714.8755671296296,210,2128.9308333333333,0.8728174620173721
frontier04677,x2300c4s2b0n0,2300,4,2,0,0,2048,32,2024-01-17 04:31:35+00:00,2026-01-01 00:54:55+00:00,714.8495370370371,209,2055.391666666667,0.8720113967909522
frontier08973,x2511c0s6b0n0,2511,0,6,0,0,2046,32,2024-01-17 03:54:06+00:00,2026-01-01 00:54:55+00:00,714.8755671296296,210,2292.491666666667,0.8725262360982917
frontier04674,x2300c4s0b1n0,2300,4,0,1,0,2046,32,2024-01-17 04:09:38+00:00,2026-01-01 00:54:55+00:00,714.8647800925926,214,2095.7355555555555,0.8756409525095752
frontier01075,x2008c3s1b0n0,2008,3,1,0,0,2045,32,2024-01-17 04:58:24+00:00,2026-01-01 00:54:55+00:00,714.8309143518519,214,2124.2452777777776,0.8754629476581286
frontier00696,x2005c3s3b1n0,2005,3,3,1,0,2045,32,2024-01-17 04:58:24+00:00,2026-01-01 00:54:55+00:00,714.8309143518519,211,2090.1097222222224,0.8731191976581285
frontier10123,x2609c0s5b0n0,2609,0,5,0,0,2045,32,2024-01-17 04:06:11+00:00,2026-01-01 00:54:55+00:00,714.867175925926,212,2329.735277777778,0.8739350168463782
frontier08490,x2507c2s4b1n0,2507,2,4,1,0,2044,32,2024-01-17 03:54:07+00:00,2026-01-01 00:54:55+00:00,714.8755555555556,206,2172.5119444444445,0.8691097144669548
frontier02980,x2111c2s1b1n0,2111,2,1,1,0,2044,32,2024-01-17 04:31:34+00:00,2026-01-01 00:54:55+00:00,714.8495486111111,210,2071.2941666666666,0.8722099213083219
frontier05924,x2311c2s1b1n0,2311,2,1,1,0,2043,32,2024-01-17 03:54:06+00:00,2026-01-01 00:54:55+00:00,714.8755671296296,219,2190.6155555555556,0.8791201132737105
frontier08066,x2504c0s0b1n0,2504,0,0,1,0,2043,33,2024-01-17 04:34:27+00:00,2026-01-01 00:54:55+00:00,714.8475462962963,203,2367.5919444444444,0.8915934002176134
frontier05932,x2311c2s5b1n0,2311,2,5,1,0,2041,32,2024-01-17 03:54:06+00:00,2026-01-01 00:54:55+00:00,714.8755671296296,212,2171.5625,0.8733594246136475
frontier05323,x2306c4s5b0n0,2306,4,5,0,0,2041,32,2024-01-17 04:58:24+00:00,2026-01-01 00:54:55+00:00,714.8309143518519,212,2132.426111111111,0.8733168558526302
frontier03787,x2205c4s5b0n0,2205,4,5,0,0,2041,32,2024-01-17 04:06:11+00:00,2026-01-01 00:54:55+00:00,714.867175925926,210,2072.4402777777777,0.8717889250408798
frontier00216,x2001c5s3b1n0,2001,5,3,1,0,2041,32,2024-01-17 04:34:27+00:00,2026-01-01 00:54:55+00:00,714.8475462962963,210,2070.3855555555556,0.8717702115575502
frontier03290,x2201c5s4b1n0,2201,5,4,1,0,2040,32,2024-01-17 04:10:12+00:00,2026-01-01 00:54:55+00:00,714.864386574074,213,2114.704166666667,0.8739839392997383
frontier00982,x2007c5s2b1n0,2007,5,2,1,0,2039,32,2024-01-17 04:58:24+00:00,2026-01-01 00:54:55+00:00,714.8309143518519,214,2052.586111111111,0.8745871311183813
frontier07578,x2500c1s4b1n0,2500,1,4,1,0,2039,32,2024-01-17 03:54:07+00:00,2026-01-01 00:54:55+00:00,714.8755555555556,216,2216.617222222222,0.8761921888455051
frontier08109,x2504c2s6b0n0,2504,2,6,0,0,2039,32,2024-01-17 03:54:06+00:00,2026-01-01 00:54:55+00:00,714.8755671296296,210,2131.741111111111,0.8715046998793985
frontier05286,x2306c2s2b1n0,2306,2,2,1,0,2038,33,2024-01-17 04:09:35+00:00,2026-01-01 00:54:55+00:00,714.8648148148148,209,2104.5661111111112,0.8955669795721062
frontier08969,x2511c0s4b0n0,2511,0,4,0,0,2038,32,2024-01-17 03:51:22+00:00,2026-01-01 00:54:55+00:00,714.8774652777778,209,2290.4466666666667,0.8705790396176718
frontier07098,x2408c3s4b1n0,2408,3,4,1,0,2038,32,2024-01-17 04:58:24+00:00,2026-01-01 00:54:55+00:00,714.8309143518519,207,2082.0422222222223,0.8689721612981249
frontier00209,x2001c5s0b0n0,2001,5,0,0,0,2038,32,2024-01-17 04:29:09+00:00,2026-01-01 00:54:55+00:00,714.8512268518518,207,2051.2966666666666,0.8689915257811692
frontier04546,x2211c4s0b1n0,2211,4,0,1,0,2036,32,2024-01-17 04:31:35+00:00,2026-01-01 00:54:55+00:00,714.8495370370371,211,2035.45,0.8718222599344188
frontier06187,x2401c2s5b0n0,2401,2,5,0,0,2036,32,2024-01-17 03:54:07+00:00,2026-01-01 00:54:55+00:00,714.8755555555556,211,2056.6130555555555,0.8718470641269451
frontier01969,x2103c3s0b0n0,2103,3,0,0,0,2034,32,2024-01-17 04:31:36+00:00,2026-01-01 00:54:55+00:00,714.849525462963,207,2103.428888888889,0.8684043065219219
frontier04678,x2300c4s2b1n0,2300,4,2,1,0,2034,33,2024-01-17 04:31:35+00:00,2026-01-01 00:54:55+00:00,714.8495370370371,211,2049.593888888889,0.8965293175558152
frontier08240,x2505c2s7b1n0,2505,2,7,1,0,2034,33,2024-01-17 04:29:09+00:00,2026-01-01 00:54:55+00:00,714.8512268518518,211,2138.375,0.8965309285042622
frontier06188,x2401c2s5b1n0,2401,2,5,1,0,2033,33,2024-01-17 04:31:34+00:00,2026-01-01 00:54:55+00:00,714.8495486111111,213,2100.1519444444443,0.8979452494186879
frontier04642,x2300c2s0b1n0,2300,2,0,1,0,2033,32,2024-01-17 03:54:06+00:00,2026-01-01 00:54:55+00:00,714.8755671296296,207,2160.106388888889,0.8682825536112144
frontier07587,x2500c2s1b0n0,2500,2,1,0,0,2032,32,2024-01-17 03:54:07+00:00,2026-01-01 00:54:55+00:00,714.8755555555556,214,2199.7033333333334,0.8736046413240885
frontier01073,x2008c3s0b0n0,2008,3,0,0,0,2031,32,2024-01-17 04:31:36+00:00,2026-01-01 00:54:55+00:00,714.849525462963,210,2108.268611111111,0.8703081026912953
frontier06468,x2403c4s1b1n0,2403,4,1,1,0,2031,32,2024-01-17 04:58:24+00:00,2026-01-01 00:54:55+00:00,714.8309143518519,211,2131.8302777777776,0.8710716101905913
frontier02647,x2108c5s3b0n0,2108,5,3,0,0,2030,32,2024-01-17 04:29:11+00:00,2026-01-01 00:54:55+00:00,714.8512037037037,214,2067.5433333333335,0.8732879069753001
frontier05669,x2309c2s2b0n0,2309,2,2,0,0,2030,32,2024-01-17 03:54:06+00:00,2026-01-01 00:54:55+00:00,714.8755671296296,213,2122.323888888889,0.87252988332106
frontier09001,x2511c2s4b0n0,2511,2,4,0,0,2029,32,2024-01-17 03:54:07+00:00,2026-01-01 00:54:55+00:00,714.8755555555556,211,2107.9816666666666,0.870820504361303
frontier05806,x2310c2s6b1n0,2310,2,6,1,0,2028,32,2024-01-17 03:54:07+00:00,2026-01-01 00:54:55+00:00,714.8755555555556,212,2156.213888888889,0.8714548140688804
frontier01335,x2010c3s3b0n0,2010,3,3,0,0,2027,32,2024-01-17 04:58:24+00:00,2026-01-01 00:54:55+00:00,714.8309143518519,209,2045.065,0.8689214936114249
frontier05572,x2308c4s1b1n0,2308,4,1,1,0,2026,32,2024-01-17 00:14:14+00:00,2026-01-01 00:54:55+00:00,715.0282523148148,211,2072.317777777778,0.8705250362554369
frontier06968,x2407c3s3b1n0,2407,3,3,1,0,2026,33,2024-01-17 04:58:24+00:00,2026-01-01 00:54:55+00:00,714.8309143518519,216,2163.5247222222224,0.899243158371729
frontier08968,x2511c0s3b1n0,2511,0,3,1,0,2026,32,2024-01-17 03:54:06+00:00,2026-01-01 00:54:55+00:00,714.8755671296296,212,2301.6452777777777,0.8711607271327463
frontier06186,x2401c2s4b1n0,2401,2,4,1,0,2024,33,2024-01-17 03:54:07+00:00,2026-01-01 00:54:55+00:00,714.8755555555556,209,2068.9527777777776,0.8935225778050169
frontier05697,x2309c4s0b0n0,2309,4,0,0,0,2024,32,2024-01-17 04:31:35+00:00,2026-01-01 00:54:55+00:00,714.8495370370371,216,2112.2780555555555,0.8739665236124905
frontier06587,x2404c3s5b0n0,2404,3,5,0,0,2022,32,2024-01-17 04:31:36+00:00,2026-01-01 00:54:55+00:00,714.849525462963,211,2075.340833333333,0.8697655833871905
frontier10156,x2609c2s5b1n0,2609,2,5,1,0,2022,32,2024-01-17 03:54:07+00:00,2026-01-01 00:54:55+00:00,714.8755555555556,211,2232.4105555555557,0.8697903986136104
frontier07087,x2408c2s7b0n0,2408,2,7,0,0,2021,32,2024-01-17 04:29:11+00:00,2026-01-01 00:54:55+00:00,714.8512037037037,213,2152.3347222222224,0.8711822344396855
frontier01070,x2008c2s6b1n0,2008,2,6,1,0,2021,33,2024-01-17 04:31:36+00:00,2026-01-01 00:54:55+00:00,714.849525462963,205,2110.843888888889,0.889930634525132
frontier06831,x2406c2s7b0n0,2406,2,7,0,0,2020,32,2024-01-17 05:03:32+00:00,2026-01-01 00:54:55+00:00,714.8273495370371,214,2162.035277777778,0.8717932217828543
frontier08453,x2507c0s2b0n0,2507,0,2,0,0,2020,32,2024-01-17 03:54:46+00:00,2026-01-01 00:54:55+00:00,714.8751041666667,209,2276.8341666666665,0.8679324976273224
frontier08379,x2506c3s5b0n0,2506,3,5,0,0,2016,32,2024-01-17 03:56:00+00:00,2026-01-01 00:54:55+00:00,714.8742476851852,218,2202.0002777777777,0.8743721130607975
frontier06835,x2406c3s1b0n0,2406,3,1,0,0,2012,32,2024-01-17 05:03:32+00:00,2026-01-01 00:54:55+00:00,714.8273495370371,213,2119.0894444444443,0.8698291628254514
frontier08618,x2508c2s4b1n0,2508,2,4,1,0,2012,33,2024-01-17 03:54:07+00:00,2026-01-01 00:54:55+00:00,714.8755555555556,199,2098.5725,0.8839376189917647
frontier08114,x2504c3s0b1n0,2504,3,0,1,0,2011,32,2024-01-17 04:31:34+00:00,2026-01-01 00:54:55+00:00,714.8495486111111,213,2166.6916666666666,0.8697021443058902
frontier07228,x2409c3s5b1n0,2409,3,5,1,0,2010,32,2024-01-17 04:58:24+00:00,2026-01-01 00:54:55+00:00,714.8309143518519,215,2126.7494444444446,0.8710986245429773
frontier06594,x2404c4s0b1n0,2404,4,0,1,0,2008,32,2024-01-17 04:09:38+00:00,2026-01-01 00:54:55+00:00,714.8647800925926,213,2111.092777777778,0.8692716780316534
frontier00729,x2005c5s4b0n0,2005,5,4,0,0,2003,32,2024-01-17 04:36:47+00:00,2026-01-01 00:54:55+00:00,714.8459259259259,213,2124.8419444444444,0.8685105802912668
frontier05584,x2308c4s7b1n0,2308,4,7,1,0,2002,32,2024-01-17 04:34:27+00:00,2026-01-01 00:54:55+00:00,714.8475462962963,215,2118.125,0.8699257778571021
frontier07472,x2411c2s7b1n0,2411,2,7,1,0,2002,32,2024-01-17 04:31:34+00:00,2026-01-01 00:54:55+00:00,714.8495486111111,215,2176.6922222222224,0.8699276867206729
frontier06332,x2402c3s5b1n0,2402,3,5,1,0,2000,32,2024-01-17 04:58:24+00:00,2026-01-01 00:54:55+00:00,714.8309143518519,214,2068.691388888889,0.868830754727367
frontier08484,x2507c2s1b1n0,2507,2,1,1,0,1998,32,2024-01-17 04:58:24+00:00,2026-01-01 00:54:55+00:00,714.8309143518519,213,2132.8766666666666,0.8677512893850775
frontier05797,x2310c2s2b0n0,2310,2,2,0,0,1997,33,2024-01-17 04:09:37+00:00,2026-01-01 00:54:55+00:00,714.8647916666666,204,2009.2930555555556,0.8856031160147593
frontier06355,x2402c5s1b0n0,2402,5,1,0,0,1991,33,2024-01-17 04:29:11+00:00,2026-01-01 00:54:55+00:00,714.8512037037037,214,2141.1658333333335,0.8925057733750332
frontier06189,x2401c2s6b0n0,2401,2,6,0,0,1989,33,2024-01-17 04:31:34+00:00,2026-01-01 00:54:55+00:00,714.8495486111111,202,2017.33,0.8828296321505523
frontier06349,x2402c4s6b0n0,2402,4,6,0,0,1989,32,2024-01-17 04:29:11+00:00,2026-01-01 00:54:55+00:00,714.8512037037037,218,2122.6227777777776,0.8703312099973189
frontier07503,x2411c4s7b0n0,2411,4,7,0,0,1980,32,2024-01-17 03:51:22+00:00,2026-01-01 00:54:55+00:00,714.8774652777778,219,2116.088888888889,0.8697857243314766
frontier03289,x2201c5s4b0n0,2201,5,4,0,0,1976,32,2024-01-17 04:14:23+00:00,2026-01-01 00:54:55+00:00,714.8614814814815,219,2147.242222222222,0.8691677267085947
frontier07871,x2502c3s7b0n0,2502,3,7,0,0,1971,33,2024-01-17 04:58:24+00:00,2026-01-01 00:54:55+00:00,714.8309143518519,212,2168.0583333333334,0.8879146691237723
frontier06102,x2400c5s2b1n0,2400,5,2,1,0,1960,33,2024-01-17 04:06:11+00:00,2026-01-01 04:03:14+00:00,714.9979513888889,210,2060.5475,0.8848432805793466
frontier03793,x2205c5s0b0n0,2205,5,0,0,0,1958,33,2024-01-17 04:58:24+00:00,2026-01-01 00:54:55+00:00,714.8309143518519,207,2009.1016666666667,0.8820359880580213
frontier06229,x2401c5s2b0n0,2401,5,2,0,0,1955,33,2024-01-17 04:06:11+00:00,2026-01-01 04:03:14+00:00,714.9979513888889,216,2158.994166666667,0.8887694441499084
frontier00599,x2004c5s3b0n0,2004,5,3,0,0,1952,33,2024-01-17 04:34:27+00:00,2026-01-01 00:54:55+00:00,714.8475462962963,211,2096.2941666666666,0.8842620721332615
frontier06230,x2401c5s2b1n0,2401,5,2,1,0,1934,33,2024-01-17 04:42:04+00:00,2026-01-01 04:03:14+00:00,714.9730324074075,214,2205.994722222222,0.8839641789390515
frontier02275,x2105c6s1b0n0,2105,6,1,0,0,1931,33,2024-01-17 04:34:27+00:00,2026-01-01 00:54:55+00:00,714.8475462962963,217,2023.4494444444445,0.8857255913554456
frontier00872,x2006c6s3b1n0,2006,6,3,1,0,1921,33,2024-01-17 04:42:04+00:00,2026-01-01 00:54:55+00:00,714.8422569444444,205,1979.875,0.8747979827701969
frontier01885,x2102c5s6b0n0,2102,5,6,0,0,1919,33,2024-01-17 04:34:27+00:00,2026-01-01 00:54:55+00:00,714.8475462962963,207,2027.5877777777778,0.8760550459837456
frontier01502,x2011c5s6b1n0,2011,5,6,1,0,1916,33,2024-01-17 04:36:47+00:00,2026-01-01 00:54:55+00:00,714.8459259259259,210,2022.0336111111112,0.8779309253931471
frontier10170,x2609c3s4b1n0,2609,3,4,1,0,1914,33,2024-01-17 03:54:07+00:00,2026-01-01 00:54:55+00:00,714.8755555555556,215,2227.133888888889,0.8815541326567665
frontier10186,x2609c4s4b1n0,2609,4,4,1,0,1889,33,2024-01-17 04:58:24+00:00,2026-01-01 00:54:55+00:00,714.8309143518519,210,2222.741666666667,0.8736865390064427
frontier10159,x2609c2s7b0n0,2609,2,7,0,0,1885,33,2024-01-17 02:10:04+00:00,2026-01-01 00:54:55+00:00,714.9478125,209,2208.555,0.8723849189809674
frontier00363,x2002c6s5b0n0,2002,6,5,0,0,1856,33,2024-01-17 05:04:43+00:00,2026-01-01 00:54:55+00:00,714.8265277777778,213,2017.2833333333333,0.8707731795248539
frontier02276,x2105c6s1b1n0,2105,6,1,1,0,1851,33,2024-01-17 04:09:35+00:00,2026-01-01 00:54:55+00:00,714.8648148148148,217,2093.150833333333,0.873130647565499
frontier02148,x2104c6s1b1n0,2104,6,1,1,0,1851,33,2024-01-17 04:09:35+00:00,2026-01-01 00:54:55+00:00,714.8648148148148,210,2021.746111111111,0.8676618975654989
frontier02277,x2105c6s2b0n0,2105,6,2,0,0,1832,33,2024-01-17 04:34:27+00:00,2026-01-01 00:54:55+00:00,714.8475462962963,215,2121.2452777777776,0.8684764387317855
frontier10239,x2609c7s7b0n0,2609,7,7,0,0,1718,34,2024-01-17 04:37:57+00:00,2026-01-01 02:19:19+00:00,714.9037268518518,222,2404.306666666667,0.8798499711983323
frontier10234,x2609c7s4b1n0,2609,7,4,1,0,1700,34,2024-01-17 03:51:58+00:00,2026-01-01 00:33:53+00:00,714.8624421296296,212,2325.303888888889,0.8688589757099161
